experiment_num,initial_value,final_value,iterations,runtime,success,distance_to_minimum,f_error,initial_gradient_norm,final_gradient_norm,mean_gradient_norm,mean_cosine_similarity,mean_gradient_angle,std_gradient_norm,std_cosine_similarity,std_gradient_angle
0,6.461936181435842,5.381864199975734,1000,0.21212482452392578,False,2.196571427080521,5.381864199975734,8.253265852886832,0.0011405317121856687,0.028893905500333928,0.40463799272135786,60.043051386122706,0.3549115728157927,0.6372584853513116,48.18019532398319
1,9.597865834459114,7.180952101328904,1000,0.16106033325195312,False,3.127882508104168,7.180952101328904,3.5897533908944133,0.006846887503531844,0.08165193031521657,0.3608066306430048,62.927825149966765,0.4885271268539087,0.6514476771725076,48.53878049249183
