experiment_num,initial_value,final_value,iterations,runtime,success,distance_to_minimum,f_error,initial_gradient_norm,final_gradient_norm,mean_gradient_norm,mean_cosine_similarity,mean_gradient_angle,std_gradient_norm,std_cosine_similarity,std_gradient_angle
0,6.461936181435842,5.381864187569324,24,0.01599740982055664,True,2.19655694214215,5.381864187569324,8.253265852886832,9.131619834362901e-05,0.7953899171856145,0.8870232462681079,10.280666543549827,2.2284026328552944,0.40163453442976077,33.52914363584125
1,9.597865834459114,7.180951647800896,29,0.025815963745117188,True,3.127788402583299,7.180951647800896,3.5897533908944133,9.483726918964128e-05,0.7908342432296904,0.9869094643486713,3.004880065370115,1.3775866561781822,0.05207905811786591,8.962194453923038
