experiment_num,initial_value,final_value,iterations,runtime,success,distance_to_minimum,f_error,initial_gradient_norm,final_gradient_norm,mean_gradient_norm,std_gradient_norm,mean_cosine_similarity,std_cosine_similarity,mean_gradient_angle,std_gradient_angle,mean_best_so_far,std_best_so_far,mean_distance_to_minimum,std_distance_to_minimum,mean_improvement,std_improvement,mean_relative_improvement,std_relative_improvement,mean_step_size,std_step_size
0,48.27266753637792,50.45628427557486,1000,0.14005589485168457,False,7.011862176250541,50.45628427557486,69.02501959750252,35.889814282283865,37.23142249967304,4.209564861860236,-0.9416978902470836,0.1708469736188943,173.8725328735964,17.07826612216969,2.6098430899223604,1.3005946607393573,6.933601953421853,0.10966459748330062,-2.086931913866654,6.650143100882174,94.5935386977411,2.6942672263952256,0.22839480016578823,0.1243787968553105
1,31.299376790630216,12.35563786170028,1000,0.14107608795166016,False,3.047815734194114,12.35563786170028,71.852351183807,41.864163730854884,44.462856691463806,6.495446654130103,-0.8709295029082524,0.2993980870072682,167.7358987341697,27.693005707341015,11.295409320825343,1.5721683104071449,3.4277399117118876,0.6525225759519684,-0.8678815404571506,1.7546831147015243,63.911711736679905,5.023001962383455,0.30811771481163075,0.20332642076895677
