experiment_num,initial_value,final_value,iterations,runtime,success,distance_to_minimum,f_error,initial_gradient_norm,final_gradient_norm,mean_gradient_norm,mean_cosine_similarity,mean_gradient_angle,std_gradient_norm,std_cosine_similarity,std_gradient_angle
0,44.466849227435205,12.934432432041097,75,0.012935876846313477,True,3.587354771245693,12.934432432041097,66.9683345457935,5.87826329834231e-08,27.148055478731816,0.9995915711282163,0.8307533475398586,29.981584419621175,0.0013294742693600336,1.4119333170048016
1,25.302386846026153,19.899074983015616,39,0.007103919982910156,True,4.4495427039270306,19.899074983015616,61.22585032617443,7.40247720898425e-08,8.148020308817856,0.9995686405175769,0.7415050451156399,14.342226736959999,0.0011786429148011811,1.5113025821973685
