experiment_num,initial_value,final_value,iterations,runtime,success,distance_to_minimum,f_error,initial_gradient_norm,final_gradient_norm,mean_gradient_norm,mean_cosine_similarity,mean_gradient_angle,std_gradient_norm,std_cosine_similarity,std_gradient_angle
0,15.834855874024363,1.173133227203804e-06,1000,0.12919092178344727,False,0.001083112749072692,1.173133227203804e-06,7.958606881615491,0.002166225498145384,0.3985586490867254,0.9753180377811748,5.924344293764949,1.1996031842569523,0.13388307250220477,13.246160961696386
1,6.849658800564728,1.707415548659217e-07,1000,0.13475418090820312,False,0.00041320885138864305,1.707415548659217e-07,5.234370564094494,0.0008264177027772861,0.2618509126941619,0.9557653558085973,8.64750002078422,0.7890754550837347,0.17525741207290602,16.891313459546673
