experiment_num,initial_value,final_value,iterations,runtime,success,distance_to_minimum,f_error,initial_gradient_norm,final_gradient_norm,mean_gradient_norm,std_gradient_norm,mean_cosine_similarity,std_cosine_similarity,mean_gradient_angle,std_gradient_angle,mean_best_so_far,std_best_so_far,mean_distance_to_minimum,std_distance_to_minimum,mean_improvement,std_improvement,mean_relative_improvement,std_relative_improvement,mean_step_size,std_step_size
0,7.437863556980622,3.57445187725768,75,0.019407033920288086,True,1.3696342430434627,3.57445187725768,2.4088798977480006,2.171073411515447e-07,2.9899414822971697,2.974887215455445,0.9998685090662275,0.00011652324567231747,0.7252175221515018,0.5717537027746452,4.415360246551763,1.229853753885948,1.5208402954196942,0.2019403781641421,0.9412365049597846,1.0523514239336347,40.63671358413348,16.53504053232732,0.009489808445060843,0.009568176442837488
1,8.157699644002532,7.180951647715364,43,0.010694026947021484,True,3.127787573816384,7.180951647715364,3.8864936149504694,7.420660058668246e-08,1.3087064667644823,1.59836681203756,0.9986295402462381,0.003717032372369334,1.2186615121622464,2.6044959612833707,7.296485324713593,0.22263705606783019,3.0883375917762934,0.05700591574436784,0.2880735670844989,0.4499719147090348,10.557073156304506,2.729164663858532,0.006592391362518575,0.00854516391046697
