method,dimension,iteration,x,f_val,dist_to_min,step_size,grad_norm,grad_cosine_sim,rel_improvement_f,rel_improvement_dist,rel_improvement_grad
NewtonRaphson,512,0,,1445.8032669253378,2.336116706504052,,1418.2765829689758,,,,
NewtonRaphson,512,1,,2.1080057438493784e-30,8.933089034464066e-17,2.336116706504052,5.459841458102261e-14,0.022713356679677082,1.0,1.0,1.0
