method,dimension,iteration,x,f_val,dist_to_min,step_size,grad_norm,grad_cosine_sim,rel_improvement_f,rel_improvement_dist,rel_improvement_grad
NewtonRaphson,512,0,,1963.8943290601228,2.790420337081431,,1625.3656102366187,,,,
NewtonRaphson,512,1,,3.3235253951985206e-30,1.381884466532212e-16,2.790420337081431,5.960128653860041e-14,0.056894305751863175,1.0,1.0,1.0
