method,dimension,iteration,x,f_val,dist_to_min,step_size,grad_norm,grad_cosine_sim,rel_improvement_f,rel_improvement_dist,rel_improvement_grad
NewtonRaphson,512,0,,3022.727563676787,3.42292599460513,,2019.6918950642616,,,,
NewtonRaphson,512,1,,3.880402396245206e-30,1.3057035554804135e-16,3.42292599460513,6.955190345728167e-14,-0.03854081145979781,1.0,1.0,1.0
