method,dimension,iteration,x,f_val,dist_to_min,step_size,grad_norm,grad_cosine_sim,rel_improvement_f,rel_improvement_dist,rel_improvement_grad
NewtonRaphson,512,0,,2617.7436316862913,3.2468833460873188,,1872.0037723750422,,,,
NewtonRaphson,512,1,,3.427180028611233e-30,1.2199317388133674e-16,3.2468833460873188,6.80828931348393e-14,-0.09357622733125294,1.0,1.0,1.0
