experiment_num,initial_value,final_value,iterations,runtime,success,distance_to_minimum,f_error,initial_gradient_norm,final_gradient_norm,mean_gradient_norm,mean_cosine_similarity,mean_gradient_angle,std_gradient_norm,std_cosine_similarity,std_gradient_angle
0,836.2305143861931,830.0751967590627,46,0.024549484252929688,True,587.9305165655462,830.0751967590627,1.0122438696219087,8.820093934443239e-05,0.21842317111506343,0.9837733417365593,4.703361619425637,0.30812048873588943,0.038022764780637215,9.29253733006787
1,838.3804435465119,834.0204983907857,400,0.1977849006652832,False,591.6467679581613,834.0204983907857,1.479790172644479,0.0002698216847081751,0.013628577399204098,0.9945421474466576,4.030258566574696,0.10718945713164578,0.020056654181621017,4.4837297840193955
