method,dimension,iteration,x,f_val,dist_to_min,step_size,grad_norm,grad_cosine_sim,rel_improvement_f,rel_improvement_dist,rel_improvement_grad
NewtonRaphson,8,0,"[1.1095453866151392, 0.10269507725013356, 0.15150354356056323, -0.04379267300093684, -1.1287136376847233, -0.015596738458858518, 0.03543031020009095, 1.4489976413619272]",36.38531274840257,2.1544362537493797,,95.84878239697436,,,,
NewtonRaphson,8,1,"[0.9722673740035165, -0.016999372434754217, -0.07134079768808302, 0.0011337657113274502, -0.9549454720478583, 4.9866199408521786e-05, -0.0005940334924056101, 1.5098801206985837]",25.717761600481865,2.0352746273862485,0.3468351490386485,33.471486883218915,-0.8787707048185224,0.2931828900766847,0.05530988728756928,0.6507886063216646
NewtonRaphson,8,2,"[0.9951650478793199, 6.461249096983979e-05, 0.005167036326014993, -1.9081942819691028e-08, -0.9959885020560723, -1.6235388955541247e-12, 2.744600100575839e-09, 1.5076398218730527]",24.256892864351215,2.0628502378226896,0.0914337016680716,2.0919008379521182,-0.9055346810443786,0.05680388358928087,-0.013548840075628702,0.9375020044597749
NewtonRaphson,8,3,"[0.9949586417568045, -3.531777653534643e-12, -1.8069677602617143e-06, 8.933550615572699e-23, -0.9949587283810212, -2.0194839173657902e-28, -4.1359030627651384e-25, 1.5076407318702327]",24.251376999641913,2.0622478382545584,0.005274860558133999,0.0007178803706098756,-0.9687836257233556,0.00022739370372569975,0.00029202292880314205,0.9996568286806019
NewtonRaphson,8,4,"[0.9949586376523347, -4.0389678347315804e-28, 7.724898127311856e-17, 1.1754943508222875e-38, -0.9949586376523357, -2.2420775429197073e-44, -4.591774807899561e-41, 1.5076407318703584]",24.251376998992498,2.0622477925003513,1.8092487468430246e-06,3.7505372811874615e-13,-0.03200892827602689,2.677846887672596e-11,2.2186570518346895e-08,0.999999999477554
