method,dimension,iteration,x,f_val,dist_to_min,step_size,grad_norm,grad_cosine_sim,rel_improvement_f,rel_improvement_dist,rel_improvement_grad
NewtonRaphson,8,0,"[0.48810360640020123, -0.5611344749850627, 0.8655895185587673, -0.8650074904593347, 0.3621181988871873, 1.3516132876985782, -0.6112071129035964, -0.34943211225363696]",116.43459167224319,2.122325424663675,,118.4739269932725,,,,
NewtonRaphson,8,1,"[0.5025754113052829, -0.49953410137324655, 1.0368631778330193, -1.037568218767421, 0.5537038332746271, 1.5794926718988116, -0.4806770381297979, -0.5751233512317467]",123.60733385011804,2.452947561671054,0.4687479229828958,49.93305608376262,-0.9594122807581159,-0.061603189179945055,-0.15578296012722598,0.5785312654775252
NewtonRaphson,8,2,"[0.5025460365107494, -0.5025459397114935, 0.9941517277384601, -0.9941064988205899, 0.5005518210424931, 1.5013202220785806, -0.5026608994389399, -0.49669965781282116]",125.49267853816501,2.3421322323393783,0.1388952672545676,3.5017605516432977,-0.8953374349238001,-0.015252692775762593,0.04517639555905696,0.9298708946280175
NewtonRaphson,8,3,"[0.5025460365546747, -0.5025460365546741, 0.9949587090308742, -0.9949587176878173, 0.5025459405683399, 1.5076380159181535, -0.5025460358681276, -0.5025469532325714]",125.50774195233154,2.3485360308256817,0.008914739752891471,0.0011261572378144494,0.4633312629413278,-0.00012003420711075552,-0.002734174611442493,0.9996784025574547
NewtonRaphson,8,4,"[0.5025460365546747, -0.5025460365546747, 0.9949586376523353, -0.9949586376523355, 0.5025460365546741, 1.5076407318692395, -0.5025460365546747, -0.5025460365546321]",125.50774195394305,2.3485375347124466,2.8700876585632995e-06,4.3924757217457603e-10,0.9333822716052754,-1.2839932418798252e-11,-6.403507313314746e-07,0.9999996099589317
