method,dimension,iteration,x,f_val,dist_to_min,step_size,grad_norm,grad_cosine_sim,rel_improvement_f,rel_improvement_dist,rel_improvement_grad
NewtonRaphson,8,0,"[1.2370240779809587, -0.28353847125631465, -2.5786527498225738, 0.3355599704732991, -0.3841175000066394, -0.2808038098624224, 0.4398825098554035, -0.16127496267166933]",117.41241207795512,2.9696087960612942,,144.27775697530626,,,,
NewtonRaphson,8,1,"[-0.6691248924608026, -1.0530920622638635, -2.507331551927359, 0.6085486228423131, -0.5296020260758696, -1.122383180546172, 0.5057890487760223, 0.09311894616066432]",107.48561471986551,3.1651998295463124,2.2591386990952533,91.1107182891896,0.24718016906143087,0.08454640512366605,-0.06586424236904134,0.36850474945501416
NewtonRaphson,8,2,"[-0.38738989351645614, -0.9926167953279098, -2.512738007459031, 0.4824591408105659, -0.5022429033754819, -0.9615988446009744, 0.5025450536896783, -0.012240216355762654]",106.94620156140593,3.0185426573861682,0.3696902158458513,44.603965995821106,-0.8179013380866536,0.0050184683770514524,0.04633425377795672,0.5104421649465426
NewtonRaphson,8,3,"[-0.5270248721516521, -0.9949593493618479, -2.512743318192941, 0.5026332822028926, -0.5025460322812311, -0.9955688994762959, 0.5025460365546258, 2.4067634938059607e-05]",109.15958793635183,3.0545836033496294,0.1456532869698156,9.566874798923838,-0.9408242791818806,-0.020696259826255028,-0.011939849806419482,0.7855151535219951
NewtonRaphson,8,4,"[-0.5023191457591377, -0.994958637652385, -2.5127433182000853, 0.5025460361613621, -0.5025460365546747, -0.9949586715584743, 0.5025460365546747, -1.8253414323663245e-13]",109.27684114673082,3.050204339430226,0.024713427247608537,0.08910864509107652,-0.9996691835098322,-0.0010741448607094217,0.0014336696872860482,0.9906857101233204
NewtonRaphson,8,5,"[-0.5025460341086317, -0.9949586376523348, -2.5127433182000853, 0.5025460365546747, -0.5025460365546747, -0.9949586376523349, 0.5025460365546747, 0.0]",109.27685125565927,3.0502417014731646,0.00022688835202782894,9.606433761799636e-07,0.999999988618401,-9.250750976876704e-08,-1.2249029501269919e-05,0.9999892194143991
