method,dimension,iteration,x,f_val,dist_to_min,step_size,grad_norm,grad_cosine_sim,rel_improvement_f,rel_improvement_dist,rel_improvement_grad
NewtonRaphson,8,0,"[1.2169666991542056, -0.6598148192721784, -1.4639371345888788, -1.0736680198340611, 0.8656143350312776, -0.018799203874879038, 1.954509029182933, -2.9288273599418972]",67.28078153538495,4.284858845983606,,103.47445730018273,,,,
NewtonRaphson,8,1,"[0.4501323590438048, -0.41357360299964013, -1.508472614102472, -0.9886476730937425, 1.036833348009607, 8.747371298593876e-05, 1.9907688713241753, -2.9883669868181224]",75.99106993384201,4.19465105353252,0.8321141210047646,42.41979809482558,-0.2932244559024589,-0.12946176009974067,0.02105268707641127,0.5900457059488181
NewtonRaphson,8,2,"[0.5043846578623623, -0.5126667645404502, -1.5076406192409877, -0.9949658860715774, 0.9941536045228897, -8.763480243670525e-12, 1.9899123710123887, -2.9848588061354384]",77.66772013367209,4.199719415870676,0.12098755184796657,4.0477561920717315,-0.8857124696080967,-0.022063779353149963,-0.0012082917681286592,0.9045786077759412
NewtonRaphson,8,3,"[0.5025457835139985, -0.5025271037725497, -1.5076407318703564, -0.9949586376575336, 0.9949587086832664, -1.6155871338926322e-27, 1.9899122337085533, -2.9848557010423575]",77.68835534261447,4.198459968546842,0.010336461400250773,0.007436265383071721,-0.9833848972696263,-0.00026568578177478975,0.0002998884447076781,0.9981628672701096
NewtonRaphson,8,4,"[0.5025460365546714, -0.5025460365366566, -1.5076407318703584, -0.9949586376523349, 0.9949586376523354, -1.793662034335766e-43, 1.9899122337085495, -2.9848557010394816]",77.68835541301382,4.198462248164073,1.893458823696725e-05,7.0762878955794665e-09,0.999906010864654,-9.061763737324091e-10,-5.42965098857346e-07,0.9999990484083702
