method,dimension,iteration,x,f_val,dist_to_min,step_size,grad_norm,grad_cosine_sim,rel_improvement_f,rel_improvement_dist,rel_improvement_grad
NewtonRaphson,8,0,"[1.030650755170382, 0.021673493494547967, -0.6096036692300458, -1.7053934606246317, -0.9002993261853588, 0.8483442534718583, -0.242010477513265, -0.4869250962198074]",72.50308860837809,2.483663861760873,,112.83537308311698,,,,
NewtonRaphson,8,1,"[0.9944823591014158, -0.0001342901012362195, -0.481766521582221, -1.1739809174471065, -1.0091646839898862, 1.0629692563262447, 2.6574657987365216, -0.5025842311360653]",73.68576210329313,3.473090516613881,2.960683840379872,80.00229990031218,-0.2380194702356532,-0.016312042943483273,-0.3983738178448683,0.2909820944059736
NewtonRaphson,8,2,"[0.9949586615364345, 3.170852214693168e-11, -0.5026434164512066, -0.8570594970603416, -0.9949410584790981, 0.9910536041417952, 2.4377759865434956, -0.5025460364802419]",73.18236224967778,3.185049977512049,0.39308149782101076,55.52116262576968,-0.93636678483979,0.006831711300070157,0.0829349358227092,0.30600541865730746
NewtonRaphson,8,3,"[0.9949586376523349, 6.462348535570529e-27, -0.5025460360634112, -1.0483244814107355, -0.9949586376830134, 0.994960929865799, 2.517169937579004, -0.5025460365546747]",71.32184617193882,3.303038961849357,0.20712549501659025,20.95421653288743,-0.8942345226164162,0.02542301205571095,-0.03704462572655557,0.6225904584504918
NewtonRaphson,8,4,"[0.9949586376523348, 7.174648137343064e-43, -0.5025460365546747, -0.9931853403796108, -0.9949586376523348, 0.9949586376528551, 2.5127371910808307, -0.5025460365546747]",70.76484685014441,3.2825597361536896,0.05531703282372954,0.703131215310492,-0.9968583309052684,0.007809659335677091,0.006200116296600139,0.9664444044373153
NewtonRaphson,8,5,"[0.9949586376523348, 7.965459555662261e-59, -0.5025460365546747, -0.9949590222628929, -0.9949586376523348, 0.9949586376523348, 2.512743318190576, -0.5025460365546747]",70.76422338789496,3.2831015136185346,0.0017736924661724527,0.00015253122164607215,-0.9999940964827008,8.810338426515517e-06,-0.00016504725226414168,0.9997830686245686
NewtonRaphson,8,6,"[0.9949586376523348, 8.843436600416711e-75, -0.5025460365546747, -0.9949586376523495, -0.9949586376523348, 0.9949586376523348, 2.512743318200085, -0.5025460365546747]",70.76422338786563,3.2831013970678375,3.846105435310887e-07,5.810425088396005e-12,0.999968467137297,4.1449199507776097e-13,3.550018073155114e-08,0.9999999619066509
