method,dimension,iteration,x,f_val,dist_to_min,step_size,grad_norm,grad_cosine_sim,rel_improvement_f,rel_improvement_dist,rel_improvement_grad
NewtonRaphson,8,0,"[-1.5435874053565177, -2.4219487719940993, 1.1835215201448102, -0.8231897302977821, -2.059999547961257, -1.347031345909628, -1.7293941597133407, 0.20563447047164443]",104.3395739288796,4.406590942260589,,137.05873805726225,,,,
NewtonRaphson,8,1,"[-1.506805612657706, -2.521404263674877, 0.8147382039510248, -1.1316161462832715, -1.9861642002571263, -1.5889678416636985, -0.5276991598738758, -0.344109759561934]",120.55096026112749,4.175983838678348,1.4327061112185135,96.48325581521915,-0.7891551551825366,-0.15537140628250945,0.05233231461778016,0.29604447565459796
NewtonRaphson,8,2,"[-1.5076406337937192, -2.512715573015215, 1.1692181267869313, -0.951527452330382, -1.9899157156457021, -1.4983606454483367, -0.5023006202743795, -0.5864701410573148]",121.79508961884432,4.2024156946649756,0.47515420885769083,67.51243582855794,-0.8900142630543388,-0.010320360410418132,-0.0063294919251874505,0.30026785209389034
NewtonRaphson,8,3,"[-1.507640731870357, -2.5127433180053274, 0.873946415749596, -0.9962658913538793, -1.9899122337109543, -1.5076382477612116, -0.5025460337076517, -0.49327019417391416]",120.0052165840935,4.131800988297039,0.31298446651326095,43.13128994807955,-0.8870672931381318,0.01469577337109558,0.016803360614130316,0.3611356275515259
NewtonRaphson,8,4,"[-1.5076407318703586, -2.512743318200085, 1.0278096343182694, -0.9949587776255006, -1.9899122337085497, -1.5076407318694225, -0.5025460365546747, -0.5025522510261693]",117.49075805586543,4.167857690858488,0.15414848413198748,12.978641458375215,-0.9963707514073223,0.0209529102134162,-0.008726630993016545,0.6990898840725931
NewtonRaphson,8,5,"[-1.5076407318703584, -2.512743318200085, 0.9945968783818472, -0.9949586376523367, -1.9899122337085497, -1.5076407318703584, -0.5025460365546747, -0.5025460365527206]",117.27708018378226,4.159791041945361,0.03321275651811551,0.14346344850922654,-0.9999999823104887,0.0018186781294028751,0.001935442501028768,0.9889461890931082
NewtonRaphson,8,6,"[-1.5076407318703584, -2.512743318200085, 0.9949586512350352, -0.9949586376523348, -1.9899122337085497, -1.5076407318703584, -0.5025460365546747, -0.5025460365546747]",117.277054233845,4.159877555870048,0.0003617728531880582,5.386710683508156e-06,-1.0,2.2127032163982094e-07,-2.0797661183945994e-05,0.9999624523825442
