method,dimension,iteration,x,f_val,dist_to_min,step_size,grad_norm,grad_cosine_sim,rel_improvement_f,rel_improvement_dist
NewtonRaphson,2048,0,,2316.3885833310023,2.140555725582762,,2493.204764116376,,,
NewtonRaphson,2048,1,,65.1756274374969,0.7857298604985441,2.3441465161262154,270.3495421296363,-0.23141684268907567,0.9718632582173352,0.6329318358275252
NewtonRaphson,2048,2,,0.36190642452392985,0.38874899976876587,0.6174201080753311,17.36383099851891,0.9104992453623354,0.9944472122670244,0.5052383531381824
NewtonRaphson,2048,3,,0.04483619706992166,0.020652074871578312,0.3724337107623665,8.721387054792137,0.05790091569533328,0.8761110772518022,0.9468755549625529
NewtonRaphson,2048,4,,0.00017443942360052258,0.02653875853894218,0.015130876429059845,0.030685034504146773,0.8975582751840874,0.99610940635022,-0.2850407866507016
NewtonRaphson,2048,5,,1.8257780566814367e-06,0.0001223974970142851,0.02663423878914836,0.05417994926209224,0.8975476030995713,0.9895334551158426,0.9953879720170526
NewtonRaphson,2048,6,,3.288312819492397e-14,3.6230044178144583e-07,0.00012267922481807295,4.290079745420645e-07,0.6397009111242717,0.9999999819895261,0.9970399685400498
NewtonRaphson,2048,7,,5.941872408409612e-25,1.432185378041957e-12,3.622990096624963e-07,1.1332419209259462e-11,0.6841749608821256,0.9999999999819302,0.9999960469676189
