method,dimension,iteration,x,f_val,dist_to_min,step_size,grad_norm,grad_cosine_sim,rel_improvement_f,rel_improvement_dist,rel_improvement_grad
NewtonRaphson,8,0,"[421.2685633426619, 422.2448660045861, 420.9389738061058, 422.26694289381436, 418.79500028738397, 421.6506630027249, 421.040926182203, 420.72060250732295]",1.0925917786212267,2.943067943228166,,0.7422061482339689,,,,
NewtonRaphson,8,1,"[420.9687911482687, 420.96926719940654, 420.9687469723236, 420.96929241047263, 420.97354963674195, 420.9689478233157, 420.9687493787839, 420.9687850890825]",0.00010480919445399195,0.004926789124948659,2.9460848319279616,0.0012282044956375589,-0.6223226235348599,0.9999040728692044,0.9983259682684917,0.9983451976266163
NewtonRaphson,8,2,"[420.96874635946625, 420.96874636199897, 420.96874635998375, 420.96874636206456, 420.9687463451674, 420.9687463606398, 420.9687463599908, 420.9687463600985]",0.00010182053028984228,0.00013112213817433936,0.004866739471975411,3.815597886967992e-09,-0.9358025795974333,0.028515286084577252,0.9733858838182554,0.9999968933529388
