method,dimension,iteration,x,f_val,dist_to_min,step_size,grad_norm,grad_cosine_sim,rel_improvement_f,rel_improvement_dist,rel_improvement_grad
NewtonRaphson,8,0,"[420.0266042530823, 421.81999103493007, 422.40357767391015, 422.2647947332364, 419.8007319637868, 420.5383584480161, 421.4297307682327, 422.3263998749825]",1.1303920609211673,2.9926940745565376,,0.7554143049227589,,,,
NewtonRaphson,8,1,"[420.9694372535471, 420.9690458103508, 420.96933643346597, 420.96926938512894, 420.9698593028784, 420.9688686794942, 420.96885412664386, 420.96929805561876]",0.00010216858663625317,0.001773763246327815,2.9924582080090345,0.0004191371512357912,0.11618245612679422,0.999909616680647,0.9994073021825357,0.9994451559250276
NewtonRaphson,8,2,"[420.96874635286343, 420.9687463609822, 420.9687463537548, 420.96874636196065, 420.96874636533136, 420.9687463603601, 420.96874636031123, 420.96874636208423]",0.00010182053028984228,0.00013112505040334095,0.0016608227695169423,2.8513529425470818e-09,-0.0033720801347308744,0.003406686515592673,0.9260752241457216,0.9999931970885088
