method,dimension,iteration,x,f_val,dist_to_min,step_size,grad_norm,grad_cosine_sim,rel_improvement_f,rel_improvement_dist,rel_improvement_grad
NewtonRaphson,8,0,"[421.3800729431223, 420.85419109753224, 421.50510819076686, 422.23005579325746, 420.7747768707354, 420.774790467747, 422.2765858731795, 421.60428060762314]",0.536635757512613,2.0617534828865365,,0.5205600500884994,,,,
NewtonRaphson,8,1,"[420.96882811682013, 420.96875446056333, 420.96888020478406, 420.96927431674015, 420.9687684423963, 420.96877124216275, 420.9692931250642, 420.9689270262874]",0.00010190079592575785,0.0008915107621733999,2.060899616453691,0.00020127789145926676,0.9677380766911768,0.9998101118039578,0.9995675958500504,0.9996133435682875
NewtonRaphson,8,2,"[420.9687463602366, 420.9687463600055, 420.96874636038893, 420.9687463543596, 420.96874635972705, 420.96874636005487, 420.96874636206707, 420.96874635793523]",0.00010182053028984228,0.0001311240342486968,0.0007975625038013139,1.6050640812350743e-09,-0.4192151623826558,0.0007876840920265785,0.8529192918220846,0.9999920256314809
