method,dimension,iteration,x,f_val,dist_to_min,step_size,grad_norm,grad_cosine_sim,rel_improvement_f,rel_improvement_dist
NewtonRaphson,8,0,"[-1.6115690972197023, 2.5436983649579603, 0.7813717522870971, -1.7063587958375706, -2.7426761991542032, -0.4342828987787106, -1.4327470300924616, -0.014841274382877943]",22.35361716765044,4.727961206233659,,9.455922412467318,,,
NewtonRaphson,8,1,"[0.0, 0.0, 0.0, 0.0, 0.0, 0.0, 0.0, 0.0]",0.0,0.0,4.727961206233659,0.0,,1.0,1.0
