method,dimension,iteration,x,f_val,dist_to_min,step_size,grad_norm,grad_cosine_sim,rel_improvement_f,rel_improvement_dist
NewtonRaphson,8,0,"[-0.39717454650168105, -0.3590840621897334, -0.3906803250477831, -0.6318402441317152, -1.7863264401823573, 0.6498138344447586, 0.5582430905502885, -1.0419479109767542]",5.849053162257696,2.4184815819554415,,4.836963163910883,,,
NewtonRaphson,8,1,"[0.0, 0.0, 0.0, 0.0, 0.0, 0.0, 0.0, 0.0]",0.0,0.0,2.4184815819554415,0.0,,1.0,1.0
