method,dimension,iteration,x,f_val,dist_to_min,step_size,grad_norm,grad_cosine_sim,rel_improvement_f,rel_improvement_dist,rel_improvement_grad
NewtonRaphson,2,0,"[1.1421489410047003, -2.131794774084991]",6.593020012610101,2.4184815819547265,,8.392878700283974,,,,
NewtonRaphson,2,1,"[-1.1636218654951092, -0.018380032081024122]",3.625895399621673,1.1637670176790615,3.1277948915852005,8.162071779021003,-0.5959846961725689,0.4500402861379723,0.5188026130269505,0.027500328493388293
NewtonRaphson,2,2,"[0.23105560299261674, 0.06784248091437746]",1.7149027775236303,0.2408096632008346,1.397340174350746,8.375959998855649,-0.966412052372546,0.5270401960016377,0.7930774291222918,-0.026205138306232858
NewtonRaphson,2,3,"[0.8278856357367088, 0.14739316701570715]",3.2524117123081813,0.8409039014905892,0.6021082956117664,5.243969153883732,-0.08734174062319322,-0.896557492900419,-2.491985704864666,0.3739261941795113
NewtonRaphson,2,4,"[-0.007775776656358424, 0.5293942710977853]",3.1531680981583077,0.5294513735686828,0.9188334123673902,2.0517069725136152,0.938606601250868,0.030513853388949363,0.37037826482886405,0.6087492293897072
NewtonRaphson,2,5,"[5.7373813380967933e-05, 0.630193944751665]",3.252252316034561,0.6301939473633645,0.10110357290922135,0.09839633749024838,-0.9969265354722368,-0.03142370301606382,-0.19027729235197272,0.9520417199880645
NewtonRaphson,2,6,"[4.2630013122428183e-07, 0.6257881896590336]",3.25246924447756,0.6257881896591788,0.004406123120784639,0.0001689105033460447,0.9986277505676546,-6.670098809043793e-05,0.006991113962009218,0.9982833659498477
NewtonRaphson,2,7,"[5.259875494649459e-12, 0.6257806168802591]",3.2524692451131796,0.6257806168802591,7.584768004683119e-06,5.482664984836447e-10,0.9812342043152427,-1.9542676938978256e-10,1.2101185424803382e-05,0.9999967541006177
