method,dimension,iteration,x,f_val,dist_to_min,step_size,grad_norm,grad_cosine_sim,rel_improvement_f,rel_improvement_dist,rel_improvement_grad
NewtonRaphson,2,0,"[1.6400384901140523, -2.434189971760013]",9.052649007619014,2.935133228266239,,2.130678266636318,,,,
NewtonRaphson,2,1,"[1.6603487599172144, -2.6722085031337235]",9.295240325489866,3.1460222962939737,0.2388835036932758,0.6663909718242942,-0.17730925587456767,-0.026797826544106517,-0.07184991331800822,0.6872399825637122
NewtonRaphson,2,2,"[1.5874605327555826, -2.692863150756899]",9.316576027663896,3.1259467192773793,0.07575822151557669,0.0511795543081683,-0.28414482650492684,-0.0022953362610240295,0.006381257068725627,0.9231989080403347
NewtonRaphson,2,3,"[1.5918042121158187, -2.686100502138327]",9.3167808285572,3.1223351129078756,0.008037472657671258,0.0006591627672928263,-0.265432255151641,-2.1982420654932657e-05,0.0011553640205162038,0.9871205840651953
NewtonRaphson,2,4,"[1.5918387188109846, -2.6861408844782275]",9.316780845982464,3.122387445204594,5.311727955297175e-05,6.822218357107183e-08,-0.944351814642953,-1.8703096173778824e-09,-1.6760627807681745e-05,0.9998965017641223
