method,dimension,iteration,x,f_val,dist_to_min,step_size,grad_norm,grad_cosine_sim,rel_improvement_f,rel_improvement_dist,rel_improvement_grad
NewtonRaphson,2,0,"[-1.2271875758997899, 1.9369911198337257]",6.553740961111906,2.293016342017107,,6.400499017609384,,,,
NewtonRaphson,2,1,"[-1.7513941413978333, 1.8408301173150212]",7.4395942886717545,2.5408732670750602,0.5329535267888345,3.4471047528724723,-0.7720014941182369,-0.1351675833415233,-0.10809208836249293,0.46143187532899865
NewtonRaphson,2,2,"[-1.5585369530323305, 1.808955667211837]",7.698199045613716,2.3877516704852546,0.1954734653952485,0.8192336857898735,0.02803004069677866,-0.03476059942351133,0.06026337423986217,0.7623415171508188
NewtonRaphson,2,3,"[-2.278765176747659, -1.4522732756029986]",8.503500877715314,2.7021969576232694,3.3398118078253014,3.723733581576643,0.8631538321434425,-0.10460912056573071,-0.13169095053930427,-3.5453863118267197
NewtonRaphson,2,4,"[-2.717630483056391, -1.5130651501406165]",9.286863429171351,3.1104471689786597,0.44305576295908244,0.7511672611063718,0.29782017827673807,-0.09212235792307077,-0.15108084930806406,0.7982757776166348
NewtonRaphson,2,5,"[-2.6967044760014747, -1.5858912810716546]",9.316307296467283,3.128460673600594,0.07577297089099194,0.0786222092941001,0.4897097909930393,-0.0031704856564859427,-0.005791290976290452,0.8953332854545606
NewtonRaphson,2,6,"[-2.686018336563882, -1.5917796867472518]",9.316780740617187,3.1222519237721005,0.012201102305942745,0.0015849610139182023,-0.5039292181147846,-5.081886361599953e-05,0.0019846021658145897,0.9798407978082965
NewtonRaphson,2,7,"[-2.6861408782868494, -1.5918387492764754]",9.31678084598246,3.122387455410001,0.0001360325557583386,3.5941581887486073e-07,-0.7516488790884689,-1.1309193247389612e-08,-4.340829670683566e-05,0.9997732336532452
