method,dimension,iteration,x,f_val,dist_to_min,step_size,grad_norm,grad_cosine_sim,rel_improvement_f,rel_improvement_dist,rel_improvement_grad
NewtonRaphson,2,0,"[2.34711580849378, 1.0083855291352357]",7.545335350563997,2.5545633665757363,,5.091662769422108,,,,
NewtonRaphson,2,1,"[2.5723269632944312, 0.9772085718718289]",8.118914037101904,2.751690861821387,0.22735889450568497,0.4074066019968112,0.9389342906448837,-0.07601765327700553,-0.07716680581303811,0.9199855488380957
NewtonRaphson,2,2,"[2.589586909404253, 0.9678558533080008]",8.120940460270848,2.764544323055868,0.01963107445475473,0.004093864051866114,-0.6215059501148678,-0.0002495928839354402,-0.004671113827798647,0.989951404734727
NewtonRaphson,2,3,"[2.5895493406588797, 0.9680482734737809]",8.120940079135135,2.764576504183309,0.00019605338769768178,1.180581981483316e-06,-0.872415163617035,4.6932459987457765e-08,-1.1640662503490371e-05,0.9997116215959969
