method,dimension,iteration,x,f_val,dist_to_min,step_size,grad_norm,grad_cosine_sim,rel_improvement_f,rel_improvement_dist,rel_improvement_grad
NewtonRaphson,2,0,"[-3.745669829846125, 0.7632119444771726]",10.04208428734801,3.822634555697435,,3.3109431216319893,,,,
NewtonRaphson,2,1,"[-2.8053456248004625, 1.6064156213167855]",9.255956179557582,3.2327287580305417,1.2630130843465557,1.0526386302685145,0.9318981256071883,0.07828336083385272,0.15431917152207758,0.6820728742239279
NewtonRaphson,2,2,"[20.01367795515136, 9.05566134195182]",19.190859679818065,21.967073260510425,24.004147536390384,3.001459538878179,-0.40002805383412804,-1.0733524778566261,-5.795210766118624,-1.8513674613219788
NewtonRaphson,2,3,"[19.996725594087266, 8.99232089107276]",19.101555342137623,21.925575693542196,0.06556977400609236,0.36425597231021367,-0.9934406994191542,0.004653482916888731,0.0018890803738897464,0.8786403855884203
NewtonRaphson,2,4,"[19.99783931643555, 8.999039288214576]",19.100316748474835,21.929347583473724,0.006810083525495194,0.0006866784516964315,-0.9998947404774823,6.484255551980697e-05,-0.00017203151170342768,0.9981148464159932
NewtonRaphson,2,5,"[19.997837041443074, 8.99902669254926]",19.100316744080274,21.92934034004048,1.279946778258551e-05,5.919471035237314e-10,0.9660987364939009,2.3007792055418639e-10,3.303077402387636e-07,0.9999991379559063
