method,dimension,iteration,x,f_val,dist_to_min,step_size,grad_norm,grad_cosine_sim,rel_improvement_f,rel_improvement_dist,rel_improvement_grad
NewtonRaphson,2,0,"[-1.821547700392366, -2.8331611779635386]",8.702297457216225,3.3682099526491016,,4.571391119577768,,,,
NewtonRaphson,2,1,"[-1.4991071823411857, -2.520360275098005]",9.138358824073233,2.932496932724572,0.44923523071393956,1.7462284359646363,-0.952187337078899,-0.05010876369152509,0.12936040984673208,0.6180094001394646
NewtonRaphson,2,2,"[-1.6276944673758336, -2.712583708842838]",9.303506015161002,3.1634632377515417,0.23126724444511387,0.6141967144707916,-0.9427319668239329,-0.018071865448391088,-0.07876097071050642,0.6482724128063448
NewtonRaphson,2,3,"[-1.595159637983145, -2.687861811545882]",9.31669394527464,3.125561611713522,0.04086180771298069,0.04679526190088656,0.9972685824342803,-0.0014175226083744004,0.011981054682639124,0.9238106280962336
NewtonRaphson,2,4,"[-1.591858592081692, -2.6861606854373954]",9.316780841058698,3.1224146113502935,0.0037135877639386137,0.0003515280150379952,0.9882820058173556,-9.326890479443611e-06,0.001006859167784273,0.9924879570973971
NewtonRaphson,2,5,"[-1.5918387146543636, -2.6861408837299665]",9.316780845982466,3.1223874424417706,2.805743634568921e-05,1.973879114841092e-08,0.9735613813707502,-5.284838340556575e-10,8.701249483071102e-06,0.9999438485972554
