experiment_num,initial_value,final_value,iterations,runtime,success,distance_to_minimum,f_error,initial_gradient_norm,final_gradient_norm,mean_gradient_norm,mean_cosine_similarity,mean_gradient_angle,std_gradient_norm,std_cosine_similarity,std_gradient_angle
0,33.65443955520471,101.78129830049532,1000,0.13022470474243164,False,9.992113687025288,101.78129830049532,57.519311536440064,30.82334222382525,40.918265663739675,-0.698386892069446,150.99577945605435,18.493837245880673,0.5769601668234687,48.17389414239539
1,36.631173679235,35.10510656884533,1000,0.12385249137878418,False,5.786155344031107,35.10510656884533,72.25287454127857,30.530555413191323,46.755760557917974,-0.7750088711930916,148.8671623877393,12.679112768518632,0.36754554370808157,31.079907205747208
