experiment_num,initial_value,final_value,iterations,runtime,success,distance_to_minimum,f_error,initial_gradient_norm,final_gradient_norm,mean_gradient_norm,mean_cosine_similarity,mean_gradient_angle,std_gradient_norm,std_cosine_similarity,std_gradient_angle
0,44.466849227435205,12.934432792207941,1000,0.13053393363952637,False,3.587390291721082,12.934432792207941,66.9683345457935,0.016868176646230047,27.03535393445303,0.9999985055318327,0.062279309619668634,30.672047555901937,2.812322234668689e-06,0.0770285523156857
1,25.302386846026153,19.899074983015623,698,0.08853554725646973,True,4.449542705851258,19.899074983015623,61.22585032617443,9.208063103116689e-07,8.44448337210054,0.9999988299893601,0.041634964418182055,15.063458418428507,2.4700322322408683e-06,0.07712570666707906
