experiment_num,initial_value,final_value,iterations,runtime,success,distance_to_minimum,f_error,initial_gradient_norm,final_gradient_norm,mean_gradient_norm,mean_cosine_similarity,mean_gradient_angle,std_gradient_norm,std_cosine_similarity,std_gradient_angle
0,5.600107331549907,5.381864187490198,379,0.07537055015563965,True,2.1965563586220056,5.381864187490198,4.691595456571449,7.755009940054163e-07,0.7233063271040766,0.99472054867116,0.5341447555394004,1.21543084187375,0.10258048717716975,9.156207396238694
1,7.1394536440754255,3.574451877311699,1000,0.17431306838989258,False,1.3696353514294815,3.574451877311699,3.2737039316083214,7.42282748801068e-05,2.3494109955649614,0.9999970676614834,0.0825050618434864,2.644625283967225,4.8111382887268826e-06,0.11155961865263331
