method,dimension,iteration,x,f_val,dist_to_min,step_size,grad_norm,grad_cosine_sim,rel_improvement_f,rel_improvement_dist,rel_improvement_grad
NewtonRaphson,2,0,"[0.4135129473956951, -3.2697913936821545]",9.556777276543375,3.295835055924638,,3.867191014817431,,,,
NewtonRaphson,2,1,"[0.38290793843950155, -3.759708681750597]",10.286861545580418,3.7791570304699964,0.490872300829397,1.7671141160899455,-0.015612023201254308,-0.0763944003203881,-0.14664628731238602,0.5430496943856365
NewtonRaphson,2,2,"[0.5102578208411186, -3.7609523634105257]",10.396999523840158,3.7954085054935454,0.1273559550699414,0.34430021538162914,0.5777898531923076,-0.010706664785146135,-0.004300291015302911,0.8051624327785607
NewtonRaphson,2,3,"[0.5206690783095947, -3.7003258269977977]",10.405642723157918,3.7367776914147166,0.061513991900044536,0.09142025471254207,-0.8784080700245407,-0.0008313166984321859,0.015447827024143887,0.7344751741987439
NewtonRaphson,2,4,"[0.5218627735846495, -3.711292995466032]",10.406148098304431,3.7478042174917165,0.011031939658116491,0.001373893677677499,0.780394344032355,-4.8567412889226624e-05,-0.0029508113641155305,0.9849716708622448
NewtonRaphson,2,5,"[0.5217905436435195, -3.711458186794078]",10.406148222039059,3.74795774305909,0.00018029237160008626,4.571327819984616e-07,0.28883528895638816,-1.1890531127193101e-08,-4.096413752263635e-05,0.9996672720826758
