method,dimension,iteration,x,f_val,dist_to_min,step_size,grad_norm,grad_cosine_sim,rel_improvement_f,rel_improvement_dist,rel_improvement_grad
NewtonRaphson,2,0,"[-2.372335268548056, 0.6804176886304611]",8.039163170274279,2.467983561006474,,3.3845485804027184,,,,
NewtonRaphson,2,1,"[-2.661677604507619, 0.6691984046663977]",8.549253569051924,2.744513467838238,0.289559768806378,1.2128898834345685,0.5079737570726859,-0.06345068360644338,-0.1120468998257799,0.641639097616306
NewtonRaphson,2,2,"[-2.7577419283553297, 0.5005645295319595]",8.641751383145781,2.8028031310876127,0.19407662960587269,0.34188492192641423,-0.9997879188301177,-0.010819402342760862,-0.021238614396484497,0.7181236923517816
NewtonRaphson,2,3,"[-2.7432904575942385, 0.5294523332598376]",8.647313152958615,2.793915229193952,0.032300932051244034,0.017514374847375763,0.9447274438977636,-0.0006435928975787625,0.0031710760542114245,0.9487711398657543
NewtonRaphson,2,4,"[-2.7415910317525993, 0.5309695073211094]",8.647332354890636,2.792534691474952,0.0022781275915599543,9.19600401383625e-05,0.5347682683344652,-2.2205662824582574e-06,0.0004941229800298698,0.9947494534666681
