method,dimension,iteration,x,f_val,dist_to_min,step_size,grad_norm,grad_cosine_sim,rel_improvement_f,rel_improvement_dist,rel_improvement_grad
NewtonRaphson,2,0,"[-2.5690299674678165, 2.4394326811867124]",10.20061762803767,3.5427033152367535,,1.794866637173854,,,,
NewtonRaphson,2,1,"[-2.6684492311161896, 2.655822055600946]",10.38261220596634,3.7648389195370657,0.23813557345295594,0.5796089237189791,-0.8946848158358425,-0.01784152534337105,-0.06270228820599594,0.6770741002620592
NewtonRaphson,2,2,"[-2.6335932704899427, 2.635398943716113]",10.39466692917149,3.7257403434632854,0.040398533268410614,0.042124702184950596,0.961113083793065,-0.001161049162389286,0.010385192277652073,0.9273221987082888
NewtonRaphson,2,3,"[-2.632192502097257, 2.6321820589770257]",10.39473987189864,3.722474950848904,0.0035086321429470342,0.0002722228167335602,0.9342204552930071,-7.017322213988185e-06,0.0008764412743121908,0.9935376916010384
NewtonRaphson,2,4,"[-2.632172109871909, 2.6321721102466227]",10.394739874948156,3.722453496546021,2.268964722669017e-05,1.173127977286401e-08,0.95042332801746,-2.9337109275466544e-10,5.763451243170005e-06,0.9999569055969899
