method,dimension,iteration,x,f_val,dist_to_min,step_size,grad_norm,grad_cosine_sim,rel_improvement_f,rel_improvement_dist,rel_improvement_grad
NewtonRaphson,2,0,"[2.2068357462775547, 0.5121174863600745]",7.506446861447534,2.2654775061527697,,4.112743602811619,,,,
NewtonRaphson,2,1,"[3.6161015188070067, 0.5614587210182812]",10.364897241250926,3.6594297492540866,1.4101292760100506,0.7996598665356903,0.9225648383948221,-0.38079938918693307,-0.6153017363074703,0.8055653491287388
NewtonRaphson,2,2,"[3.711580398868122, 0.5160999283614631]",10.405983016952037,3.7472907804594984,0.10570542374452264,0.058199057102217,-0.2674140414030261,-0.003963934686934974,-0.024009487058282996,0.9272202350802615
NewtonRaphson,2,3,"[3.7115258992330027, 0.5217903043081515]",10.406148204172592,3.7480247627713648,0.005690636926116293,0.0005306860974302503,-0.1493583903158111,-1.5874254290583095e-05,-0.0001958701245427199,0.9908815344465429
NewtonRaphson,2,4,"[3.7114582157755343, 0.5217905746969134]",10.406148222039072,3.7479577760815617,6.768399755454942e-05,6.089555744079238e-08,-0.9784754790072636,-1.716915759855537e-09,1.7872531277931934e-05,0.9998852512667363
