method,dimension,iteration,x,f_val,dist_to_min,step_size,grad_norm,grad_cosine_sim,rel_improvement_f,rel_improvement_dist,rel_improvement_grad
NewtonRaphson,2,0,"[-4.727707569398342, -0.048972500913103754]",10.968258050186106,4.727961206227486,,3.531549228947502,,,,
NewtonRaphson,2,1,"[-4.551273502714128, -0.02468424899506173]",11.191008921614443,4.551340440865326,0.17809800410999554,0.689416470577729,-0.3257138168835125,-0.020308682601113445,0.037356644367031205,0.8047835593153563
NewtonRaphson,2,2,"[-4.573859556172785, 0.00104914663019285]",11.190042500897174,4.573859676498805,0.03423941385659465,0.022209333972338808,-0.76738307917144,8.635688918114337e-05,-0.004947824915773039,0.9677853156688765
NewtonRaphson,2,3,"[-4.573797533498034, 5.232975455889653e-08]",11.190030908479029,4.573797533498034,0.0010509260979704258,1.6047438889675268e-05,0.012004754955900653,1.0359583660636197e-06,1.3586556030634077e-05,0.9992774461895317
