method,dimension,iteration,x,f_val,dist_to_min,step_size,grad_norm,grad_cosine_sim,rel_improvement_f,rel_improvement_dist,rel_improvement_grad
NewtonRaphson,2,0,"[-0.7310212433125762, 2.2503570243038316]",7.464874405659788,2.3661147045331217,,5.401037119474124,,,,
NewtonRaphson,2,1,"[-1.7047595557662767, 3.674006080119142]",10.748567735532871,4.0502500934792725,1.7248022887461638,1.4910705460132792,0.11376631391951256,-0.4398859446829302,-0.7117725044012445,0.7239288468066558
NewtonRaphson,2,2,"[-1.5312122364354455, 3.722417197836626]",10.837248263211707,4.025046671500781,0.18017299566131878,0.36992221912520634,-0.4536073508969203,-0.008250450651734149,0.006222682895327375,0.7519083049998683
NewtonRaphson,2,3,"[-1.5605423404655747, 3.6826101442070103]",10.846384950596027,3.9996137151732727,0.049445490401949635,0.03255667880301556,0.3731985865760519,-0.0008430818564280273,0.006318673646093462,0.9119904749706419
NewtonRaphson,2,4,"[-1.5634114730004165, 3.68350773444295]",10.846433416582503,4.001560278642616,0.0030062584277041325,0.00018556034028994561,-0.9036906883003853,-4.468399996536466e-06,-0.00048668786737048183,0.9943003909762209
NewtonRaphson,2,5,"[-1.5634020866571106, 3.683493447551116]",10.846433418155032,4.001543460055859,1.709440607140529e-05,5.62231860435685e-09,0.8368909050214071,-1.449811853783307e-10,4.203007223663885e-06,0.9999697008606712
