experiment_num,initial_value,final_value,iterations,runtime,success,distance_to_minimum,f_error,initial_gradient_norm,final_gradient_norm,mean_gradient_norm,mean_cosine_similarity,mean_gradient_angle,std_gradient_norm,std_cosine_similarity,std_gradient_angle
0,837.2104862956903,830.545729933153,1000,0.1263108253479004,False,589.0387967792167,830.545729933153,1.2428331579360319,0.6046005175883747,0.6725483273676978,0.9999478204513274,0.14583514277642082,0.34695540965865174,0.0005191809122454203,0.5671167928475382
1,843.3996016418719,831.2307395673326,1000,0.11516261100769043,False,590.3381050097265,831.2307395673326,1.5032430868275506,0.9418684055559835,0.8877733751218406,0.999759695966298,0.16660719713384903,0.49552421807355335,0.004472544434683903,1.25404720699139
