method,dimension,iteration,x,f_val,dist_to_min,step_size,grad_norm,grad_cosine_sim,rel_improvement_f,rel_improvement_dist,rel_improvement_grad
NewtonRaphson,8,0,"[-0.39717454650168105, -0.3590840621897334, -0.3906803250477831, -0.6318402441317152, -1.7863264401823573, 0.6498138344447586, 0.5582430905502885, -1.0419479109767542]",117.96421923031609,2.4184815819554415,,119.05432482366604,,,,
NewtonRaphson,8,1,"[-0.5204835408484653, -0.5582070636179202, -0.5246401913093387, -0.4618419869204585, -2.4173484665289147, 0.43503734161833973, 0.49996521282688394, -0.9937862347635114]",145.0594401341252,2.888157022230846,0.7427875394089543,52.87376459788303,-0.9170983490973296,-0.22969016436168468,-0.19420261199411443,0.5558853936957308
NewtonRaphson,8,2,"[-0.5024528319016583, -0.49997029224543815, -0.5023771091063939, -0.5033735536614772, -2.5230528144737523, 0.5066620259311979, 0.5025459274716728, -0.9949587949292155]",148.75890453707228,2.9787907213605753,0.14915992569364564,4.464375051883477,-0.9073891324051763,-0.025503093073615056,-0.03138115359798639,0.9155654021264409
NewtonRaphson,8,3,"[-0.5025460361265414, -0.5025459274549157, -0.5025460351768801, -0.5025459944625171, -2.512701624211773, 0.5025442573052143, 0.5025460365546741, -0.9949586376523373]",148.78443783961308,2.969667542674277,0.011465562887986731,0.01633918994642842,-0.9152630193900597,-0.00017164217913711774,0.003062712200920032,0.9963400946926412
NewtonRaphson,8,4,"[-0.5025460365546747, -0.5025460365546741, -0.5025460365546747, -0.5025460365546746, -2.512743317760598, 0.5025460365545148, 0.5025460365546747, -0.9949586376523348]",148.7844381805462,2.9697031475772526,4.173165966366538e-05,1.7206774040696197e-07,0.9990966776462373,-2.291456902439627e-09,-1.1989524909462863e-05,0.9999894690164586
