method,dimension,iteration,x,f_val,dist_to_min,step_size,grad_norm,grad_cosine_sim,rel_improvement_f,rel_improvement_dist,rel_improvement_grad
NewtonRaphson,8,0,"[0.4113729431222925, -0.11450890246779624, 0.5364081907668768, 1.2613557932574624, -0.19392312926460434, -0.1939095322530578, 1.3078858731795115, 0.6355806076231377]",98.9113196861889,2.061753482886579,,142.27344584782526,,,,
NewtonRaphson,8,1,"[0.5135248375319221, 0.0247677934875333, 0.5019623187610521, 3.755016282997058, 0.23547783831290917, 0.23537953476515866, 1.750943425695854, 0.4572389413000352]",115.52445527618609,4.242895040480843,2.616513367548658,122.26556379578331,-0.9252131998562115,-0.16795990229131375,-1.05790608610518,0.14062977059993506
NewtonRaphson,8,2,"[0.5025223774581076, -0.00020086631475742245, 0.5025460219736061, 7.5837833092832465, -1.4247178460592704, -1.414169183797164, 15.42069764355034, 0.5037062923653082]",435.0078589908987,17.323399834634273,14.387557195263202,78.71788054967311,-0.7179255296988476,-2.765504524136632,-3.082919720934466,0.35617292305498754
NewtonRaphson,8,3,"[0.5025460365265728, 1.0611224060346446e-10, 0.5025460365546747, 7.535447175955537, -1.5147876034602663, -1.5183825571309213, 15.59724156464799, 0.5025459478784469]",443.24485625773804,17.47611607618838,0.22908189266697,7.103925635572232,-0.9843973823617067,-0.018935283803715577,-0.008815604500958541,0.909754612472201
NewtonRaphson,8,4,"[0.5025460365546747, 1.2924697071141057e-26, 0.5025460365546747, 7.538560010063324, -1.5076281194476382, -1.5076066715088041, 15.582147492955512, 0.5025460365546742]",443.3151472150214,17.46243641353185,0.02012209379553076,0.15534643629953007,-0.7403395018095565,-0.00015858268018453683,0.0007827633209170199,0.9781323110250975
NewtonRaphson,8,5,"[0.5025460365546747, 1.4349296274686127e-42, 0.5025460365546747, 7.538567172879504, -1.5076407318462526, -1.5076407316948857, 15.582600592187681, 0.5025460365546747]",443.31518254242263,17.462847847485307,0.0004546090507269459,0.0001258746841110035,0.9956802971470049,-7.968913640193827e-08,-2.356108527542997e-05,0.9991897163069238
NewtonRaphson,8,6,"[0.5025460365546747, 1.5930919111324523e-58, 0.5025460365546747, 7.538567172919549, -1.5076407318703584, -1.5076407318703584, 15.582600961540084, 0.5025460365546747]",443.3151825424458,17.46284817710358,3.693524475241974e-07,8.326889668586378e-11,0.999995697882039,-5.231518298606956e-14,-1.887540204710347e-08,0.9999993384778101
