method,dimension,iteration,x,f_val,dist_to_min,step_size,grad_norm,grad_cosine_sim,rel_improvement_f,rel_improvement_dist,rel_improvement_grad
NewtonRaphson,8,0,"[1.4094976539033968, 0.5061971223604629, -0.815702465508219, 0.7903075913942197, 0.1494759247403084, 1.4914787886319218, -1.0809918063329245, -0.5045203828693947]",104.44829765525802,2.6838054876242854,,108.16620877001071,,,,
NewtonRaphson,8,1,"[1.520347133113602, 0.5025447186892484, -1.1643760030987973, 1.3773896506755992, -0.06749290945249348, 1.5076569914510414, -0.9864769328249265, -0.5025457377714917]",112.19868991299293,3.052909133936894,0.7313095767420802,77.73491502046672,-0.8944993357157622,-0.07420314578334111,-0.1375299543929842,0.2813382672424878
NewtonRaphson,8,2,"[1.5075887942722057, 0.502546036554587, -0.8888640325824909, 1.542726203584918, 0.004335667468774923, 1.5076407318301939, -0.9949737913173982, -0.5025460365546701]",111.17660849867856,3.034960401334653,0.32960178726560774,40.97171698252529,-0.8948508502079446,0.009109566387156284,0.005879222674110608,0.472930317454674
NewtonRaphson,8,3,"[1.5076407314629852, 0.5025460365546747, -1.0157350383808224, 1.5068605468312595, -1.067431213521916e-06, 1.5076407318703586, -0.994958637675033, -0.5025460365546747]",109.36231274355998,3.0566902453063265,0.1319143951331656,8.238988482507368,-0.9542029217146849,0.016319042104438214,-0.007159844313658141,0.7989103437861452
NewtonRaphson,8,4,"[1.5076407318703584, 0.5025460365546747, -0.9948836586037582, 1.5076406458287894, 1.5924219408380846e-17, 1.5076407318703584, -0.9949586376523348, -0.5025460365546747]",109.27684186535299,3.050210270170508,0.020865967367767028,0.029735448536753657,-0.9992666672810787,0.000781538686068284,0.0021199318922709644,0.9963908860171505
NewtonRaphson,8,5,"[1.5076407318703584, 0.5025460365546747, -0.9949586382146723, 1.5076407318703575, 3.0814879110195774e-33, 1.5076407318703584, -0.9949586376523348, -0.5025460365546747]",109.27684075058457,3.0502347695373184,7.497966028193068e-05,2.2301528335185546e-07,-0.999999353782578,1.0201323577074183e-08,-8.032025545898346e-06,0.999992500019528
