method,dimension,iteration,x,f_val,dist_to_min,step_size,grad_norm,grad_cosine_sim,rel_improvement_f,rel_improvement_dist,rel_improvement_grad
NewtonRaphson,8,0,"[-0.9420957469177099, 0.8512910349300664, 1.4348776739101579, 1.296094733236381, -1.1679680362132008, -0.4303415519839552, 0.46103076823268824, 1.3576998749824516]",105.79021371850854,2.992694074556556,,120.26675674001682,,,,
NewtonRaphson,8,1,"[-0.9972915958075387, 1.0576380815630144, 1.5122459151459138, 1.8632216857228472, -0.8779991137556584, -0.5076568937071112, 0.5034266977606517, 1.5685364969061917]",97.57571167334214,3.407934087433771,0.7138302630310794,69.34999787404851,-0.917639830492117,0.07764897863826915,-0.13875123969654118,0.42336519455693095
NewtonRaphson,8,2,"[-0.9949590103088161, 0.991966659743026, 1.5076362152971134, 2.0320982164390213, -1.024063628267139, -0.5025429485993745, 0.5025459883369902, 1.5038075658149979]",92.50917048595535,3.491643853615247,0.24168225744090427,20.332943130400373,-0.9045945836775433,0.05192420429735874,-0.02456319988410078,0.7068068672860166
NewtonRaphson,8,3,"[-0.9949586376523486, 0.9949598758318938, 1.5076407318672649, 1.9892713566508264, -0.9947174889450602, -0.5025460365541934, 0.5025460365546746, 1.5076392493178048]",91.99026495886194,3.460868818453103,0.052143810596512505,0.2711732216701584,-0.9658836118982453,0.00560923338051322,0.008813910138710057,0.9866633561147025
NewtonRaphson,8,4,"[-0.9949586376523348, 0.9949586376524867, 1.5076407318703584, 1.9899123186580658, -0.9949586435958963, -0.5025460365546747, 0.5025460365546747, 1.5076407318700251]",91.99017211342746,3.4613068789394257,0.000684829607562025,3.3721763048008986e-05,-0.9581070421231959,1.0092963045785618e-06,-0.00012657529346008398,0.9998756449370616
