experiment_num,initial_value,final_value,iterations,runtime,success,distance_to_minimum,f_error,initial_gradient_norm,final_gradient_norm,mean_gradient_norm,mean_cosine_similarity,mean_gradient_angle,std_gradient_norm,std_cosine_similarity,std_gradient_angle
0,44.466849227435205,226.1048336870966,1000,0.12164092063903809,False,14.949195749054281,226.1048336870966,66.9683345457935,30.51344797500898,33.602157895682616,-0.8987564909842515,170.6770767435512,12.461868519972683,0.36970299827475167,31.33119317569558
1,25.302386846026153,10.349065086083858,1000,0.12197709083557129,False,2.814428632814627,10.349065086083858,61.22585032617443,42.174028141621434,42.8137104293981,-0.9680686787687425,176.3373633595827,5.544883890873708,0.1850968200520635,16.56818878341655
