experiment_num,initial_value,final_value,iterations,runtime,success,distance_to_minimum,f_error,initial_gradient_norm,final_gradient_norm,mean_gradient_norm,mean_cosine_similarity,mean_gradient_angle,std_gradient_norm,std_cosine_similarity,std_gradient_angle
0,8.748314716176406,7.961711274759548,20,0.014951944351196289,True,3.5732933308029797,7.961711274759548,6.483745121049751,8.45861808968449e-05,0.7780342261655113,0.7905692388587688,18.153218234115393,1.9632435299255568,0.567597117319163,46.54328791397551
1,7.863630179487181,4.884065258138222,27,0.022420406341552734,True,1.9589206981499858,4.884065258138222,3.7867071217769888,6.95841076870717e-05,0.7740254483907278,0.981166081972597,4.080864589972596,1.6977160381899354,0.060953418569167424,10.571589553978706
