experiment_num,initial_value,final_value,iterations,runtime,success,distance_to_minimum,f_error,initial_gradient_norm,final_gradient_norm,mean_gradient_norm,mean_cosine_similarity,mean_gradient_angle,std_gradient_norm,std_cosine_similarity,std_gradient_angle
0,9.330944685108364,0.0,4,0.005135536193847656,True,0.0,0.0,6.923285918909117,0.0,2.5639153032778053,0.24276178436369567,48.45522902267597,2.6249858029365996,0.42047574465400067,41.83115120047008
1,13.72434383426329,0.0,5,0.006915092468261719,True,0.0,0.0,8.861535569434404,0.0,2.9053523554561096,0.19872158423043346,55.86890133630284,3.2969693551154022,0.3933304459684694,41.72488978042185
