method,dimension,iteration,x,f_val,dist_to_min,step_size,grad_norm,grad_cosine_sim,rel_improvement_f,rel_improvement_dist,rel_improvement_grad
NewtonRaphson,8192,0,,3854.1166770839773,4.4597430514956775,,1689.1788645430945,,,,
NewtonRaphson,8192,1,,127.17751837550895,0.8404553546599268,5.040731543507305,288.59161376698086,-0.686218963812833,0.9670021618360212,0.811546238212522,0.82915272039883
NewtonRaphson,8192,2,,218.06804478056438,13.408147800264192,13.167045394934503,73.17755721210169,-0.05857724630129837,-0.7146744767946231,-14.953432536210714,0.7464321424419912
NewtonRaphson,8192,3,,223.2570711513108,13.61339694599247,0.225915594096336,11.09319560806515,-0.9153831737034187,-0.02379544593967448,-0.01530779260385491,0.8484071342267951
NewtonRaphson,8192,4,,223.4436236910842,13.57798504943097,0.03560138249855338,0.8566526513458055,-0.9962245233012565,-0.000835595212332456,0.0026012535079956703,0.9227767469706395
NewtonRaphson,8192,5,,223.4446550923749,13.580385744675944,0.00240233713227289,0.0030265375572398057,0.9999999988485597,-4.6159352128151536e-06,-0.000176807916361259,0.9964670189808144
NewtonRaphson,8192,6,,223.4446551053261,13.580394286958652,8.548137582664594e-06,3.914539092875303e-08,0.9999999999999742,-5.7961576874113656e-11,-6.290162053824202e-07,0.9999870659490627
