method,dimension,iteration,x,f_val,dist_to_min,step_size,grad_norm,grad_cosine_sim,rel_improvement_f,rel_improvement_dist,rel_improvement_grad
NewtonRaphson,8192,0,,1335.1836692432407,2.6046927345920645,,1017.0522308285102,,,,
NewtonRaphson,8192,1,,2.713836988870753,0.11697079645409021,2.6954659887735355,46.39176493035332,-0.7590889711293991,0.9979674429433301,0.9550922859726833,0.9543860545956802
NewtonRaphson,8192,2,,5.744368536397815e-06,0.0001701604663310346,0.11707405326313572,0.06751697880379595,-0.6059028077995268,0.9999978833037652,0.9985452739359792,0.9985446343999812
NewtonRaphson,8192,3,,0.0,9.941906989156996e-12,0.00017016047451963814,3.944791372994511e-09,-0.8236451397653651,1.0,0.9999999415733442,0.9999999415733429
