method,dimension,iteration,x,f_val,dist_to_min,step_size,grad_norm,grad_cosine_sim,rel_improvement_f,rel_improvement_dist,rel_improvement_grad
NewtonRaphson,8192,0,,4389.611741691624,4.768616190230379,,1792.7518089487025,,,,
NewtonRaphson,8192,1,,208.2740236200334,1.046174910031783,5.522981501722642,384.0221326516146,-0.6666331631515472,0.9525529737307084,0.780612473661622,0.7857918030065684
NewtonRaphson,8192,2,,47.351095636433456,2.1761856632189405,2.7241889085968816,114.62433538765097,-0.5540979949626637,0.7726500174461561,-1.0801355895189912,0.7015163303318294
NewtonRaphson,8192,3,,155.36857076961314,10.6987940091239,10.253778605525085,32.522605759853036,-0.17545305267448463,-2.281203289624994,-3.916305713226051,0.71626787933065
NewtonRaphson,8192,4,,155.04871890724462,10.751197676286152,0.08468016362663151,0.9528121388229877,-0.411888109443581,0.002058665152058408,-0.004898091048165134,0.9707030812395983
NewtonRaphson,8192,5,,155.04797761084046,10.752227295124918,0.0024310337807069275,0.0004646402356249459,0.31655464530445737,4.781054686438485e-06,-9.576782696842968e-05,0.999512348534729
NewtonRaphson,8192,6,,155.0479776111315,10.752228521342424,1.2554119028598283e-06,6.500933125943362e-10,0.9944043798598433,-1.877085461235894e-12,-1.1404311614176208e-07,0.9999986008673749
