method,dimension,iteration,x,f_val,dist_to_min,step_size,grad_norm,grad_cosine_sim,rel_improvement_f,rel_improvement_dist,rel_improvement_grad
NewtonRaphson,8192,0,,1570.827933261753,2.8275599995459983,,1100.4411088178972,,,,
NewtonRaphson,8192,1,,4.9915116120973835,0.15865869562447144,2.9489579497724883,62.889569319763346,-0.7435761212562646,0.9968223689518095,0.9438884778218867,0.9428505816296524
NewtonRaphson,8192,2,,6.0540580307133496e-05,0.0005524095353170154,0.15898323399181552,0.21918728217100714,-0.5852262479725454,0.9999878712933051,0.9965182523835661,0.9965147275686284
NewtonRaphson,8192,3,,0.0,4.921163345660286e-10,0.0005524099392570512,1.952639743283656e-07,-0.8208219568326601,1.0,0.9999991091458363,0.9999991091455107
