method,dimension,iteration,x,f_val,dist_to_min,step_size,grad_norm,grad_cosine_sim,rel_improvement_f,rel_improvement_dist,rel_improvement_grad
NewtonRaphson,8192,0,,2633.9640580465057,3.673072508780565,,1411.7039817832233,,,,
NewtonRaphson,8192,1,,27.32462913612835,0.371696830884989,3.9542796462852596,146.57611133936575,-0.7198450317669619,0.9896260432815497,0.8988049296613561,0.8961707884720881
NewtonRaphson,8192,2,,0.013374337693676353,0.008210769937981382,0.37658329685577263,3.2576060765400188,-0.5812686482278068,0.9995105390954422,0.9779100351261215,0.9777753274611186
NewtonRaphson,8192,3,,6.83940015733242e-10,1.8647131113864907e-06,0.0082122702171337,0.0007398886554461059,-0.8044829001908124,0.9999999488617656,0.9997728942443314,0.9997728735034066
NewtonRaphson,8192,4,,0.0,6.951399385875178e-17,1.8647131114521815e-06,2.7582052776742904e-14,-0.9450006445212069,1.0,0.9999999999627213,0.9999999999627213
