method,dimension,iteration,x,f_val,dist_to_min,step_size,grad_norm,grad_cosine_sim,rel_improvement_f,rel_improvement_dist,rel_improvement_grad
NewtonRaphson,8192,0,,1080.8513563283195,2.341920461611782,,916.940550726327,,,,
NewtonRaphson,8192,1,,1.5344678655528696,0.08795311986259113,2.4089499441865616,34.887314603180286,-0.747096301581222,0.9985803155479533,0.9624440192123096,0.9619524792795505
NewtonRaphson,8192,2,,1.8753053154796362e-06,9.722421242970186e-05,0.08800922538752393,0.03857702842435396,-0.5763374894363771,0.9999987778790566,0.9988945905207047,0.9988942390991354
NewtonRaphson,8192,3,,0.0,3.6284801910227744e-12,9.722421543410978e-05,1.4397235228854025e-09,-0.8280072430350529,1.0,0.9999999626792534,0.999999962679253
