method,dimension,iteration,x,f_val,dist_to_min,step_size,grad_norm,grad_cosine_sim,rel_improvement_f,rel_improvement_dist,rel_improvement_grad
NewtonRaphson,8192,0,,3320.85819979386,4.133721775408773,,1574.6754411684335,,,,
NewtonRaphson,8192,1,,76.77219912875444,0.629254978290994,4.580312205475228,238.98803574640118,-0.6662320565600879,0.9768818195448634,0.8477751981194311,0.8482302895579115
NewtonRaphson,8192,2,,6.037335450106184,0.17864457614238247,0.7380347103277046,64.41604579190958,-0.4774152015841319,0.9213603945357748,0.7161014496419769,0.7304633029401364
NewtonRaphson,8192,3,,0.49724421778228134,0.05022704029657342,0.22569297721380435,19.670966425487958,-0.9052176178549566,0.9176384645359509,0.718843743363685,0.6946262971646334
NewtonRaphson,8192,4,,0.00040041160536929965,0.0014206679534218955,0.05158388937137254,0.5636911505368573,-0.9525930878648672,0.9991947385388308,0.9717150772764364,0.9713440032205802
NewtonRaphson,8192,5,,0.0,3.740991631163341e-08,0.0014207053191115358,1.4843662819570397e-05,-0.9988177199065413,1.0,0.9999736673751093,0.9999736670288234
