method,dimension,iteration,x,f_val,dist_to_min,step_size,grad_norm,grad_cosine_sim,rel_improvement_f,rel_improvement_dist,rel_improvement_grad
NewtonRaphson,8192,0,,3579.4950593092944,4.29641963537429,,1629.6951932995762,,,,
NewtonRaphson,8192,1,,116.16868223011261,0.7795569996374178,4.838352286567211,288.48209754923823,-0.6483154499284176,0.9675460699609043,0.8185565969350419,0.8229840164373556
NewtonRaphson,8192,2,,19.251862670644186,0.7536075238005371,1.2947346472156462,94.8052159662568,-0.28143447449426506,0.834276654421291,0.03328746435340856,0.6713653402701171
NewtonRaphson,8192,3,,19.36855184470187,0.425408533946249,1.1739031900759391,33.86572313814893,0.2859524757828688,-0.0060611887822997045,0.4355038657246142,0.6427862877270122
NewtonRaphson,8192,4,,20.242159108340275,0.5094081051923881,0.09529682048718714,2.711645900988943,-0.9302657890180265,-0.04510441826745938,-0.19745624392375866,0.9199294847498963
NewtonRaphson,8192,5,,20.25127298227744,0.5025393767337946,0.006914677255714169,0.0026155380881617485,-0.9932227361377622,-0.00045024218456083987,0.01348374395417095,0.9990354426117335
NewtonRaphson,8192,6,,20.25127299099404,0.502546036552438,6.659822047022095e-06,8.783938021394988e-10,0.9999994783441596,-4.3042218775184783e-10,-1.3252331960006031e-05,0.9999996641632534
