method,dimension,iteration,x,f_val,dist_to_min,step_size,grad_norm,grad_cosine_sim,rel_improvement_f,rel_improvement_dist,rel_improvement_grad
NewtonRaphson,8192,0,,965.8695898408041,2.213215702100789,,867.535926840962,,,,
NewtonRaphson,8192,1,,1.1101789676904446,0.07480933775893303,2.27070218569753,29.67728896446173,-0.7551216570256255,0.9988505912398863,0.9661988039900838,0.9657912853562983
NewtonRaphson,8192,2,,5.245674401521683e-07,5.142131273992769e-05,0.074839003356588,0.020403163115656132,-0.5764543969954262,0.9999995274929039,0.9993126351030451,0.999312499091811
NewtonRaphson,8192,3,,0.0,5.863158563401309e-13,5.1421313198287856e-05,2.3264085395920149e-10,-0.7817631932015876,1.0,0.9999999885978046,0.9999999885978045
