method,dimension,iteration,x,f_val,dist_to_min,step_size,grad_norm,grad_cosine_sim,rel_improvement_f,rel_improvement_dist,rel_improvement_grad
NewtonRaphson,8192,0,,1023.4444127271272,2.2782359821361564,,893.0065966828275,,,,
NewtonRaphson,8192,1,,1.2021284741786076,0.07784738340842033,2.3375733779638743,30.879865304195175,-0.7485720473092418,0.998825409119216,0.9658299737082425,0.965420339089429
NewtonRaphson,8192,2,,1.2406089808791876e-06,7.9078314241797e-05,0.07789161000440131,0.03137702345628869,-0.558578781769189,0.9999989679896887,0.9989841878971459,0.9989839002486831
NewtonRaphson,8192,3,,0.0,1.807688365703751e-12,7.907831576936595e-05,7.172621387293182e-10,-0.8450399825511717,1.0,0.9999999771405298,0.9999999771405296
