method,dimension,iteration,x,f_val,dist_to_min,step_size,grad_norm,grad_cosine_sim,rel_improvement_f,rel_improvement_dist,rel_improvement_grad
NewtonRaphson,8192,0,,1260.751428358897,2.530426274697536,,989.0246570146722,,,,
NewtonRaphson,8192,1,,2.276717239015852,0.10713576482828387,2.6129214288041083,42.49330126182017,-0.7536216281091944,0.9981941585091207,0.957660981511469,0.9570351447151132
NewtonRaphson,8192,2,,3.690976882353425e-06,0.00013639808186031188,0.10721912177128265,0.05412059951213416,-0.6103335421030144,0.9999983788162978,0.9987268669610104,0.99872637338345
NewtonRaphson,8192,3,,0.0,6.742967830580739e-12,0.00013639808696502042,2.6755029347453066e-09,-0.7570417856857137,1.0,0.9999999505640568,0.9999999505640558
