method,dimension,iteration,x,f_val,dist_to_min,step_size,grad_norm,grad_cosine_sim,rel_improvement_f,rel_improvement_dist,rel_improvement_grad
NewtonRaphson,8192,0,,4345.656111080752,4.743881763800816,,1784.508820568318,,,,
NewtonRaphson,8192,1,,186.0804445646354,0.9843054552500314,5.467064611349298,367.5178320644175,-0.6806978262748364,0.9571801265889036,0.7925105421553758,0.7940509860033234
NewtonRaphson,8192,2,,10.898205682373373,2.018202659803696,2.496695872783168,72.86862369328956,-0.613883455400543,0.9414328264967797,-1.0503824793808911,0.8017276514612294
NewtonRaphson,8192,3,,4.003831946756691,1.9899199023823138,0.19698552824576102,4.363104218874527,-0.8191777982569843,0.6326154907103249,0.014013834182605522,0.9401236911343459
NewtonRaphson,8192,4,,3.9798312056809664,1.989912233830398,0.01100722154076861,0.0034651599385068723,-0.8442205825165353,0.0059944426726416915,3.8536987878332805e-06,0.9992058039953488
NewtonRaphson,8192,5,,3.9798311905469745,1.9899122337085497,8.733110221681316e-06,3.414761987167819e-12,-0.9956202132431935,3.802671785652285e-09,6.123300673703267e-11,0.9999999990145442
