method,dimension,iteration,x,f_val,dist_to_min,step_size,grad_norm,grad_cosine_sim,rel_improvement_f,rel_improvement_dist,rel_improvement_grad
NewtonRaphson,2,0,"[-1.3723352685480559, 1.6804176886304611]",9.744263784096123,2.467983561006474,,123.00173254471021,,,,
NewtonRaphson,2,1,"[-1.3152768063452844, 1.7266974109657496]",5.361566626334832,2.4266429109172085,0.07346754935600133,6.376725601665944,0.9727699013389538,0.44977201509203907,0.016750780168246437,0.9481574326658525
NewtonRaphson,2,2,"[0.0869626232132894, -1.9587129047298952]",387.45753312503064,3.096388106168988,3.9431617533198695,398.84990244248417,-0.06535619542522586,-71.26573129240337,-0.27599660099912804,-61.547759988023174
NewtonRaphson,2,3,"[0.08927847487588737, 0.007965287858744174]",0.8294136991954392,1.34667983070126,1.9666795560976986,1.8212520161395618,-0.1663269935741023,0.9978593429517145,0.5650804148167841,0.9954337408509152
NewtonRaphson,2,4,"[0.9990247432437811, 0.17041216927917613]",68.49851127223691,0.8295884039726102,0.9241359543338478,369.84059141608583,-0.8939879643693547,-81.58666494016545,0.38397502876343176,-202.06942045287218
NewtonRaphson,2,5,"[0.9990306221574026, 0.9980621978249444]",9.396934208090709e-07,0.0021667419484952388,0.8276500285666477,0.001944278986485866,-0.8948866787605558,0.9999999862815497,0.9973881723296524,0.9999947429270025
NewtonRaphson,2,6,"[0.9999999988000923, 0.9999990579122761]",8.83013379751698e-11,9.420884880851979e-07,0.0021658989065260256,0.0004202390613394218,-0.8950607602868901,0.9999060317588484,0.9995652050357268,0.7838586621259681
NewtonRaphson,2,7,"[0.9999999999988394, 0.9999999999976741]",1.3492296790551483e-24,2.5994126976396442e-12,9.420861606923058e-07,1.0381366800348852e-12,0.008802672620122904,0.9999999999999848,0.999997240797727,0.9999999975296521
