method,dimension,iteration,x,f_val,dist_to_min,step_size,grad_norm,grad_cosine_sim,rel_improvement_f,rel_improvement_dist,rel_improvement_grad
NewtonRaphson,2,0,"[-2.745669829846125, 1.7632119444771726]",3349.659521477398,3.822634555697435,,6454.723428528918,,,,
NewtonRaphson,2,1,"[-2.7424299715820637, 7.520912323105495]",14.00578210185061,7.518515785567311,5.757701290162447,7.4956389664748135,0.98390433700885,0.9958187445583505,-0.9668413697462551,0.9988387358421361
NewtonRaphson,2,2,"[0.9927007573277042, -12.965746666360356]",19463.60227091614,13.965748573846623,20.82437029330558,6202.747722836053,-0.8929914972152219,-1388.6833557295156,-0.8575140323114765,-826.5142053370795
NewtonRaphson,2,3,"[0.9927032388099337, 0.9854581694925049]",5.3242964378810454e-05,0.016269835843473458,13.951204835853082,0.013981149335240162,-0.8829100208815233,0.9999999972644855,0.9988350187061263,0.999997745974855
NewtonRaphson,2,4,"[0.9999977084725351, 0.9999422076888015]",2.831278022470059e-07,5.783772412351695e-05,0.016217171458993443,0.023791762416244172,-0.8842450173922467,0.994682343375312,0.9964450947950579,-0.701702903371176
NewtonRaphson,2,5,"[0.999999975885224, 0.9999999517650504]",5.815253334023636e-16,5.392710618288968e-08,5.778857587917627e-05,4.608290592237676e-08,-0.8836634466882886,0.9999999979460678,0.999067613620693,0.9999980630730454
