method,dimension,iteration,x,f_val,dist_to_min,step_size,grad_norm,grad_cosine_sim,rel_improvement_f,rel_improvement_dist,rel_improvement_grad
NewtonRaphson,2,0,"[2.640038490114052, -1.4341899717600128]",7065.3998985679245,2.935133228266239,,9035.731005057487,,,,
NewtonRaphson,2,1,"[2.6390632101319667, 6.964652741911424]",2.6865282071634904,6.185758687372114,8.398842770296563,3.2801164651446086,0.9825679207231105,0.99961976275289,-1.1074882147772198,0.9996369838297191
NewtonRaphson,2,2,"[1.0006350386818244, -1.6831763859788769]",720.6254983720709,2.6831764611275184,8.801670040292887,1201.1322118830574,0.8945922877123509,-267.2367140052949,0.5662332469248961,-365.18584268168775
NewtonRaphson,2,3,"[1.0006338456664774, 1.0012680998694665]",4.0176033350383834e-07,0.0014176874154245645,2.6844444858486085,0.0012649798678094901,0.8940615228913906,0.999999999442484,0.999471638397264,0.9999989468437736
NewtonRaphson,2,4,"[1.0000000016741335, 0.9999996015882433]",1.614111446657154e-11,3.9841527405114395e-07,0.0014180430515667389,0.00017967553975219852,0.8939512905452903,0.9999598240216355,0.9997189681803503,0.8579617396889212
NewtonRaphson,2,5,"[1.000000000000074, 1.0000000000001459]",5.866610640708936e-27,1.6355179183457403e-13,3.984154196224704e-07,1.0281110246762684e-12,0.9979294467181812,0.9999999999999996,0.9999995894941723,0.9999999942779577
