method,dimension,iteration,x,f_val,dist_to_min,step_size,grad_norm,grad_cosine_sim,rel_improvement_f,rel_improvement_dist,rel_improvement_grad
NewtonRaphson,2,0,"[1.413512947395695, -2.2697913936821545]",1821.5914226612183,3.295835055924638,,2560.338243902534,,,,
NewtonRaphson,2,1,"[1.4130290340417344, 1.9966508276718442]",0.17059298296643777,1.0788446854206681,4.26644224879749,0.8261843223461858,0.9428110520607212,0.9999063494805454,0.6726642361906666,0.9996773143844123
NewtonRaphson,2,2,"[1.00002078213712, 0.8294657432914934]",2.9096110855599493,0.17053425797481297,1.2381021110317485,76.28513185196344,0.8944551981446739,-16.055866161460944,0.8419288148893114,-91.33427673298142
NewtonRaphson,2,3,"[1.000020189786005, 1.000040379197936]",4.076275200351528e-10,4.514539937670818e-05,0.17057463590747113,4.069255928988888e-05,0.8961425759797166,0.9999999998599031,0.9997352707900875,0.9999994665728654
