method,dimension,iteration,x,f_val,dist_to_min,step_size,grad_norm,grad_cosine_sim,rel_improvement_f,rel_improvement_dist,rel_improvement_grad
NewtonRaphson,2,0,"[-0.8215477003923659, -1.8331611779635386]",632.3755009361043,3.3682099526491016,,967.968961727724,,,,
NewtonRaphson,2,1,"[-0.817923593491759, 0.6689858770042023]",3.304846209007868,1.8478139899342325,2.502149679542486,3.640143144310937,0.8556212316001107,0.9947739180216252,0.45139584054701687,0.9962394009640415
NewtonRaphson,2,2,"[0.9952453432934163, -2.29706828618533]",1080.8192868149408,3.297071714495981,3.4763571295677664,1464.6529188922814,-0.8932464367717068,-326.04072094761966,-0.7843093149291128,-401.3613525147604
NewtonRaphson,2,3,"[0.995252566679862, 0.9905276797310667]",2.2538123135960297e-05,0.010595422332611456,3.287595965924332,0.009498150405860713,-0.8936484233660499,0.9999999791471863,0.9967864143548872,0.9999935150845068
NewtonRaphson,2,4,"[0.999999988908108, 0.9999774398395556]",5.079603931854213e-08,2.256016317115097e-05,0.01057525337385504,0.010079269646481332,-0.8945044077366511,0.9977462169759159,0.9978707631972618,-0.06118235822650759
NewtonRaphson,2,5,"[0.9999999999626145, 0.9999999999251156]",1.3989634422007455e-21,8.369800886956547e-11,2.2560088268378037e-05,3.71491948560048e-11,-0.43564618430601587,0.9999999999999725,0.9999962900087098,0.9999999963142969
