method,dimension,iteration,x,f_val,dist_to_min,step_size,grad_norm,grad_cosine_sim,rel_improvement_f,rel_improvement_dist,rel_improvement_grad
NewtonRaphson,2,0,"[0.26897875668742377, 3.2503570243038316]",1010.507529034628,2.3661147045331217,,722.4299362306818,,,,
NewtonRaphson,2,1,"[0.2678268295947685, 0.07172987566718625]",0.5360775516394662,1.1822702631759396,3.178627357364489,1.4642033473838763,0.47516404749381214,0.9994694967269055,0.5003326504370702,0.9979732244277923
NewtonRaphson,2,2,"[0.9998037874815624, 0.4638173501356315]",28.70712066608441,0.5361826857657084,0.8303751287895422,239.57472784509778,-0.8943101785084064,-52.5503129692532,0.5464804432064817,-162.62121304609167
NewtonRaphson,2,3,"[0.9998056153842987, 0.9996112737104451]",3.778538148026514e-08,0.0004346188065563397,0.5357939235779317,0.0003908327786789634,-0.8955688950490699,0.9999999986837628,0.9991894202888411,0.9999983686393711
NewtonRaphson,2,4,"[0.9999999994221018, 0.9999999610603654]",1.427621774858444e-13,3.894392264848169e-08,0.0004345837205196328,1.689641239355699e-05,-0.8955905342272854,0.9999962217616473,0.9999103952197627,0.9567681798577187
