method,dimension,iteration,x,f_val,dist_to_min,step_size,grad_norm,grad_cosine_sim,rel_improvement_f,rel_improvement_dist,rel_improvement_grad
NewtonRaphson,2,0,"[-1.5690299674678165, 3.4394326811867124]",102.16571966082655,3.5427033152367535,,639.0450446785054,,,,
NewtonRaphson,2,1,"[-1.58223728483975, 2.503300389608125]",6.667952438005895,2.987952719942621,0.9362254539203364,5.274989549822691,-0.954050369537914,0.9347339551843573,0.15658962829549258,0.9917455121610771
NewtonRaphson,2,2,"[0.9129651798926759, -5.3925299185259]",3876.359178339281,6.3931223841844185,8.280710814589206,2592.1584119694485,-0.8738671846127389,-580.3417558656938,-1.1396330475761973,-490.40541179964595
NewtonRaphson,2,3,"[0.9130350051121014, 0.8336329314016879]",0.0075629103358639755,0.18772562917685934,6.226162850319127,0.17393394930542128,-0.8770694074636308,0.9999980489655401,0.9706363154190097,0.9999328999537596
NewtonRaphson,2,4,"[0.9999998706072935, 0.9924368537807814]",0.005719726633683429,0.007563146220325454,0.18105682421157723,3.382225500068102,-0.894432727616476,0.2437135468127937,0.9597117013085087,-18.44545911579944
NewtonRaphson,2,5,"[0.9999999226041942, 0.9999998451703903]",5.9902551814830164e-15,1.7309627028407955e-07,0.007562991389787664,1.3979673432755283e-07,-0.8687888669511351,0.9999999999989527,0.9999771131926791,0.9999999586672342
