method,dimension,iteration,x,f_val,dist_to_min,step_size,grad_norm,grad_cosine_sim,rel_improvement_f,rel_improvement_dist,rel_improvement_grad
NewtonRaphson,2,0,"[2.854384756124182, 1.9011573671938602]",3905.133782449297,2.0617534828862327,,7244.043465044494,,,,
NewtonRaphson,2,1,"[2.852901777812268, 8.13904707990104]",3.4332449984371145,7.375583923138793,6.237889888986718,3.707485573597262,0.9850311189913871,0.9991208380583868,-2.577335498332114,0.9994882021910156
NewtonRaphson,2,2,"[1.0005671914081815, -2.430008202734415]",1177.2741653236199,3.430008249630234,10.730147854871023,1535.1510736294285,0.894564271674801,-341.9042104072211,0.5349509563751881,-413.0679830454249
NewtonRaphson,2,3,"[1.0005663583146376, 1.001133046053138]",3.2076174806235963e-07,0.0012667103453792303,3.4311412487876543,0.0011292511468759404,0.8938419045608011,0.9999999997275386,0.9996306975805334,0.9999992644038972
NewtonRaphson,2,4,"[1.0000000012820998, 0.9999996817977589]",1.0289112587305942e-11,3.1820482401816e-07,0.0012669944055425596,0.00014345340687193145,0.8937436382427618,0.9999679228815486,0.9997487943276228,0.8729658966751607
NewtonRaphson,2,5,"[1.0000000000000462, 1.0000000000000908]",2.3746685399415508e-27,1.018855728531271e-13,3.182049146475816e-07,7.788246091380013e-13,0.9985927776567126,0.9999999999999999,0.9999996798113506,0.9999999945708881
