method,dimension,iteration,x,f_val,dist_to_min,step_size,grad_norm,grad_cosine_sim,rel_improvement_f,rel_improvement_dist,rel_improvement_grad
NewtonRaphson,2,0,"[-0.8917008149773724, -0.7102798229967362]",230.20450889187788,2.550213529557045,,618.9048446307448,,,,
NewtonRaphson,2,1,"[-0.8854386008175755, 0.7839623043589163]",3.554878871206787,1.8977752773684364,1.494255249443859,3.7847730622198417,0.8747003608942656,0.9845577356919779,0.2558367150933957,0.993884725422568
NewtonRaphson,2,2,"[0.9853354914996751, -2.5289096643398645]",1224.8572058259963,3.528940133649316,3.8045914873315336,1546.7955108065285,-0.8908136238624419,-343.5566642922463,-0.8595142300213469,-407.6891037792642
NewtonRaphson,2,3,"[0.9853564127636356, 0.9709272685728823]",0.00021443464715606737,0.032552394071440185,3.4998369329752785,0.029290484712260777,-0.8917791417885005,0.9999998249309012,0.9907755890327963,0.9999810637640802
NewtonRaphson,2,4,"[0.9999999668078051, 0.9997855000360099]",4.598176007172654e-06,0.00021449996655826108,0.0323609517508982,0.09589755020706954,-0.8944526910745585,0.9785567487896392,0.9934106239286881,-2.274017181659256
NewtonRaphson,2,5,"[0.9999999987466972, 0.999999997492316]",1.5708841815996384e-18,2.8034348013892163e-09,0.00021449745868406216,2.0864385137935717e-09,-0.8434079120534789,0.9999999999996583,0.9999869303718487,0.9999999782430469
