experiment_num,initial_value,final_value,iterations,runtime,success,distance_to_minimum,f_error,initial_gradient_norm,final_gradient_norm,mean_gradient_norm,mean_cosine_similarity,mean_gradient_angle,std_gradient_norm,std_cosine_similarity,std_gradient_angle
0,836.2305143861931,830.352401550569,1000,0.11790966987609863,False,588.7799206374964,830.352401550569,1.0122438696219087,0.46843122182856317,0.630992445245416,0.999951081338352,0.14573012788581013,0.3258126104437903,0.00040115830786973257,0.5478345044043961
1,838.3804435465119,830.5937317050912,1000,0.10788702964782715,False,589.111409596315,830.5937317050912,1.479790172644479,0.6331255993828308,0.7434797662745968,0.9999672026675855,0.13356043490609637,0.3643608162185615,0.00022524131836279662,0.4444692530966906
