method,dimension,iteration,x,f_val,dist_to_min,step_size,grad_norm,grad_cosine_sim,rel_improvement_f,rel_improvement_dist
NewtonRaphson,8,0,"[-1.2793278890250246, -1.989814545230416, 2.0649731611138735, -0.31809940471845133, 0.09514143719533275, -2.0073477549749357, -0.7669884759264016, 0.15628039648316244]",56.5618861788663,3.8226345557029062,,126.93615889773834,,,
NewtonRaphson,8,1,"[-2.19388014746874, -1.989912235614021, 1.9851750467730265, -0.6753232627521568, -0.01314646233472555, -1.9899030555777253, -2.1501093345040676, -0.08126903897885066]",48.3485805721338,4.664686922992358,1.7180995597494877,105.02747541300303,-0.3232605658751244,0.14520918875936126,-0.22028063499640888
NewtonRaphson,8,2,"[-1.7359181774066605, -1.9899122337085495, 1.9899180899994202, -0.36548415315542115, 2.9829778694574413e-05, -1.9899122337252713, -1.9142205045595884, 0.007841489759185097]",47.70007482345717,4.323258911456242,0.6078731590558434,81.18200251274072,-0.9405497604151893,0.013413129010252671,0.07319419656080423
NewtonRaphson,8,3,"[0.061717691097390226, -1.9899122337085495, 1.9899122337153508, -0.5490987380688875, -3.475313366621026e-13, -1.9899122337085497, -1.9976080719765845, -6.3191528646717315e-06]",36.50679696041418,4.021816579659631,1.8089289944477682,30.048881754044125,0.1913723624530261,0.23465954517829277,0.0697257180220728
NewtonRaphson,8,4,"[-0.0032738521090691364, -1.9899122337085495, 1.9899122337085497, -0.501044845132576, -5.048709793414476e-29, -1.9899122337085497, -1.9899179991493492, 3.303850316699504e-15]",36.17228152634934,4.0112444941525265,0.08119245392714428,1.426476677284157,-0.9708648422934951,0.009163100077707981,0.002628684152472969
NewtonRaphson,8,5,"[4.5950907701401353e-07, -1.9899122337085495, 1.9899122337085497, -0.5025459674661868, -5.605193857299268e-45, -1.9899122337085497, -1.9899122337151414, 3.944304526105059e-31]",36.170597753247414,4.011428079985327,0.0036020158346992104,0.00018433384110901519,-0.8398207429684088,4.6548711634270665e-05,-4.576779926239472e-05
NewtonRaphson,8,6,"[-1.270337662644637e-18, -1.9899122337085495, 1.9899122337085497, -0.5025460365546744, -6.223015277861142e-61, -1.9899122337085497, -1.9899122337085495, 4.3790577010150533e-47]",36.170597753206465,4.011428088637338,4.6467387598337155e-07,7.497028004041331e-14,0.1393984186690572,1.1320956911246563e-12,-2.156840529345758e-09
