method,dimension,iteration,x,f_val,dist_to_min,step_size,grad_norm,grad_cosine_sim,rel_improvement_f,rel_improvement_dist
NewtonRaphson,8,0,"[0.6418656812385596, -0.9526745950817019, 0.1629848677209296, -1.529211330054579, -1.0364382911419585, 0.1536189324270575, 0.5762558949257716, 0.13372572965946738]",73.25732445733442,2.265477506154978,,107.14513211004615,,,
NewtonRaphson,8,1,"[0.4484379438045258, -0.996167712028247, -0.0975665948462405, -1.5074347186304604, -0.994178181225949, -0.07558147830587536, 0.49640798082376447, -0.04358168308142282]",67.49373252498434,2.172037852733691,0.44698946234911635,53.75526696326431,-0.9275875599424586,0.07867598189047756,0.041245014866589824
NewtonRaphson,8,2,"[0.504579575256994, -0.9949587592709264, 0.014300315935749514, -1.5076407255477136, -0.9949587042161007, 0.006210447123699059, 0.5025471923911137, 0.0011171239039545616]",64.80155338975675,2.181803120833141,0.15618512753098418,6.246048709718222,-0.8975550000407237,0.03988783898165684,-0.004495901435216514
NewtonRaphson,8,3,"[0.5025457163462257, -0.9949586376523363, -3.841286543032965e-05, -1.5076407318703584, -0.9949586376523352, -3.1381623655825364e-06, 0.5025460365546072, -1.825393140244755e-08]",64.75392327564353,2.1812773035615294,0.015798492832103987,0.015292913801881127,-0.9373772554762945,0.0007350150053771274,0.00024100124644199796
NewtonRaphson,8,4,"[0.5025460365546695, -0.9949586376523347, 7.421197581155073e-13, -1.5076407318703584, -0.9949586376523348, 4.0464119143053534e-16, 0.5025460365546747, 7.610061635487855e-23]",64.75392298097273,2.1812773769940836,3.854217452702005e-05,2.944685262238776e-10,-0.9966087965515111,4.550624627486406e-09,-3.366493299114831e-08
