method,dimension,iteration,x,f_val,dist_to_min,step_size,grad_norm,grad_cosine_sim,rel_improvement_f,rel_improvement_dist,rel_improvement_grad
NewtonRaphson,128,0,,2.3062021498699323,4.2735383313926825,,1.0785903204789518,,,,
NewtonRaphson,128,1,,0.001629327300179284,0.0016555290665610015,4.273130261384904,0.0003167827180995232,0.24197238212622238,0.9992935019593703,0.9996126092857529,0.9997062993130156
NewtonRaphson,128,2,,0.0016291284700855613,0.0005245038776390722,0.0012552450216303413,1.8011179978152128e-09,0.0989431642978389,0.00012203201511501838,0.6831805081328992,0.9999943143426239
