method,dimension,iteration,x,f_val,dist_to_min,step_size,grad_norm,grad_cosine_sim,rel_improvement_f,rel_improvement_dist,rel_improvement_grad
NewtonRaphson,128,0,,3.0598881062469445,4.923184422998018,,1.2423485135394257,,,,
NewtonRaphson,128,1,,0.0016301456635119393,0.0031046638531144035,4.9238952426691105,0.000716523343796269,-0.2561220109634027,0.9994672531782506,0.9993693789250284,0.9994232509348324
NewtonRaphson,128,2,,0.0016291284700855613,0.0005245031484012445,0.0028392190654553933,4.823715358001447e-09,-0.5492215027349435,0.0006239892846058055,0.8310596015491031,0.9999932678880601
