method,dimension,iteration,x,f_val,dist_to_min,step_size,grad_norm,grad_cosine_sim,rel_improvement_f,rel_improvement_dist,rel_improvement_grad
NewtonRaphson,128,0,,1.3794950814190088,3.3044820158109705,,0.8338956007885397,,,,
NewtonRaphson,128,1,,0.0016292479704134166,0.0013524470005601764,3.304881385864592,0.0002455836949593549,-0.3390060961645971,0.9988189534037791,0.9995907234495182,0.9997054982725331
NewtonRaphson,128,2,,0.0016291284773615189,0.0005245034680003185,0.000973122131882888,1.642324109823409e-09,-0.18815860735170895,7.334245864821511e-05,0.6121818690247589,0.9999933125686129
