method,dimension,iteration,x,f_val,dist_to_min,step_size,grad_norm,grad_cosine_sim,rel_improvement_f,rel_improvement_dist,rel_improvement_grad
NewtonRaphson,128,0,,0.5700030364168924,2.1223254246640844,,0.5355991125308909,,,,
NewtonRaphson,128,1,,0.0016291495485347696,0.0008288239988425957,2.1224442825852425,0.00010310800563693699,-0.2014263396059784,0.997141858122764,0.9996094736513021,0.9998074903351692
NewtonRaphson,128,2,,0.0016291284700855613,0.0005245036045541316,0.0004085630665677256,4.993614923678917e-10,0.278486742234966,1.2938314488836827e-05,0.3671713110544937,0.9999951569086292
