method,dimension,iteration,x,f_val,dist_to_min,step_size,grad_norm,grad_cosine_sim,rel_improvement_f,rel_improvement_dist,rel_improvement_grad
NewtonRaphson,128,0,,2.5083870524249505,4.457190541584618,,1.1247763482023665,,,,
NewtonRaphson,128,1,,0.001629667924134992,0.0023710958509053554,4.457756533886231,0.0005218017565205664,-0.26684803607927476,0.9993503124158771,0.9994680290580393,0.999536083989182
NewtonRaphson,128,2,,0.0016291284700855613,0.000524504021275648,0.0020676291660597502,3.230909705920443e-09,0.0172683267139803,0.00033102084261560415,0.7787925692352856,0.9999938081662901
