method,dimension,iteration,x,f_val,dist_to_min,step_size,grad_norm,grad_cosine_sim,rel_improvement_f,rel_improvement_dist,rel_improvement_grad
NewtonRaphson,128,0,,0.7635440400190419,2.457248039991042,,0.6201314128963415,,,,
NewtonRaphson,128,1,,0.001629155369300861,0.0008992563022376518,2.457291873412965,0.00011649746470688531,-0.06120678861309795,0.9978663242931473,0.999634039263598,0.9998121406813392
NewtonRaphson,128,2,,0.0016291284700855613,0.0005245035798025369,0.0004616190883728667,6.75533429333943e-10,0.008804667399610633,1.651114178949041e-05,0.4167362758566209,0.9999942013035988
