method,dimension,iteration,x,f_val,dist_to_min,step_size,grad_norm,grad_cosine_sim,rel_improvement_f,rel_improvement_dist
NewtonRaphson,8,0,"[0.4113729431222925, -0.11450890246779624, 0.5364081907668768, 1.2613557932574624, -0.19392312926460434, -0.1939095322530578, 1.3078858731795115, 0.6355806076231377]",4.25082742419494,2.061753482886579,,4.123506965773158,,,
NewtonRaphson,8,1,"[0.0, 0.0, 0.0, 0.0, 0.0, 0.0, 0.0, 0.0]",0.0,0.0,2.061753482886579,0.0,,1.0,1.0
