experiment_num,initial_value,final_value,iterations,runtime,success,distance_to_minimum,f_error,initial_gradient_norm,final_gradient_norm,mean_gradient_norm,mean_cosine_similarity,mean_gradient_angle,std_gradient_norm,std_cosine_similarity,std_gradient_angle
0,8.81038911447341,7.180951647715402,299,0.050112247467041016,True,3.1277876022179396,7.180951647715402,6.942132983413247,1.9399346927648914e-06,0.5216148669744745,0.6426933090213405,42.919239356207534,1.2949375687204077,0.48049623562197347,37.58569376620623
1,10.213310395499885,7.961711274689835,318,0.056838035583496094,True,3.5732949365742024,7.961711274689835,1.175130779138109,9.796699443727931e-07,0.5423253760373153,0.6580120545491843,41.75834738764852,1.2442170260716627,0.4506613809645994,34.842471113546324
