method,dimension,iteration,x,f_val,dist_to_min,step_size,grad_norm,grad_cosine_sim,rel_improvement_f,rel_improvement_dist,rel_improvement_grad
NewtonRaphson,8192,0,,76096.1850986837,4.29641963537429,,40854.01598541005,,,,
NewtonRaphson,8192,1,,1.5844500667173685e-28,1.9153219559299744e-16,4.29641963537429,1.883504236798624e-12,-0.006648597706229502,1.0,1.0,1.0
