method,dimension,iteration,x,f_val,dist_to_min,step_size,grad_norm,grad_cosine_sim,rel_improvement_f,rel_improvement_dist,rel_improvement_grad
NewtonRaphson,8192,0,,32661.079106605102,2.8275599995459983,,26716.791748866297,,,,
NewtonRaphson,8192,1,,6.185346850023963e-29,1.197204784013242e-16,2.8275599995459983,1.159881634392333e-12,0.03063154200813991,1.0,1.0,1.0
