method,dimension,iteration,x,f_val,dist_to_min,step_size,grad_norm,grad_cosine_sim,rel_improvement_f,rel_improvement_dist,rel_improvement_grad
NewtonRaphson,8192,0,,94099.67790036387,4.743881763800816,,45561.90122574056,,,,
NewtonRaphson,8192,1,,1.779494668730336e-28,1.9917255229543624e-16,4.743881763800816,1.995901563444578e-12,0.02189032724300239,1.0,1.0,1.0
