method,dimension,iteration,x,f_val,dist_to_min,step_size,grad_norm,grad_cosine_sim,rel_improvement_f,rel_improvement_dist,rel_improvement_grad
NewtonRaphson,8192,0,,20992.94528272328,2.2782359821361564,,21282.12250459572,,,,
NewtonRaphson,8192,1,,3.8032501856283263e-29,9.796746955828757e-17,2.2782359821361564,8.942716442151243e-13,-0.019871071052025076,1.0,1.0,1.0
