method,dimension,iteration,x,f_val,dist_to_min,step_size,grad_norm,grad_cosine_sim,rel_improvement_f,rel_improvement_dist,rel_improvement_grad
NewtonRaphson,8192,0,,25734.09418199751,2.530426274697536,,23660.606326510606,,,,
NewtonRaphson,8192,1,,4.870709957490681e-29,1.0537207412840568e-16,2.530426274697536,1.0514656213407907e-12,0.06099835128415571,1.0,1.0,1.0
