method,dimension,iteration,x,f_val,dist_to_min,step_size,grad_norm,grad_cosine_sim,rel_improvement_f,rel_improvement_dist,rel_improvement_grad
NewtonRaphson,8192,0,,19859.62967361763,2.213215702100789,,20768.777049157376,,,,
NewtonRaphson,8192,1,,3.429030275917638e-29,9.369182757865728e-17,2.213215702100789,8.583192820594838e-13,-0.004016128236181724,1.0,1.0,1.0
