method,dimension,iteration,x,f_val,dist_to_min,step_size,grad_norm,grad_cosine_sim,rel_improvement_f,rel_improvement_dist,rel_improvement_grad
NewtonRaphson,8192,0,,91583.0821918277,4.680330396128745,,44994.419464500985,,,,
NewtonRaphson,8192,1,,1.7440549825136478e-28,1.9946275762844417e-16,4.680330396128745,1.9732762478698364e-12,0.03768506394210113,1.0,1.0,1.0
