method,dimension,iteration,x,f_val,dist_to_min,step_size,grad_norm,grad_cosine_sim,rel_improvement_f,rel_improvement_dist,rel_improvement_grad
NewtonRaphson,8192,0,,27612.969543944106,2.6046927345920645,,24457.821983525555,,,,
NewtonRaphson,8192,1,,5.840237844325844e-29,1.180888712557258e-16,2.6046927345920645,1.1277802399105986e-12,-0.03408287658725312,1.0,1.0,1.0
