method,dimension,iteration,x,f_val,dist_to_min,step_size,grad_norm,grad_cosine_sim,rel_improvement_f,rel_improvement_dist,rel_improvement_grad
NewtonRaphson,8192,0,,54276.184502839824,3.6715028995321446,,34243.10254384855,,,,
NewtonRaphson,8192,1,,1.0308146053321633e-28,1.5595629381550627e-16,3.6715028995321446,1.5112643040792665e-12,-0.00639976811393332,1.0,1.0,1.0
