method,dimension,iteration,x,f_val,dist_to_min,step_size,grad_norm,grad_cosine_sim,rel_improvement_f,rel_improvement_dist,rel_improvement_grad
NewtonRaphson,8192,0,,54688.747222226906,3.673072508780565,,34462.49655688019,,,,
NewtonRaphson,8192,1,,1.0295112742160571e-28,1.5564117890835526e-16,3.673072508780565,1.5036579208637111e-12,0.0018243718861774907,1.0,1.0,1.0
