experiment_num,initial_value,final_value,iterations,runtime,success,distance_to_minimum,f_error,initial_gradient_norm,final_gradient_norm,mean_gradient_norm,mean_cosine_similarity,mean_gradient_angle,std_gradient_norm,std_cosine_similarity,std_gradient_angle
0,842.127039674179,830.0751967494323,352,0.05618453025817871,True,587.9302962812105,830.0751967494323,1.3566301910293193,9.053135073301569e-07,0.32914319648913754,0.9985077693296148,2.026289839902627,0.4989046708497438,0.0033110119933810775,2.388731225940557
1,837.6978816311629,830.0751967494315,292,0.049085378646850586,True,587.9302975081578,830.0751967494315,1.3686738257255269,3.460292412002936e-07,0.29926001493912385,0.990691700632898,1.895708467423438,0.43064174827477614,0.06635270782479286,7.966055735208447
