method,dimension,iteration,x,f_val,dist_to_min,step_size,grad_norm,grad_cosine_sim,rel_improvement_f,rel_improvement_dist,rel_improvement_grad
NewtonRaphson,2048,0,,0.6041919537819922,2.1405557255827663,,0.5401862180703593,,,,
NewtonRaphson,2048,1,,0.026066056918352842,0.0021576462102250345,2.1404629422780115,2.5794412626701925e-05,0.0794796995543057,0.956857987341291,0.9989920158655821,0.9999522490360475
