method,dimension,iteration,x,f_val,dist_to_min,step_size,grad_norm,grad_cosine_sim,rel_improvement_f,rel_improvement_dist,rel_improvement_grad
NewtonRaphson,2048,0,,3.080225190962665,4.919782230091597,,1.2415815964950718,,,,
NewtonRaphson,2048,1,,0.026066092425026,0.0024469844641348765,4.919819280908651,0.0001362796980903498,-0.08163242592208071,0.9915376016982448,0.9995026234191489,0.9998902370182716
NewtonRaphson,2048,2,,0.02606605552136898,0.0020980134765114997,0.0005400056158801036,7.45047868450338e-10,0.08610594565512099,1.4157725069564786e-06,0.14261266989561963,0.9999945329504035
