method,dimension,iteration,x,f_val,dist_to_min,step_size,grad_norm,grad_cosine_sim,rel_improvement_f,rel_improvement_dist,rel_improvement_grad
NewtonRaphson,2048,0,,2.8381684843916446,4.720777444011636,,1.1913659713185425,,,,
NewtonRaphson,2048,1,,0.026066087768413126,0.0024185295845671286,4.72082975774311,0.00012717038032428467,-0.07397431936287287,0.9908158772420446,0.9994876840492375,0.9998932566621963
NewtonRaphson,2048,2,,0.02606605552136898,0.0020980134922158685,0.0005039100805531027,6.848040571568914e-10,0.10389919079196241,1.2371263548470783e-06,0.13252518984944586,0.9999946150663747
