method,dimension,iteration,x,f_val,dist_to_min,step_size,grad_norm,grad_cosine_sim,rel_improvement_f,rel_improvement_dist,rel_improvement_grad
NewtonRaphson,2048,0,,1.181392401107587,3.0258034807241314,,0.7636280219133714,,,,
NewtonRaphson,2048,1,,0.026066060992889106,0.00222143292470081,3.0258999396528137,5.186154455767588e-05,-0.09243072159834494,0.9779361531626143,0.9992658370119366,0.9999320853307245
