method,dimension,iteration,x,f_val,dist_to_min,step_size,grad_norm,grad_cosine_sim,rel_improvement_f,rel_improvement_dist,rel_improvement_grad
NewtonRaphson,2048,0,,1.9060749229975045,3.8599322191397376,,0.97411751425713,,,,
NewtonRaphson,2048,1,,0.02606606890913099,0.0023031801807332605,3.859925216466214,8.19944673274842e-05,-0.01163238946225208,0.9863247406517791,0.9994033107189517,0.9999158269242392
