method,dimension,iteration,x,f_val,dist_to_min,step_size,grad_norm,grad_cosine_sim,rel_improvement_f,rel_improvement_dist,rel_improvement_grad
NewtonRaphson,2048,0,,2.149736872408539,4.102425254005153,,1.0353174462728643,,,,
NewtonRaphson,2048,1,,0.026066072401590645,0.002331368050269758,4.102471259170795,9.196553635432516e-05,-0.07016537015071132,0.987874761448183,0.9994317098043421,0.9999111716539837
