method,dimension,iteration,x,f_val,dist_to_min,step_size,grad_norm,grad_cosine_sim,rel_improvement_f,rel_improvement_dist,rel_improvement_grad
NewtonRaphson,2048,0,,3.0890467796707526,4.926814905767238,,1.2433696482214587,,,,
NewtonRaphson,2048,1,,0.026066091377288103,0.002447183040805543,4.9269481481568755,0.00013431488472442438,-0.1230768014144916,0.9915617686501769,0.9995032930833385,0.9998919750977382
NewtonRaphson,2048,2,,0.02606605552136898,0.0020980135576322244,0.0005322198802097372,6.908273507570311e-10,0.16586170680467896,1.3755771282969524e-06,0.14268220944289556,0.999994856658276
