method,dimension,iteration,x,f_val,dist_to_min,step_size,grad_norm,grad_cosine_sim,rel_improvement_f,rel_improvement_dist,rel_improvement_grad
NewtonRaphson,2048,0,,1.2691446309909225,3.138704085709715,,0.7921032831249085,,,,
NewtonRaphson,2048,1,,0.026066061458550394,0.002230428028674581,3.1386698773848893,5.4202428877800665e-05,0.05535444891347988,0.9794617092315172,0.9992893793209657,0.9999315715134219
