method,dimension,iteration,x,f_val,dist_to_min,step_size,grad_norm,grad_cosine_sim,rel_improvement_f,rel_improvement_dist,rel_improvement_grad
NewtonRaphson,2048,0,,2.7524396317312494,4.648261424737732,,1.1730664985706811,,,,
NewtonRaphson,2048,1,,0.02606608415953815,0.002406044479271528,4.648309946752299,0.00011988394883109773,-0.07213924629164821,0.9905298253015116,0.9994823775473413,0.9998978029387277
NewtonRaphson,2048,2,,0.02606605552136898,0.00209801347999152,0.0004750376971570881,6.36775753736661e-10,0.1234841229941039,1.0986755430599126e-06,0.12802381748706052,0.9999946883985726
