method,dimension,iteration,x,f_val,dist_to_min,step_size,grad_norm,grad_cosine_sim,rel_improvement_f,rel_improvement_dist,rel_improvement_grad
NewtonRaphson,2048,0,,3.0660853411536664,4.908375700462015,,1.2387013047599897,,,,
NewtonRaphson,2048,1,,0.026066092890687287,0.0024467488080595697,4.908438553781382,0.00013699140509866044,-0.1095433650461083,0.991498575548168,0.9995015155812482,0.9998894072327428
NewtonRaphson,2048,2,,0.02606605552136898,0.0020980135053057787,0.000542825760946548,7.525177790354709e-10,0.07902698301035477,1.433637118656825e-06,0.14253007975524903,0.9999945068248733
