method,dimension,iteration,x,f_val,dist_to_min,step_size,grad_norm,grad_cosine_sim,rel_improvement_f,rel_improvement_dist,rel_improvement_grad
NewtonRaphson,2048,0,,0.6375936527037993,2.201526293797526,,0.5555714237891382,,,,
NewtonRaphson,2048,1,,0.026066057151183486,0.00216155881518112,2.2014339040438324,2.710927663506133e-05,0.03479430150781642,0.9591180730224541,0.9990181544407299,0.9999512046957884
