method,dimension,iteration,x,f_val,dist_to_min,step_size,grad_norm,grad_cosine_sim,rel_improvement_f,rel_improvement_dist,rel_improvement_grad
NewtonRaphson,2048,0,,1.9370390779804438,3.8916230136269587,,0.9821088090126814,,,,
NewtonRaphson,2048,1,,0.026066069258376956,0.002305919046143038,3.8915649169188073,8.278555987099143e-05,0.028709996435531206,0.9865433436244593,0.9994074659754892,0.9999157063259069
