method,dimension,iteration,x,f_val,dist_to_min,step_size,grad_norm,grad_cosine_sim,rel_improvement_f,rel_improvement_dist,rel_improvement_grad
NewtonRaphson,2048,0,,1.3899394161999226,3.287632338625017,,0.8296931508804538,,,,
NewtonRaphson,2048,1,,0.026066062855534256,0.0022442783953246126,3.2876649733013132,6.023676335123183e-05,-0.04835835832727143,0.9812466194197165,0.9993173572455297,0.9999273987458046
