method,dimension,iteration,x,f_val,dist_to_min,step_size,grad_norm,grad_cosine_sim,rel_improvement_f,rel_improvement_dist,rel_improvement_grad
NewtonRaphson,2048,0,,1.708024035091512,3.6510094932857444,,0.9213829444276551,,,,
NewtonRaphson,2048,1,,0.026066066580824554,0.002279726152196282,3.650934318584848,7.423050397117165e-05,0.042252408418165646,0.98473905164957,0.999375590187758,0.9999194357737788
