method,dimension,iteration,x,f_val,dist_to_min,step_size,grad_norm,grad_cosine_sim,rel_improvement_f,rel_improvement_dist,rel_improvement_grad
NewtonRaphson,2048,0,,2.4279566650511697,4.362935552693676,,1.101052275278286,,,,
NewtonRaphson,2048,1,,0.026066078804433346,0.0023674162870302505,4.362907412194377,0.00010818640125341164,-0.020343071888169546,0.9892641910872474,0.9994573799547489,0.9999017427204118
NewtonRaphson,2048,2,,0.02606605552136898,0.002098013523215079,0.0004286862065647531,5.329275856763868e-10,0.22665214557619992,8.932323323378795e-07,0.11379610983124451,0.999995073987308
