experiment_num,initial_value,final_value,iterations,runtime,success,distance_to_minimum,f_error,initial_gradient_norm,final_gradient_norm,mean_gradient_norm,mean_cosine_similarity,mean_gradient_angle,std_gradient_norm,std_cosine_similarity,std_gradient_angle
0,11.79193670475443,3.6496009970958694,1000,0.12077593803405762,False,1.5617334631701782,3.6496009970958694,8.861228966881313,4.927790649496616,6.80176557631995,0.9999999999992795,6.787795826903236e-05,1.1374722853015966,2.348507878583058e-13,1.1097283112528024e-05
1,10.247380902248107,2.9788645377784326,1000,0.11832094192504883,False,1.2912123853114246,2.9788645377784326,8.595724712332132,4.733765843542352,6.566017878347789,0.9999999965382251,0.004733901393844874,1.1168832415615713,8.181401507219081e-10,0.0005646685978396405
