experiment_num,initial_value,final_value,iterations,runtime,success,distance_to_minimum,f_error,initial_gradient_norm,final_gradient_norm,mean_gradient_norm,mean_cosine_similarity,mean_gradient_angle,std_gradient_norm,std_cosine_similarity,std_gradient_angle
0,8.81038911447341,7.180952790385936,1000,0.17357492446899414,False,3.127985459162554,7.180952790385936,6.942132983413247,0.010767914660849316,0.03762401642649076,0.38405065387139764,61.68892649051525,0.4176789899963978,0.6377143663046809,47.45661516581192
1,10.213310395499885,7.961711285665052,1000,0.15901517868041992,False,3.57328650435107,7.961711285665052,1.175130779138109,0.001077974325158047,0.06207450301069809,0.39079915522249187,60.57382178880557,0.47200739059765173,0.6600393562497554,49.495037195884244
