experiment_num,initial_value,final_value,iterations,runtime,success,distance_to_minimum,f_error,initial_gradient_norm,final_gradient_norm,mean_gradient_norm,mean_cosine_similarity,mean_gradient_angle,std_gradient_norm,std_cosine_similarity,std_gradient_angle
0,6210.046080845417,0.048905495461851176,400,0.1466379165649414,False,0.45169309464924123,0.048905495461851176,6974.699699251104,0.2627550233603731,27.443132961235463,0.9869082485706826,1.1830400072995644,385.65428114287556,0.15293809130598976,13.146829287713826
1,969.920539975806,0.10273660583617486,400,0.13018584251403809,False,0.6271618946902647,0.10273660583617486,632.3668255315068,0.3977866035012488,8.230506695264534,0.9954684230086522,1.2251410840229593,53.06842042801244,0.025824489377891488,5.389187144056863
