experiment_num,initial_value,final_value,iterations,runtime,success,distance_to_minimum,f_error,initial_gradient_norm,final_gradient_norm,mean_gradient_norm,mean_cosine_similarity,mean_gradient_angle,std_gradient_norm,std_cosine_similarity,std_gradient_angle
0,9.330944685108364,7.499990000003681e-05,1000,0.11330604553222656,False,0.00707106250856479,7.499990000003681e-05,6.923285918909117,0.022360666358590412,0.7562279095663365,-0.42407695849250376,128.32112810718783,1.5325379142454305,0.8977815559016974,79.83840806037186
1,13.72434383426329,7.499990000003928e-05,1000,0.12689495086669922,False,0.007071062508564964,7.499990000003928e-05,8.861535569434404,0.022360666358590638,1.0270640301656953,-0.3771429626630372,123.90706811376974,2.059871980789865,0.9204048025198042,82.19511691783657
