experiment_num,initial_value,final_value,iterations,runtime,success,distance_to_minimum,f_error,initial_gradient_norm,final_gradient_norm,mean_gradient_norm,mean_cosine_similarity,mean_gradient_angle,std_gradient_norm,std_cosine_similarity,std_gradient_angle
0,8.759315841358463,1.232595164407831e-32,2,0.003786325454711914,True,1.1102230246251565e-16,1.232595164407831e-32,8.180116885960693,2.220446049250313e-16,4.161130032059529,0.6766862260665623,38.724177474859744,3.3410309366339344,0.3113340073267131,29.84656207524047
1,21.25025902067968,4.930380657631324e-32,3,0.003307819366455078,True,2.220446049250313e-16,4.930380657631324e-32,9.730065336612952,4.440892098500626e-16,4.957254813419242,0.9851546327847887,8.958348475401415,3.767211972325666,0.01254273715786179,4.199238470310132
