experiment_num,initial_value,final_value,iterations,runtime,success,distance_to_minimum,f_error,initial_gradient_norm,final_gradient_norm,mean_gradient_norm,mean_cosine_similarity,mean_gradient_angle,std_gradient_norm,std_cosine_similarity,std_gradient_angle
0,6.249179544067276,4.999990000005004e-05,1000,0.10001182556152344,False,0.007071060740797666,4.999990000005004e-05,4.999671806855837,0.014142121481595332,0.5230580451816454,-0.49242472212658034,134.1303185640676,1.1314932706319107,0.8649021768480182,77.19002924201452
1,15.110461803558398,4.999990000003665e-05,1000,0.12729692459106445,False,0.00707106074079672,4.999990000003665e-05,7.774435491676138,0.01414212148159344,1.2164441243515853,-0.25568421348830667,113.00965694275712,2.0790802411897435,0.9605724769282347,85.70100790572383
