experiment_num,initial_value,final_value,iterations,runtime,success,distance_to_minimum,f_error,initial_gradient_norm,final_gradient_norm,mean_gradient_norm,mean_cosine_similarity,mean_gradient_angle,std_gradient_norm,std_cosine_similarity,std_gradient_angle
0,837.2104862956903,830.5631998624233,1000,0.10783147811889648,False,589.0605339675367,830.5631998624233,1.2428331579360319,0.6151655399064896,0.6704609770727864,0.9999496450938001,0.14843683758805182,0.3490436866302035,0.0004182315836088407,0.5556723323204165
1,843.3996016418719,831.2568372571662,1000,0.11264467239379883,False,590.3669479082184,831.2568372571662,1.5032430868275506,0.9519121355027188,0.8833683861929089,0.9997558597959344,0.16816430878673383,0.5006780849998694,0.003977843008627508,1.2619304440992485
