experiment_num,initial_value,final_value,iterations,runtime,success,initial_distance_to_minimum,final_distance_to_minimum,f_error,initial_gradient_norm,final_gradient_norm,mean_gradient_norm,std_gradient_norm,mean_cosine_similarity,std_cosine_similarity,mean_gradient_angle,std_gradient_angle,mean_best_so_far,std_best_so_far,mean_distance_to_minimum,std_distance_to_minimum,mean_improvement,std_improvement,mean_relative_improvement,std_relative_improvement,mean_step_size,std_step_size
0,71.41622592798691,0.03148435908627997,1600,3.1543009281158447,False,2.911740943587981,0.3319984806350189,0.03148435908627997,205.45755271026832,0.3377602249479983,1.4130426349817649,1.3073865994666516,0.649424669552984,0.08002939953187842,45.28011988007617,6.217193397464902,0.786034835094905,1.4007109696965927,0.9177357110284216,0.5856029715414001,0.3934358699686312,0.35219641315510125,98.89936099971524,1.961334348736112,0.0031134934047392206,0.005156156486919291
1,70.98468062916169,0.03158435881814376,1600,3.1421024799346924,False,2.960302860230585,0.33296462893916423,0.03158435881814376,226.43447473251052,0.2124060268988885,1.5263488535014214,1.4273314661067884,0.6517460356835623,0.08633059615749264,45.27063507284216,6.688986579106013,0.9386920696273354,1.5449549994387275,0.9818491476475245,0.6369529394557231,0.43702606009269596,0.28876136484461995,98.67761316764772,2.176462563112574,0.003141907590485592,0.0043195696358764605
