experiment_num,initial_value,final_value,iterations,runtime,success,distance_to_minimum,f_error,initial_gradient_norm,final_gradient_norm,mean_gradient_norm,mean_cosine_similarity,mean_gradient_angle,std_gradient_norm,std_cosine_similarity,std_gradient_angle
0,484.51297394587004,0.13640219851760607,400,0.12949061393737793,False,0.9502442018393916,0.13640219851760607,455.46323484241015,0.3932114951083523,3.6935380626816063,0.9580952282040073,3.7844466467838163,35.01012386715296,0.2740676741481549,24.063441105520887
1,59553.116298869834,0.10661632970935761,400,0.13759589195251465,False,0.6372165583703416,0.10661632970935761,47045.57497908122,0.4064893954761931,306.3912864387756,0.9960941277737646,1.2011043241818478,2885.4393799995332,0.0240193409975364,4.988538345979214
