experiment_num,initial_value,final_value,iterations,runtime,success,distance_to_minimum,f_error,initial_gradient_norm,final_gradient_norm,mean_gradient_norm,mean_cosine_similarity,mean_gradient_angle,std_gradient_norm,std_cosine_similarity,std_gradient_angle
0,44.466849227435205,121.64840764408845,1000,0.12326765060424805,False,10.943294301140739,121.64840764408845,66.9683345457935,30.672366986169745,33.19367088948646,-0.9320783264261354,173.24614235438395,9.694692928418842,0.3007831018795739,25.85269742167377
1,25.302386846026153,10.335222338169707,1000,0.12096619606018066,False,2.81445331426749,10.335222338169707,61.22585032617443,42.05982660502717,47.483556030824836,-0.715279970510426,152.17683745131666,12.61601119335057,0.5078697237134646,41.94266858930129
