experiment_num,initial_value,final_value,iterations,runtime,success,distance_to_minimum,f_error,initial_gradient_norm,final_gradient_norm,mean_gradient_norm,mean_cosine_similarity,mean_gradient_angle,std_gradient_norm,std_cosine_similarity,std_gradient_angle
0,44.466849227435205,26.786062973402203,1000,0.11213445663452148,False,3.5978503368835555,26.786062973402203,66.9683345457935,81.34573071048496,73.21286176316609,-0.8897452695337756,160.35916672398136,10.402916847885974,0.16836312832970196,19.72207706980441
1,25.302386846026153,46.33400091150396,1000,0.10974359512329102,False,3.499537898253502,46.33400091150396,61.22585032617443,63.41247248185021,73.06359882053502,-0.8815963015569109,159.21694631545665,10.761396280614159,0.1738754676111021,20.029249900151743
