experiment_num,initial_value,final_value,iterations,runtime,success,initial_distance_to_minimum,final_distance_to_minimum,f_error,initial_gradient_norm,final_gradient_norm,mean_gradient_norm,std_gradient_norm,mean_cosine_similarity,std_cosine_similarity,mean_gradient_angle,std_gradient_angle,mean_best_so_far,std_best_so_far,mean_distance_to_minimum,std_distance_to_minimum,mean_improvement,std_improvement,mean_relative_improvement,std_relative_improvement,mean_step_size,std_step_size
0,105.95972272918146,0.026067773948979182,1600,3.089730978012085,False,2.8115456980264772,0.3040806694153161,0.026067773948979182,349.03745541919284,0.24000331289381566,1.5263920921184044,1.7248023320649513,0.6463932956176317,0.06317892810807624,45.68898463000536,4.632125865584103,0.743602165733773,1.3088925419496054,0.8784119492993057,0.5651105351213558,0.4381395260565322,0.425868402020492,99.29822186527014,1.2352736570432077,0.003412861313751256,0.005989211355277962
1,231.40953776080732,0.025326848421422056,1600,3.095027208328247,False,2.9308345625851433,0.3000480147534908,0.025326848421422056,501.4300553197315,0.2298267903339199,1.6072622400625123,1.9599977778715418,0.6440399576367609,0.08230099563333096,45.722731310453575,6.396651126785973,0.8517114824258047,1.6676185088096473,0.8868122497953084,0.5821222784842323,0.4342311878198434,0.4349935263898121,99.63194624963721,0.720635166962462,0.0032415680677056647,0.0055690940282343985
