experiment_num,initial_value,final_value,iterations,runtime,success,distance_to_minimum,f_error,initial_gradient_norm,final_gradient_norm,mean_gradient_norm,mean_cosine_similarity,mean_gradient_angle,std_gradient_norm,std_cosine_similarity,std_gradient_angle
0,15.834855874024363,7.190016887017567,1000,0.13858485221862793,False,2.6814206844539643,7.190016887017567,7.958606881615491,5.362841368907929,6.621230509462687,0.9999999999998418,3.2021632823388456e-05,0.7501191062632221,3.708619724872345e-14,3.7497190777985568e-06
1,6.849658800564728,2.4881116729457644,1000,0.14466261863708496,False,1.5773749309995275,2.4881116729457644,5.234370564094494,3.154749861999055,4.121532010595248,0.9999999732326712,0.013212366153585156,0.599522649702073,4.176068137390114e-09,0.0010850323687685254
