experiment_num,initial_value,final_value,iterations,runtime,success,distance_to_minimum,f_error,initial_gradient_norm,final_gradient_norm,mean_gradient_norm,std_gradient_norm,mean_cosine_similarity,std_cosine_similarity,mean_gradient_angle,std_gradient_angle,mean_best_so_far,std_best_so_far,mean_distance_to_minimum,std_distance_to_minimum,mean_improvement,std_improvement,mean_relative_improvement,std_relative_improvement,mean_step_size,std_step_size
0,12.18927886171323,8.81315177410638,20,0.01879715919494629,True,4.093139342942953,8.81315177410638,0.9846503161800283,7.863061387904865e-05,0.47188916908139567,0.9737085541083607,0.7818368983285723,0.5549345326649064,18.87407794337013,44.651591523978446,8.998676744735008,0.5595402552767702,4.088370022217302,0.017229003437051405,1.3225622599009026,3.3716427493313903,26.17547890384204,4.590429521095768,0.06046495176547955,0.14593616431504033
1,6.931491247667756,5.381864187581289,26,0.02339935302734375,True,2.196558184429125,5.381864187581289,7.006941459776054,9.583920236147155e-05,0.6919645690825696,1.8013665115855564,0.994033317414011,0.013872436200119817,2.0270107337306564,3.9853333305179737,5.49473038461504,0.39853919014998745,2.210354138031967,0.03859784284720866,0.803713234230125,2.860275939259458,20.728019580723608,5.749689005004287,0.010284618800859638,0.0337511716313134
