experiment_num,initial_value,final_value,iterations,runtime,success,distance_to_minimum,f_error,initial_gradient_norm,final_gradient_norm,mean_gradient_norm,mean_cosine_similarity,mean_gradient_angle,std_gradient_norm,std_cosine_similarity,std_gradient_angle
0,7.352890114336599,6.5596453756818995,13,0.009984016418457031,True,2.7922967775418712,6.5596453756818995,7.029158559976569,7.565296325640993e-05,1.4057464425180883,0.6482330677286087,30.963849660559802,2.501716882160418,0.679809053709416,58.48673093447528
1,11.496882878478212,9.001093478373793,19,0.017574787139892578,True,4.2132589220728605,9.001093478373793,2.6405651460657906,9.321315040462731e-05,0.8107193745835648,0.8246492744183855,17.232505157226406,1.7046694763467634,0.4844747190140962,42.48623324158547
