experiment_num,initial_value,final_value,iterations,runtime,success,distance_to_minimum,f_error,initial_gradient_norm,final_gradient_norm,mean_gradient_norm,mean_cosine_similarity,mean_gradient_angle,std_gradient_norm,std_cosine_similarity,std_gradient_angle
0,8.759315841358463,4.071901936150251e-06,1000,0.11471891403198242,False,0.0015152906065264186,4.071901936150251e-06,8.180116885960693,0.005522135298594685,0.11432444731208947,0.9509117603632292,10.312336169816268,0.6286006772269181,0.18121890086079082,17.143329617736146
1,21.25025902067968,6.754064615514941e-07,1000,0.1097869873046875,False,0.0007211218369541664,6.754064615514941e-07,9.730065336612952,0.0019861379379994526,0.14597740683163987,0.9574705377395978,10.063217623628478,0.8017243749712772,0.16791479790561167,15.775720390655275
