method,dimension,iteration,x,f_val,dist_to_min,step_size,grad_norm,grad_cosine_sim,rel_improvement_f,rel_improvement_dist
NewtonRaphson,32,0,"[421.1894505590151, 420.9072523412403, 421.25654685515127, 421.6455675508047, 420.8646371540914, 420.86464445050683, 421.6705364782112, 421.3097646635315, 420.76005538516443, 421.2098254686318, 420.76274711114905, 420.76171958112667, 421.07623328928713, 420.11839669980156, 420.20210904728816, 420.718807208231, 420.5185758498298, 421.10835834055433, 420.56515437711954, 420.3410415576568, 421.62006614911775, 420.8683601078455, 420.9987110009827, 420.33551095826306, 420.72676449236735, 421.01799640828114, 420.45717345279286, 421.1356683601079, 420.7017631193779, 420.83906496154236, 420.7012885115061, 421.79189265960713]",0.7068348315369803,2.3661147045339073,,0.597089845851537,,,
NewtonRaphson,32,1,"[420.96877286571913, 420.9687484234293, 420.96879200488394, 420.968950989598, 420.9687532741719, 420.9687517717331, 420.9689640901931, 420.96880530611065, 420.9687727571726, 420.96877648056346, 420.9687714000931, 420.9687719126656, 420.96875270524936, 420.9692904673447, 420.96916950969415, 420.9687825576368, 420.9688850389195, 420.9687562022046, 420.96885197613574, 420.9690237695683, 420.9689280860961, 420.9687523625187, 420.96874714926315, 420.9690332854968, 420.9687813555351, 420.96874788356195, 420.9689282527548, 420.96876341184475, 420.9687896354909, 420.9687571970662, 420.9687899619145, 420.96902707284966]",0.0004073975906067062,0.0011359401452232236,2.3664528127825646,0.00024141463108500003,-0.31289270700018934,0.9994236311335692,0.9995199133232863
NewtonRaphson,32,2,"[420.96874636005845, 420.9687463599881, 420.9687463601211, 420.9687463606587, 420.968746360002, 420.9687463599977, 420.9687463606813, 420.968746360156, 420.9687463600605, 420.96874636007004, 420.9687463600565, 420.9687463600591, 420.96874636000064, 420.96874636205786, 420.9687463615328, 420.96874636008937, 420.96874636042156, 420.96874636001047, 420.96874636030947, 420.96874636089996, 420.9687463605614, 420.96874635999967, 420.96874635998427, 420.96874636095515, 420.9687463600858, 420.9687463599865, 420.96874635794524, 420.9687463600328, 420.9687463601121, 420.96874636001377, 420.9687463601111, 420.9687463568844]",0.0004072821211593691,0.00026225245306152404,0.0009565992892666175,1.2356376054693512e-09,0.345662310529175,0.0002834318366123155,0.7691318031462048
