method,dimension,iteration,x,f_val,dist_to_min,step_size,grad_norm,grad_cosine_sim,rel_improvement_f,rel_improvement_dist
NewtonRaphson,32,0,"[420.6073146290273, 420.70451420009266, 421.3825501994982, 420.8169693128725, 421.1650906900456, 419.120900674747, 420.10702425120485, 422.25150416041737, 420.9517500366205, 419.4396104103609, 419.9887222688111, 420.06176901588356, 421.062215592281, 420.5734227246492, 420.36640181505015, 420.9722975348608, 421.40522632341253, 420.732024224574, 420.44358530662896, 420.58357495624205, 421.2791961240328, 420.9619567198788, 421.6697829804782, 419.91812873931235, 420.26027150060327, 421.6751226883694, 420.23606586691307, 422.2332821229941, 422.25264315515466, 422.2408750433644, 420.16405405511836, 421.0389593012481]",2.561887092040706,4.505907486766803,,1.1367745357594141,,,
NewtonRaphson,32,1,"[420.9688274622033, 420.9687916717443, 420.968836216725, 420.9687607259951, 420.9687647973587, 420.9719945196157, 420.9693058856603, 420.9692800903824, 420.96874657345165, 420.97083737902864, 420.9694882281748, 420.96936971483825, 420.96875099168847, 420.96884924774525, 420.9689993467556, 420.96874634081223, 420.96883784995754, 420.9687816966802, 420.9689395730323, 420.96884466018685, 420.9687980647302, 420.9687464215009, 420.96896310073447, 420.96961155779337, 420.96911408464234, 420.968970280637, 420.9691418147417, 420.96926234967344, 420.969282466674, 420.9692590960008, 420.96923080564596, 420.9687500722285]",0.00040965430525830016,0.004480353450092591,4.508199977445313,0.001094223666414416,-0.51745038248217,0.9998400966590093,0.9990056712297688
NewtonRaphson,32,2,"[420.968746360224, 420.9687463601161, 420.96874636025353, 420.9687463600241, 420.96874636003685, 420.96874638774113, 420.96874636216086, 420.9687463620215, 420.9687463599826, 420.9687463736361, 420.9687463630539, 420.96874636246866, 420.9687463599955, 420.96874636029213, 420.96874636083385, 420.9687463599822, 420.96874636026234, 420.96874636008675, 420.96874635781717, 420.96874636027854, 420.96874636013945, 420.96874635998216, 420.9687463606973, 420.96874636376947, 420.9687463612767, 420.96874636072005, 420.9687463556791, 420.9687463619362, 420.96874636200613, 420.96874635452616, 420.9687463618256, 420.9687463599928]",0.0004072821211593691,0.00026226127873875545,0.0043358063770628,8.232231199471263e-09,0.9004974260236559,0.005790697347694885,0.941464154187805
