experiment_num,initial_value,final_value,iterations,runtime,success,distance_to_minimum,f_error,initial_gradient_norm,final_gradient_norm,mean_gradient_norm,mean_cosine_similarity,mean_gradient_angle,std_gradient_norm,std_cosine_similarity,std_gradient_angle
0,17.245044784963987,4.9999899999970403e-05,1000,0.10169076919555664,False,0.007071060740792035,4.9999899999970403e-05,8.30543070164672,0.01414212148158407,1.3604633407196307,-0.22157307405876905,109.9299544968969,2.261825894639049,0.9694684331509434,86.52950211863528
1,4.827213072456864,4.9999900000049916e-05,1000,0.10409712791442871,False,0.007071060740797657,4.9999900000049916e-05,4.394183916249689,0.014142121481595315,0.4423539993307228,-0.5236421263306485,137.11188897932252,0.9797543632523159,0.8449095718003883,75.25278616639868
