method,dimension,iteration,x,f_val,dist_to_min,step_size,grad_norm,grad_cosine_sim,rel_improvement_f,rel_improvement_dist,rel_improvement_grad
NewtonRaphson,128,0,,1019.2746775691794,3.763308082586267,,606.1174105862206,,,,
NewtonRaphson,128,1,,2.2401454148140134e-30,1.7581574334346494e-16,3.763308082586267,2.8333460669903044e-14,0.21762920474031128,1.0,1.0,1.0
