method,dimension,iteration,x,f_val,dist_to_min,step_size,grad_norm,grad_cosine_sim,rel_improvement_f,rel_improvement_dist,rel_improvement_grad
NewtonRaphson,128,0,,511.42564150202213,2.810743076392079,,421.40426089546014,,,,
NewtonRaphson,128,1,,6.708495478786839e-31,1.2378683338720214e-16,2.810743076392079,1.3589734693554247e-14,-0.07459514542733323,1.0,1.0,1.0
