method,dimension,iteration,x,f_val,dist_to_min,step_size,grad_norm,grad_cosine_sim,rel_improvement_f,rel_improvement_dist,rel_improvement_grad
NewtonRaphson,128,0,,376.8289301245434,2.457248039991041,,362.7579487864775,,,,
NewtonRaphson,128,1,,1.2515056476580403e-30,1.1215495035001803e-16,2.457248039991041,2.3310398863043016e-14,0.19062537490433573,1.0,1.0,1.0
