method,dimension,iteration,x,f_val,dist_to_min,step_size,grad_norm,grad_cosine_sim,rel_improvement_f,rel_improvement_dist,rel_improvement_grad
NewtonRaphson,128,0,,1260.458423255105,4.457190541584585,,651.0038718884575,,,,
NewtonRaphson,128,1,,2.476132018312212e-30,2.1401173213157953e-16,4.457190541584585,2.6461416178451733e-14,-0.2602061603689114,1.0,1.0,1.0
