experiment_num,initial_value,final_value,iterations,runtime,success,distance_to_minimum,f_error,initial_gradient_norm,final_gradient_norm,mean_gradient_norm,mean_cosine_similarity,mean_gradient_angle,std_gradient_norm,std_cosine_similarity,std_gradient_angle
0,6210.046080845417,0.09706672025129678,400,0.1874995231628418,False,0.6120608156738545,0.09706672025129678,6974.699699251104,0.36563077714641956,31.954387516367873,0.9954868285554573,1.3834066765643585,402.330524841362,0.01944110736258098,5.307143225401899
1,969.920539975806,0.10342837413781548,400,0.18201398849487305,False,0.6290258467884113,0.10342837413781548,632.3668255315068,0.38104398313170657,5.929690472477196,0.9902334796032423,2.498942586534997,46.772580989903354,0.03896137950401353,7.731310591197203
