experiment_num,initial_value,final_value,iterations,runtime,success,distance_to_minimum,f_error,initial_gradient_norm,final_gradient_norm,mean_gradient_norm,mean_cosine_similarity,mean_gradient_angle,std_gradient_norm,std_cosine_similarity,std_gradient_angle
0,23.97052318703652,3.9798311905579595,1000,0.1284470558166504,False,1.9899123695073482,3.9798311905579595,92.27213650363322,5.536817737798663e-05,18.33079953555195,0.9999998335984137,0.02954442923969092,28.605694119671757,1.1542778905327342e-07,0.01482076630455439
1,24.882764817868264,7.959662408181927,1000,0.1354072093963623,False,2.814169137436159,7.959662408181927,57.74791949427404,0.004630552257673948,20.21407868530157,0.9999997121890906,0.007660712496602273,24.911454886909333,2.2345234745417544e-06,0.04278988198594779
