experiment_num,initial_value,final_value,iterations,runtime,success,distance_to_minimum,f_error,initial_gradient_norm,final_gradient_norm,mean_gradient_norm,mean_cosine_similarity,mean_gradient_angle,std_gradient_norm,std_cosine_similarity,std_gradient_angle
0,7.8215381032365805,5.381864187561689,19,0.015794992446899414,True,2.1965569139767394,5.381864187561689,6.175142914767517,8.680043256859704e-05,1.2286266927553193,0.7511820721855037,23.54411512370927,2.34632922766503,0.6146614471103219,54.214618360346634
1,9.941713663508342,7.180951647803498,28,0.02065753936767578,True,3.1277884150897237,7.180951647803498,2.645813530798977,9.627081916401788e-05,0.7255311647796922,0.9914583331580707,2.5263997164742245,1.462248719844076,0.03231322603326995,7.1395441476015655
