experiment_num,initial_value,final_value,iterations,runtime,success,distance_to_minimum,f_error,initial_gradient_norm,final_gradient_norm,mean_gradient_norm,mean_cosine_similarity,mean_gradient_angle,std_gradient_norm,std_cosine_similarity,std_gradient_angle
0,5.600107331549907,5.381881572227144,1000,0.16332316398620605,False,2.1970233080454618,5.381881572227144,4.691595456571449,0.042480906506396396,0.08230469999411297,0.628943074286788,42.81480840455905,0.33226159397618793,0.5136676271411109,39.53686607750321
1,7.1394536440754255,0.366906228260913,1000,0.16902542114257812,False,0.07680120109599677,0.366906228260913,3.2737039316083214,6.540995144749091,5.552505360466809,0.3502832650984448,58.82169969296324,1.0474740154679838,0.9320115754679432,83.01662747563441
