experiment_num,initial_value,final_value,iterations,runtime,success,distance_to_minimum,f_error,initial_gradient_norm,final_gradient_norm,mean_gradient_norm,mean_cosine_similarity,mean_gradient_angle,std_gradient_norm,std_cosine_similarity,std_gradient_angle
0,8.898940743306333,7.9617116553460185,1000,0.16571283340454102,False,3.573237948428466,7.9617116553460185,3.2984181613059094,0.006342908584996092,0.03517942739405687,0.39888987007860216,60.46370422179717,0.30886272772489637,0.635725367545931,47.73538171561625
1,10.459587762749536,10.12035136066764,1000,0.16165709495544434,False,4.973572116539851,10.12035136066764,4.980792420334267,0.008074690161739003,0.01937104461613111,0.37010169567018775,63.13838551179466,0.2023185325400219,0.6346560981050077,47.27281429949446
