experiment_num,initial_value,final_value,iterations,runtime,success,distance_to_minimum,f_error,initial_gradient_norm,final_gradient_norm,mean_gradient_norm,mean_cosine_similarity,mean_gradient_angle,std_gradient_norm,std_cosine_similarity,std_gradient_angle
0,5.763818396021675,8.226731078699058e-06,1000,0.09928774833679199,False,0.002868227863803547,8.226731078699058e-06,4.8015907347551705,0.005736455727607094,0.07176484474198525,0.9674370771078803,7.840635706312442,0.4031784467391969,0.15963036652366047,15.099161668422914
1,19.414315161475415,3.822851061585725e-06,1000,0.11389541625976562,False,0.0019552112575334985,3.822851061585725e-06,8.81233570887433,0.003910422515066997,0.1280642981909689,0.9598877468553886,8.899657539452667,0.7402194872544461,0.1873339297752469,17.39343573646848
