experiment_num,initial_value,final_value,iterations,runtime,success,distance_to_minimum,f_error,initial_gradient_norm,final_gradient_norm,mean_gradient_norm,mean_cosine_similarity,mean_gradient_angle,std_gradient_norm,std_cosine_similarity,std_gradient_angle
0,11.446170998178609,8.813151774046894,31,0.008696317672729492,True,4.093138042403083,8.813151774046894,3.032911205785308,2.844854472486903e-07,1.5995424682953339,0.9996915612378564,1.1593727885141802,2.404789402154118,0.0004289087100947359,0.8253785160635334
1,11.378997440001948,8.813151774046894,39,0.010161399841308594,True,4.093138041877648,8.813151774046894,1.3936076092812983,2.485732009919691e-07,1.4823368734013125,0.9979138753093213,1.8722397158704507,2.065632123964529,0.005057891123272914,3.1975466018436527
