method,dimension,iteration,x,f_val,dist_to_min,step_size,grad_norm,grad_cosine_sim,rel_improvement_f,rel_improvement_dist,rel_improvement_grad
NewtonRaphson,32,0,"[-0.7811705325555782, -0.4466015912747537, 0.07858844543145094, -0.39705797240987456, -1.222905760776185, 0.054071086727437885, -0.8377687286508178, 0.37349104910894065, -0.7250891264448722, 1.2223308261148524, -0.617700104455515, -0.2539886319634479, 0.6415672619093011, -0.9707013354058582, 0.17938261701439526, 1.0308570979002194, -1.2677157844268678, 0.1456085213012678, 0.20495238350626654, 0.6165720263008369, -0.975501272438591, -1.041356858390313, 0.41162081635123293, 0.2342121833036295, 0.19754715535569684, 0.2732208051834669, -0.5362905533387092, 0.18316314071099396, 0.2311268897825688, -0.5633617500881307, 1.4714130431382983, 0.3736807078954833]",255.2891440087835,3.9558837785070127,,147.44581380813307,,,,
NewtonRaphson,32,1,"[0.0, 0.0, 0.0, 0.0, 0.0, 0.0, 0.0, 0.0, 0.0, 0.0, 0.0, 0.0, 0.0, 1.1102230246251565e-16, 0.0, 0.0, 0.0, 0.0, 0.0, 0.0, -1.1102230246251565e-16, 0.0, 0.0, 0.0, 0.0, 0.0, 0.0, 0.0, 0.0, 0.0, 0.0, 0.0]",4.314083075427408e-31,1.5700924586837752e-16,3.9558837785070127,5.60415245948141e-15,0.1289519613389579,1.0,1.0,1.0
