method,dimension,iteration,x,f_val,dist_to_min,step_size,grad_norm,grad_cosine_sim,rel_improvement_f,rel_improvement_dist,rel_improvement_grad
NewtonRaphson,32,0,"[-0.06337877041820997, 0.6849256316302589, -0.882250751363422, -0.33165447264586967, 0.0029015164098378887, 0.025995951537735457, -0.2490364477718243, 0.3446439339968245, -0.590750493318688, -0.07878338471232814, 0.0665636417420227, 0.2846564065641242, 0.3937605807403289, -0.6223025077783455, -0.8488772584591326, 0.7069817999594595, 0.18388058256545828, -0.41416291646731296, 0.8583048521112602, 0.06400668757573623, 0.6525450188864689, 0.03736025941749444, 1.1402815267721251, 0.9712894583849843, -0.13776028397820536, 0.537603068257425, 0.3571083412237843, 0.7573101315149307, -0.533924786997679, 0.3796154768885988, 0.585662067284123, -0.9731700430501796]",195.85456009346277,3.1767321352986437,,136.0281899498198,,,,
NewtonRaphson,32,1,"[0.0, 0.0, 0.0, 0.0, 0.0, 0.0, 0.0, 0.0, 0.0, 0.0, 0.0, 0.0, -5.551115123125783e-17, 1.1102230246251565e-16, 0.0, 0.0, 0.0, 0.0, 0.0, 0.0, 0.0, 0.0, 0.0, 0.0, 0.0, 0.0, 0.0, 0.0, 0.0, 0.0, 0.0, 0.0]",2.1262266586035084e-31,1.2412670766236366e-16,3.1767321352986437,3.4273359795629357e-15,-0.14787665409984535,1.0,1.0,1.0
