method,dimension,iteration,x,f_val,dist_to_min,step_size,grad_norm,grad_cosine_sim,rel_improvement_f,rel_improvement_dist,rel_improvement_grad
NewtonRaphson,32,0,"[0.6400809087687758, -0.09653032255139461, -0.5418667859966918, -0.21096172556128182, 0.2710534219070315, -0.37003591629650356, -0.5397158522859231, 0.15995936339055591, 0.16079915120133062, -0.33276390300130365, -0.3091954930173827, 0.15232050967015068, -0.9505408510509057, -0.9238769977554395, -0.4715958607740788, -0.14010940621924126, 0.20408365281825588, 0.9684424545412869, 0.5629786089030457, -0.10498567109017228, -0.012482479041857798, -0.6580729368850146, -0.012152256286143947, -0.18947917634316286, 0.21183653893840373, -0.5430048392670378, 0.34090561128965663, 1.0061091809734222, -0.0713915350867671, 0.2636886480011415, 0.4530192326715124, -0.26336618515677357]",120.24799849946157,2.6707875155577017,,100.70926785173255,,,,
NewtonRaphson,32,1,"[0.0, 0.0, 0.0, 0.0, 0.0, -5.551115123125783e-17, 0.0, 0.0, 0.0, 0.0, 0.0, 0.0, 0.0, 1.1102230246251565e-16, 0.0, 0.0, 0.0, 1.1102230246251565e-16, 0.0, 0.0, 1.734723475976807e-18, 0.0, 0.0, -2.7755575615628914e-17, 2.7755575615628914e-17, 0.0, -5.551115123125783e-17, 0.0, 0.0, 0.0, 0.0, 0.0]",5.33930975160442e-31,1.798850531068206e-16,2.6707875155577017,6.226837700867634e-15,0.05339156990389268,1.0,1.0,1.0
