method,dimension,iteration,x,f_val,dist_to_min,step_size,grad_norm,grad_cosine_sim,rel_improvement_f,rel_improvement_dist,rel_improvement_grad
NewtonRaphson,32,0,"[-0.32670820705384285, -0.003384244421509126, -0.14047318356072894, 0.23836554013117575, -0.7745258575360938, 0.6685348720659061, 1.700927025234793, 0.7307650488121855, 0.13385382243321317, 0.5398280030060075, -0.6177779482647914, -0.9693176673849364, 0.47367158730698217, -0.3294588054108623, -0.8244575524195662, -0.5391118496021983, -0.6921419363887978, 0.08229948030131025, 0.3563847481273556, 0.5434935962756586, 0.547524345555099, 0.4622215488751183, -0.12683022248234316, -0.3817026860876467, -0.9233152096333519, 0.6732212070260359, -0.10881040537917328, -0.2512431284776178, 0.7222409364250009, -0.5498970546698861, 0.5110749105211811, 0.1815595527580751]",168.41349967847282,3.4166447754852354,,113.70918693077206,,,,
NewtonRaphson,32,1,"[0.0, 0.0, 0.0, 0.0, 0.0, -1.1102230246251565e-16, 2.220446049250313e-16, 0.0, 0.0, 0.0, 0.0, 0.0, 0.0, 0.0, 0.0, 0.0, 0.0, 0.0, 0.0, 0.0, 0.0, 0.0, 0.0, 0.0, 0.0, 0.0, 1.3877787807814457e-17, 0.0, -1.1102230246251565e-16, 0.0, 0.0, 0.0]",7.81734964426779e-31,2.7230185981536845e-16,3.4166447754852354,7.311948141785978e-15,-0.25354642222435414,1.0,0.9999999999999999,0.9999999999999999
