method,dimension,iteration,x,f_val,dist_to_min,step_size,grad_norm,grad_cosine_sim,rel_improvement_f,rel_improvement_dist,rel_improvement_grad
NewtonRaphson,32,0,"[0.6501765855894089, -0.1005850975524472, 0.14685482978325695, -1.5929400499377802, -0.3571418387931821, 0.9791908271125418, 0.7202407938086471, 0.24266177810608847, -0.010799978211976695, 0.5843871548909819, -0.206475038610405, -1.2215202011640216, -0.004548810771126349, 0.29580129398029664, 0.8237995292534309, -1.0575220342713423, -0.09018997869832014, -0.05525638941464675, -0.8080776994919157, 0.3578453724975977, 0.5484044449780183, -0.213304486012519, 1.5079878637288102, -0.23434029858349914, -0.3277678338698452, -0.3490385868018548, -0.5983977073549206, -0.41020227301442314, -1.05230713265124, -0.14054314280303673, 0.042173330134591624, -1.675077043160878]",291.11986523438605,4.071184485887362,,165.7041505735184,,,,
NewtonRaphson,32,1,"[0.0, 0.0, 0.0, 0.0, 0.0, 1.1102230246251565e-16, 0.0, 0.0, 0.0, 0.0, 0.0, 0.0, 0.0, 0.0, 0.0, 0.0, 0.0, 0.0, 0.0, 0.0, 0.0, 2.7755575615628914e-17, -2.220446049250313e-16, 0.0, 0.0, 0.0, 0.0, 0.0, 0.0, 0.0, 0.0, 0.0]",1.224891444630282e-30,2.498001805406602e-16,4.071184485887362,1.0372715743775087e-14,-0.4097795823056094,1.0,1.0,1.0
