experiment_num,initial_value,final_value,iterations,runtime,success,distance_to_minimum,f_error,initial_gradient_norm,final_gradient_norm,mean_gradient_norm,mean_cosine_similarity,mean_gradient_angle,std_gradient_norm,std_cosine_similarity,std_gradient_angle
0,836.2305143861931,830.0751967617754,63,0.03401803970336914,True,587.9305454155373,830.0751967617754,1.0122438696219087,9.985217266266833e-05,0.16032866616390834,0.994402653605928,2.952607358061737,0.2804141286983867,0.01721164634092526,5.329005166147288
1,838.3804435465119,830.075196761421,43,0.02002239227294922,True,587.930541840857,830.075196761421,1.479790172644479,9.840851759747813e-05,0.2829744876537279,0.9947954399702699,2.676118666060747,0.3932514490848084,0.01666604361156088,5.2297424231829135
