method,dimension,iteration,x,f_val,dist_to_min,step_size,grad_norm,grad_cosine_sim,rel_improvement_f,rel_improvement_dist
NewtonRaphson,2048,0,,0.6041919537819922,2.1405557255827663,,0.5401862180703593,,,
NewtonRaphson,2048,1,,0.026066056918352842,0.0021576462102250345,2.1404629422780115,2.5794412626701925e-05,0.0794796995543057,0.956857987341291,0.9989920158655821
NewtonRaphson,2048,2,,0.02606605552136898,0.0020980133353280424,0.0001022098384838821,1.36851390392447e-10,0.1159826716439356,5.359398493984013e-08,0.027637929987962488
