experiment_num,initial_value,final_value,iterations,runtime,success,distance_to_minimum,f_error,initial_gradient_norm,final_gradient_norm,mean_gradient_norm,mean_cosine_similarity,mean_gradient_angle,std_gradient_norm,std_cosine_similarity,std_gradient_angle
0,841.0116445398902,830.0752009580498,1000,0.11735105514526367,False,587.9286596772963,830.0752009580498,1.092092417313162,0.0018437185647901617,0.10282458673689698,0.9928695466030361,3.8341482417521027,0.3128567330564252,0.041519148485693526,5.881734424251691
1,835.2666832675358,830.0751975454709,1000,0.11797595024108887,False,587.9318715127966,830.0751975454709,1.1534977176041699,0.000801857184410595,0.06161323045191276,0.9937200004742125,3.887101106568755,0.24127173683215536,0.031047716978068345,5.233143221776664
