experiment_num,initial_value,final_value,iterations,runtime,success,initial_distance_to_minimum,final_distance_to_minimum,f_error,initial_gradient_norm,final_gradient_norm,mean_gradient_norm,std_gradient_norm,mean_cosine_similarity,std_cosine_similarity,mean_gradient_angle,std_gradient_angle,mean_best_so_far,std_best_so_far,mean_distance_to_minimum,std_distance_to_minimum,mean_improvement,std_improvement,mean_relative_improvement,std_relative_improvement,mean_step_size,std_step_size
0,111.67775772216253,29.050747726706863,1000,0.14495062828063965,False,5.76314716017579,5.45560156446238,29.050747726706863,204.21103234043719,2.620315556709071,29.331288602034377,44.292144079206125,0.9999916718936148,1.1608850237424751e-05,0.1728264603510136,0.048343795769233824,36.27021786376405,14.373250326368108,5.544267225877324,0.07107347608100974,0.12273180099419558,0.2070348500868187,67.52243364878537,12.87028914220018,0.0014335997202002792,0.0010260118909302535
1,161.5092325327593,31.37909328789373,1000,0.14033007621765137,False,5.707162198562643,5.4585358828747665,31.37909328789373,341.09509845513963,30.9077614425644,90.5857351875064,68.80959600749284,0.9999992822993093,6.913747474110723e-07,0.05981012880432657,0.033034416360773394,53.508064528717455,26.07528166191301,5.577529638312249,0.07767979727494177,0.15290205687297156,0.13829364471653288,66.86996545670273,16.14476228572512,0.0016450320489380975,0.0008016377451091467
