method,dimension,iteration,x,f_val,dist_to_min,step_size,grad_norm,grad_cosine_sim,rel_improvement_f,rel_improvement_dist,rel_improvement_grad
NewtonRaphson,32,0,"[420.18752946744445, 420.52209840872524, 421.0472884454315, 420.57164202759014, 419.7457942392238, 421.02277108672746, 420.1309312713492, 421.342191049109, 420.24361087355516, 422.19103082611485, 420.3509998955445, 420.71471136803655, 421.6102672619093, 419.99799866459415, 421.1480826170144, 421.9995570979002, 419.70098421557316, 421.11430852130127, 421.1736523835063, 421.58527202630086, 419.99319872756143, 419.9273431416097, 421.38032081635123, 421.2029121833036, 421.16624715535573, 421.2419208051835, 420.4324094466613, 421.151863140711, 421.19982688978257, 420.4053382499119, 422.4401130431383, 421.3423807078955]",1.974869229403339,3.955883778506992,,0.9981491585701854,,,,
NewtonRaphson,32,1,"[420.9692011105166, 420.96887448299617, 420.9687493606003, 420.9688510297023, 420.96997415555114, 420.9687477020855, 420.969272467575, 420.968814202567, 420.9691264990845, 420.96923375282495, 420.9690070138949, 420.96878510240464, 420.96893444944504, 420.96947589890596, 420.9687632361864, 420.96913962139485, 420.9700928942592, 420.96875808013294, 420.9687714903662, 420.9689218952545, 420.9694754507679, 420.96959808586837, 420.96882833280756, 420.9687763191235, 420.9687681272337, 420.96878710458253, 420.9689477308833, 420.9687648042027, 420.9687747476617, 420.9689636734327, 420.96937155865015, 420.96881977039516]",0.00040813938539940864,0.0027824727043067768,3.9571316288038587,0.0006577920096401587,-0.4657635780541829,0.99979333346263,0.9992966242538711,0.9993409882641364
NewtonRaphson,32,2,"[420.9687463616403, 420.968746360372, 420.9687463599906, 420.9687463602974, 420.9687463484095, 420.9687463599664, 420.9687463619714, 420.9687463601879, 420.96874635584913, 420.96874635473864, 420.96874636086994, 420.9687463600985, 420.96874636059755, 420.9687463525452, 420.9687463600315, 420.9687463614127, 420.96874636698345, 420.9687463600164, 420.96874636005555, 420.9687463605577, 420.96874636303846, 420.9687463637546, 420.9687463602301, 420.9687463596386, 420.9687463600467, 420.96874636010267, 420.9687463606307, 420.9687463600353, 420.9687463600651, 420.9687463606896, 420.96874636247543, 420.96874635914196]",0.0004072821211593691,0.0002622511343967392,0.00260648932345583,4.549751738901483e-09,-0.08882805839949731,0.00210042027480535,0.9057488923464296,0.9999930832973459
