method,dimension,iteration,x,f_val,dist_to_min,step_size,grad_norm,grad_cosine_sim,rel_improvement_f,rel_improvement_dist,rel_improvement_grad
NewtonRaphson,32,0,"[420.5522625401542, 421.09604886675754, 420.9018486316443, 420.83719126167097, 421.3342176459434, 421.4195261925319, 420.65297540823826, 420.6260052107892, 420.8050046240565, 419.59872535757484, 420.0669430825863, 421.78218706222856, 421.94769271687863, 420.82048768740265, 421.31183443544484, 421.15393867181376, 422.80107753718545, 421.63500832647867, 420.8925706088925, 420.4000158098163, 420.01263306039965, 421.0897901685357, 420.5185623681416, 420.1222541933002, 420.58389600694335, 420.3250231607511, 421.9727922745913, 421.49340263937705, 420.9639551301043, 421.84947992137404, 421.0147452865321, 420.45611184806097]",1.784913004403279,3.760523354062059,,0.949059196096953,,,,
NewtonRaphson,32,1,"[420.9688595989019, 420.96875634785494, 420.9687492420411, 420.9687578011243, 420.9688133672575, 420.96885102061947, 420.96880820412076, 420.968821008966, 420.9687630647263, 420.9703648217212, 420.9693693483357, 420.9690243019754, 420.969107985696, 420.96875945723593, 420.9688068115156, 420.96876562014216, 420.9694481020832, 420.9689373477617, 420.9687498067949, 420.9689717484276, 420.9694485605037, 420.9687545554795, 420.9688785769986, 420.96928108026015, 420.968844337259, 420.96904231482534, 420.96912238871255, 420.96887542080145, 420.9687463174538, 420.96905450798323, 420.9687475259045, 420.96892236767474]",0.0004079149839526508,0.0024005914720147473,3.7609756041223767,0.0005651789231970308,-0.2012762349035162,0.9997714650613524,0.9993616336754241,0.9994044850674
NewtonRaphson,32,2,"[420.9687463586886, 420.96874636001087, 420.9687463599904, 420.96874635984943, 420.9687463601854, 420.9687463587917, 420.9687463601645, 420.96874636020823, 420.9687463600295, 420.9687463692827, 420.9687463624674, 420.96874636092616, 420.96874636124056, 420.9687463598303, 420.9687463601684, 420.96874636003764, 420.9687463628423, 420.96874636058993, 420.968746359992, 420.96874636071476, 420.9687463527732, 420.9687463598874, 420.968746358482, 420.96874636202483, 420.96874636028195, 420.9687463567266, 420.96874636132065, 420.9687463603918, 420.96874635998194, 420.9687463610505, 420.96874635998535, 420.9687463605283]",0.0004072821211593691,0.00026225343298142155,0.0022395031981187505,3.3860955536389064e-09,0.5080673955385361,0.0015514575786094063,0.8907546594084499,0.9999940088078045
