method,dimension,iteration,x,f_val,dist_to_min,step_size,grad_norm,grad_cosine_sim,rel_improvement_f,rel_improvement_dist,rel_improvement_grad
NewtonRaphson,32,0,"[421.483185410911, 420.3001170128347, 420.44253213797083, 420.17688529853325, 421.50803498174145, 421.8571505902462, 421.26603378226633, 421.6275034518161, 420.3609559080644, 421.07086975668386, 420.009166097044, 420.4281018238747, 421.5841718394744, 420.80087467626106, 421.81581841804973, 421.34551711679796, 422.88404141388713, 421.03437852405887, 419.98357550339847, 420.944513507762, 420.2941502766838, 421.65317123944527, 420.9981051727787, 420.87254718198113, 420.88175076853554, 421.487275898863, 420.65177027905054, 421.5129889086819, 421.70107621823075, 420.7290449089236, 420.32004542591096, 420.6093905519328]",1.7005065776593256,3.670403787374345,,0.9264075186487619,,,,
NewtonRaphson,32,1,"[420.9688722021877, 420.9690584380897, 420.9689334406678, 420.96921338311404, 420.9688833718216, 420.9690538867061, 420.96878949896023, 420.96893736110275, 420.9689994792398, 420.9687529312512, 420.9694582712984, 420.9689461313764, 420.96892045511504, 420.96876473961623, 420.9690393757499, 420.9688168453427, 420.9694443629318, 420.9687483654205, 420.96950304363685, 420.96874697604767, 420.9690694675596, 420.96895111870003, 420.9687466759438, 420.96875276744856, 420.9687507251284, 420.9688689854004, 420.9688091579881, 420.9688887514239, 420.96897447604346, 420.96878000693084, 420.96905106191497, 420.9688307559535]",0.0004076163677382283,0.0018214961370693584,3.670418100422608,0.00041073841948424536,-0.02075800831045664,0.9997602970943521,0.9995037341277451,0.9995566331110057
NewtonRaphson,32,2,"[420.96874636037626, 420.9687463610359, 420.9687463605697, 420.9687463617229, 420.96874636041036, 420.96874635657025, 420.9687463594891, 420.96874636059846, 420.96874636083436, 420.9687463600014, 420.96874635270086, 420.9687463606169, 420.9687463605455, 420.96874636003514, 420.96874636097476, 420.9687463591724, 420.9687463527873, 420.96874635998785, 420.9687463631754, 420.96874635998375, 420.96874636109953, 420.96874636063217, 420.968746359983, 420.9687463600008, 420.96874635999484, 420.9687463603609, 420.9687463601699, 420.9687463604267, 420.96874636072323, 420.9687463600818, 420.9687463566423, 420.9687463602372]",0.0004072821211593691,0.0002622503385715942,0.0016275474209816833,3.0803768803737407e-09,-0.34802621582827437,0.0008200028392231268,0.856024762702196,0.999992500392624
