method,dimension,iteration,x,f_val,dist_to_min,step_size,grad_norm,grad_cosine_sim,rel_improvement_f,rel_improvement_dist,rel_improvement_grad
NewtonRaphson,32,0,"[420.7877173040259, 420.0745763228162, 422.1384365526673, 419.9439039567152, 420.6533774341433, 421.062384742197, 422.00147283399303, 419.9398046237055, 421.80218795389766, 420.9760327019309, 420.2653805956778, 421.29982936896386, 421.1113401554034, 420.5386027450683, 421.01871806227916, 420.6925959339455, 421.0500430952005, 421.4431628089527, 422.10519166636004, 420.08171886298595, 422.49716718249584, 419.56989294223354, 420.8599353930743, 421.39027031094474, 421.1700502711604, 420.5224923635372, 420.8195658920213, 420.6154304457028, 420.546379046089, 421.57749915846864, 421.22452649593015, 420.4721819476451]",1.9066879019774206,3.886828540338915,,0.9808504213683085,,,,
NewtonRaphson,32,1,"[420.96876531100753, 420.96934954825133, 420.96921914681064, 420.969577236349, 420.9688124268113, 420.96875102829625, 420.9691429336241, 420.96957484349514, 420.9690306885007, 420.9687463690796, 420.96909393972015, 420.9688030662474, 420.96875711985246, 420.9688684525865, 420.96874725015203, 420.96879586612306, 420.96874985156046, 420.968853480416, 420.96918989063266, 420.96934405521176, 420.96938519636035, 420.9704318326563, 420.96875450104073, 420.96883085903323, 420.9687669224494, 420.9688740550547, 420.96875977683135, 420.9688252945541, 420.96886600649236, 420.9689213207321, 420.9687808570789, 420.96891553496965]",0.0004080730286659673,0.0026675180718997967,3.8875538101754534,0.0006318220525814558,-0.28524403956304806,0.9997859780679141,0.9993137031787702,0.9993558426047265
NewtonRaphson,32,2,"[420.9687463600376, 420.96874635361183, 420.9687463617427, 420.9687463516464, 420.96874636017964, 420.9687463599956, 420.96874636137176, 420.9687463635169, 420.9687463609593, 420.9687463599821, 420.96874636122516, 420.9687463601519, 420.96874636001314, 420.9687463603648, 420.9687463599846, 420.9687463601306, 420.968746359992, 420.9687463603093, 420.96874636158276, 420.96874636232263, 420.9687463625247, 420.9687463455045, 420.9687463600049, 420.96874636023756, 420.9687463600423, 420.9687463603764, 420.9687463600208, 420.96874636021755, 420.96874636035204, 420.96874636054054, 420.968746359588, 420.96874635808143]",0.0004072821211593691,0.00026224939681972865,0.002503592598292372,4.7819425002732195e-09,-0.556538030983919,0.0019381518773336176,0.9016878649924364,0.9999924315042807
