method,dimension,iteration,x,f_val,dist_to_min,step_size,grad_norm,grad_cosine_sim,rel_improvement_f,rel_improvement_dist,rel_improvement_grad
NewtonRaphson,32,0,"[421.6087809087688, 420.8721696774486, 420.4268332140033, 420.75773827443874, 421.23975342190704, 420.5986640837035, 420.42898414771406, 421.12865936339057, 421.12949915120134, 420.6359360969987, 420.6595045069826, 421.1210205096702, 420.0181591489491, 420.0448230022446, 420.49710413922594, 420.82859059378075, 421.1727836528183, 421.9371424545413, 421.53167860890306, 420.86371432890985, 420.95621752095815, 420.310627063115, 420.9565477437139, 420.77922082365683, 421.18053653893844, 420.42569516073297, 421.30960561128967, 421.9748091809734, 420.89730846491324, 421.2323886480012, 421.42171923267153, 420.70533381484324]",0.9004710292028903,2.6707875155576994,,0.6739779502483317,,,,
NewtonRaphson,32,1,"[420.9689326395296, 420.9687528558291, 420.96894794191127, 420.96877394527417, 420.96878580106625, 420.9688355301126, 420.968944896151, 420.9687608091031, 420.96876111544134, 420.96881738985394, 420.96880755122834, 420.9687581551163, 420.9694333357571, 420.9693879948208, 420.96889088748867, 420.9687566731818, 420.968768140858, 420.9691041956744, 420.968893369806, 420.9687535039232, 420.96874641808006, 420.9690585689087, 420.9687464097607, 420.9687691308026, 420.96876863915253, 420.96894963879885, 420.9688052012712, 420.96912587559655, 420.9687489881736, 420.96878532786843, 420.96884650663776, 420.9687911571765]",0.00040747014645603485,0.001393322199123958,2.6711535482260977,0.0003080630673531071,-0.2800579767798819,0.9995474922199143,0.9994783103519064,0.9995429181811666
NewtonRaphson,32,2,"[420.96874636057544, 420.96874635990673, 420.9687463606224, 420.96874636006396, 420.9687463601007, 420.9687463602515, 420.96874636062176, 420.9687463600225, 420.9687463598117, 420.9687463601974, 420.9687463592822, 420.96874636001615, 420.9687463628182, 420.9687463625349, 420.96874636043964, 420.96874636001235, 420.96874636004674, 420.968746361244, 420.96874636043435, 420.9687463600024, 420.9687463599822, 420.9687463610638, 420.9687463599822, 420.9687463600487, 420.9687463600473, 420.96874636063654, 420.96874635931175, 420.9687463613156, 420.9687463599515, 420.96874636009574, 420.96874636028843, 420.9687463594701]",0.0004072821211593691,0.00026225374266803986,0.0012206895721583013,1.2001863704278364e-09,0.9462289646582078,0.00046144557656818577,0.8117781064330057,0.999996104088748
