method,dimension,iteration,x,f_val,dist_to_min,step_size,grad_norm,grad_cosine_sim,rel_improvement_f,rel_improvement_dist,rel_improvement_grad
NewtonRaphson,32,0,"[421.0328832716072, 421.1115040063683, 420.6411300807902, 421.02567267282325, 420.99027296461816, 420.5450992327442, 421.1013009964088, 421.17653458335326, 421.37009392813377, 421.3592537690918, 420.4581164770518, 420.62112893256824, 421.159579268488, 421.1591162544073, 421.15958387117905, 422.3965761386623, 421.1802800023918, 421.3895564976385, 421.322266387286, 421.2101147019923, 420.85185681153285, 421.24998460095134, 420.68228017399565, 420.8809317144147, 420.7888174854249, 420.9990437003816, 421.82654481594943, 420.27666542153963, 421.2230376181617, 420.3710049577944, 420.79379545451854, 421.3722803111022]",0.7159549244643131,2.3811815379552743,,0.6010500158949712,,,,
NewtonRaphson,32,1,"[420.96874814812713, 420.9687571696193, 420.9688178385072, 420.9687480562968, 420.96874661139543, 420.9688613093164, 420.96875601488523, 420.96876983260523, 420.96883136357235, 420.96882234830707, 420.96891963275164, 420.9688202705321, 420.9687652654337, 420.9687678205588, 420.96876801822884, 420.96934234258424, 420.9687715622147, 420.96883635848934, 420.96880948466134, 420.9687766602465, 420.96875512011604, 420.9687879537372, 420.96879908241004, 420.9687508934489, 420.9687648343066, 420.9687467364434, 420.9690436144783, 420.9690924181886, 420.9687800278309, 420.9689918582342, 420.968765257406, 420.96882741495233]",0.0004073728578077862,0.001017004309274377,2.3808263614820593,0.00021400533720921302,0.35674880210406157,0.9994310076739641,0.9995728992968139,0.9996439475392235
NewtonRaphson,32,2,"[420.9687463599873, 420.96874636001235, 420.96874636019874, 420.96874635998694, 420.9687463599791, 420.96874635867397, 420.9687463600108, 420.9687463600507, 420.9687463602391, 420.96874636020885, 420.9687463605277, 420.9687463591297, 420.96874636003747, 420.96874636004395, 420.96874636004543, 420.96874636236896, 420.96874636005805, 420.96874635896313, 420.9687463601682, 420.9687463600706, 420.9687463600074, 420.9687463601052, 420.9687463601424, 420.9687463599949, 420.9687463597679, 420.96874635998313, 420.96874636097533, 420.9687463611744, 420.968746359593, 420.96874636078815, 420.9687463600374, 420.9687463602309]",0.0004072821211593691,0.0002622523924880867,0.0008479895297172459,9.121111936886296e-10,0.7219779214490187,0.00022273611674907147,0.7421324667982958,0.9999957379044581
