method,dimension,iteration,x,f_val,dist_to_min,step_size,grad_norm,grad_cosine_sim,rel_improvement_f,rel_improvement_dist,rel_improvement_grad
NewtonRaphson,32,0,"[421.7724754199114, 421.0349185651678, 421.25179509066515, 420.3140547034483, 422.19932856878097, 421.9182703185436, 421.67102625074693, 421.3956098946453, 420.9765005317559, 421.19641901485556, 421.5085508271154, 420.6449142125482, 420.73973197139804, 420.10890466715136, 420.5711243150972, 421.8244616576366, 420.7965242660481, 420.8049722492978, 421.13238660635847, 420.13821732039094, 421.45568041259037, 421.62104533247583, 421.1630510149913, 421.819335878777, 420.2852288817356, 421.9184259036246, 420.5922840467688, 420.30939397966733, 420.84641580894134, 421.9329984502519, 420.9586850590548, 420.48830792719775]",1.4767895843542647,3.4204153123411722,,0.8633290418850065,,,,
NewtonRaphson,32,1,"[420.9690214274277, 420.96874843745155, 420.9687890501608, 420.9690524217629, 420.96924974409507, 420.9691002669772, 420.9689647095623, 420.9688355380172, 420.96874648730756, 420.968776312823, 420.96888391819454, 420.96881467896674, 420.9687772937577, 420.9693012182453, 420.9688515910047, 420.9690404552574, 420.96876411355163, 420.96876307920746, 420.9687621883682, 420.96926717231656, 420.96886581617053, 420.96893865381645, 420.96876675873966, 420.9690448342155, 420.9690762488941, 420.96910051830446, 420.96883616283566, 420.96905128574326, 420.96875496615604, 420.9691112265269, 420.968746363925, 420.9689018436347]",0.00040752714812697377,0.001596982921307997,3.4200279646129528,0.00035167257474798795,0.2358407288703124,0.9997240452177856,0.9995331026277581,0.9995926552245015
NewtonRaphson,32,2,"[420.9687463569355, 420.96874635995783, 420.9687463601084, 420.9687463610301, 420.96874636187, 420.9687463611998, 420.96874636068316, 420.9687463602515, 420.96874635998233, 420.96874636006703, 420.96874636040593, 420.96874636018623, 420.9687463600697, 420.9687463621197, 420.96874636030833, 420.96874636099113, 420.96874636003486, 420.9687463597905, 420.9687463600277, 420.968746361953, 420.96874636035136, 420.96874636061085, 420.9687463600409, 420.9687463610317, 420.96874636109266, 420.96874636120054, 420.9687463602573, 420.96874636099966, 420.9687463600073, 420.9687463612994, 420.968746359982, 420.96874636047323]",0.0004072821211593691,0.0002622544711341935,0.0013934918216553592,1.4565333616441394e-09,0.725660015941588,0.0006012531158496004,0.8357812925642336,0.9999958582685536
