experiment_num,initial_value,final_value,iterations,runtime,success,distance_to_minimum,f_error,initial_gradient_norm,final_gradient_norm,mean_gradient_norm,mean_cosine_similarity,mean_gradient_angle,std_gradient_norm,std_cosine_similarity,std_gradient_angle
0,9.229708469021402,7.96171127474841,22,0.019335508346557617,True,3.5732934656633044,7.96171127474841,1.026775108901439,7.75371937319637e-05,0.45291721895656645,0.8110671778060425,16.82493552709173,1.136837920106046,0.4735373467148161,38.86160900026649
1,7.502445785184738,6.559645375676229,26,0.022355318069458008,True,2.7922967774854346,6.559645375676229,2.9277144297313344,7.157164895098732e-05,0.4495797920682785,0.9318668018403233,7.432254559672438,0.933786110870828,0.23047613325671845,21.985003336022228
