experiment_num,initial_value,final_value,iterations,runtime,success,initial_distance_to_minimum,final_distance_to_minimum,f_error,initial_gradient_norm,final_gradient_norm,mean_gradient_norm,std_gradient_norm,mean_cosine_similarity,std_cosine_similarity,mean_gradient_angle,std_gradient_angle,mean_best_so_far,std_best_so_far,mean_distance_to_minimum,std_distance_to_minimum,mean_improvement,std_improvement,mean_relative_improvement,std_relative_improvement,mean_step_size,std_step_size
0,263.6813292712432,111.8062740180815,1000,0.13930249214172363,False,11.496385289104088,10.537702460525852,111.8062740180815,254.62664365821067,33.083709501102085,25.429780118547615,5.648834784518133,-0.9085006349758494,0.19537183655138132,161.56542713741345,17.108908268423715,118.15362713576374,4.9449815263563535,10.818307026806597,0.19210931356583885,0.0752381250407065,0.20294798188885235,55.19074958309934,1.875362787355171,0.11141012438272604,0.006061306193043235
1,155.0420018820032,111.9370939317065,1000,0.13506245613098145,False,11.30485819391533,10.545890858318549,111.9370939317065,111.82307206216223,32.9946819103722,23.99869090694639,6.524154349538644,-0.941517902029819,0.09543802172612363,164.06331987983387,9.535542287464073,117.87335705527336,4.118456115202712,10.822998423724144,0.18935065418107327,0.02988075555539653,0.05922860928970102,23.973274580792328,2.656348644373879,0.11214841343013555,0.0036980211560991936
