experiment_num,initial_value,final_value,iterations,runtime,success,distance_to_minimum,f_error,initial_gradient_norm,final_gradient_norm,mean_gradient_norm,mean_cosine_similarity,mean_gradient_angle,std_gradient_norm,std_cosine_similarity,std_gradient_angle
0,8.81038911447341,7.180951647715364,51,0.010403871536254883,True,3.127787575638949,7.180951647715364,6.942132983413247,6.762617094385017e-08,1.9018511116076862,0.9996167818664897,0.8074525844217851,2.498664531835067,0.0009188232938508025,1.3657114446996381
1,10.213310395499885,7.963032076253155,1000,0.16600799560546875,False,3.574654421010921,7.963032076253155,1.175130779138109,0.37434124975220784,0.5276954208469389,-0.9046267570631976,171.31547256096866,0.8516390109962891,0.42063603243868286,37.15224227734177
