method,dimension,iteration,x,f_val,dist_to_min,step_size,grad_norm,grad_cosine_sim,rel_improvement_f,rel_improvement_dist,rel_improvement_grad
NewtonRaphson,128,0,,2.37690320274729,2.810743076392079,,0.7656928973091688,,,,
NewtonRaphson,128,1,,12.526506802614541,46.903061516971775,46.78263123973075,0.5440683925710617,-0.5105475391247691,-4.270095470499624,-15.68706823861589,0.28944307243406536
NewtonRaphson,128,2,,21.79824145440544,1045.833169724782,1044.2355154849718,0.3572231844734278,0.03577255159253804,-0.7401692106099119,-21.29775916325525,0.3434222804502095
NewtonRaphson,128,3,,21.753003326242325,1045.886448061321,8.136164255837558,0.20665219153323008,0.16976151134802475,0.002075310903300903,-5.094343732956185e-05,0.4215039770225161
NewtonRaphson,128,4,,21.767813586954997,1045.9433848741821,7.4376435426156835,0.08818311599957336,-0.3541300729226255,-0.000680837514275783,-5.443880926711216e-05,0.5732776151788677
NewtonRaphson,128,5,,21.77685017668973,1045.9501464111804,0.6815797917182534,0.047957482952002674,-0.8390551057470741,-0.000415135387788759,-6.464534406034362e-06,0.456160259156246
NewtonRaphson,128,6,,21.77844013134073,1045.9517007578554,0.2356531181377752,0.01636994322351239,-0.871231273150668,-7.301123156466012e-05,-1.4860619125360996e-06,0.6586571643074776
NewtonRaphson,128,7,,21.778867750628727,1045.951222273874,0.05993639159386978,0.0006928622471044252,-0.9745728816209132,-1.9634982368718234e-05,4.5746278824328403e-07,0.9576747312043662
NewtonRaphson,128,8,,21.778868579036153,1045.9512417049195,0.0023915990418419465,5.086057847429909e-08,-0.9999770774111978,-3.803721275584848e-08,-1.8577391675765447e-08,0.9999265935203039
