method,dimension,iteration,x,f_val,dist_to_min,step_size,grad_norm,grad_cosine_sim,rel_improvement_f,rel_improvement_dist,rel_improvement_grad
NewtonRaphson,128,0,,1.8250940275368497,2.181056251971465,,0.9007212481714428,,,,
NewtonRaphson,128,1,,9.301549312839095,28.23626316194435,27.824272622274968,0.5827188820953424,0.4388122265138097,-4.096476769140756,-11.946141639593883,0.3530530302484571
NewtonRaphson,128,2,,10.408941324566896,34.07057085557363,17.86446970404059,0.5308269501588957,-0.3743189804157018,-0.11905457623056934,-0.20662463939252812,0.08905139944985742
NewtonRaphson,128,3,,18.48698838854514,110.54928182060316,104.49739160694322,0.5327722714256888,0.168548078403896,-0.7760680757141611,-2.24471469202044,-0.0036646995149941766
NewtonRaphson,128,4,,18.63969829411182,114.44632967697298,19.635899933547844,0.48230375246419666,0.9583255793288792,-0.00826039927959833,-0.03525167954228652,0.09472812619628147
NewtonRaphson,128,5,,18.55924916312243,113.84804898515414,2.8803136135965395,0.3230575845192962,-0.8234214335361244,0.004316010362399654,0.00522760925149371,0.3301781649661163
NewtonRaphson,128,6,,18.61226615063901,114.89803439291912,1.5596339315875818,0.08565853483281559,-0.6262071244061314,-0.0028566342878743162,-0.009222691272486342,0.7348505686369384
NewtonRaphson,128,7,,18.616306378048833,114.92612553274878,0.21843726413387946,0.012982678384129474,-0.7014887969012721,-0.00021707337393117037,-0.0002444875578428579,0.8484368380866136
NewtonRaphson,128,8,,18.616485569473276,114.9278405343742,0.02869424061612173,7.053222888346011e-05,-0.9774034810411802,-9.62550899220535e-06,-1.4922643719724059e-05,0.9945672051023245
