experiment_num,initial_value,final_value,iterations,runtime,success,distance_to_minimum,f_error,initial_gradient_norm,final_gradient_norm,mean_gradient_norm,mean_cosine_similarity,mean_gradient_angle,std_gradient_norm,std_cosine_similarity,std_gradient_angle
0,8.759315841358463,2.522427637968173,1000,0.11992335319519043,False,1.1303946805533391,2.522427637968173,8.180116885960693,4.477364691984761,6.2220505540949755,0.9999999905125357,0.007886175231923847,1.0700698841349385,7.387272673988949e-10,0.0003150500337685548
1,21.25025902067968,11.721829870333037,1000,0.11862039566040039,False,3.4076303106257244,11.721829870333037,9.730065336612952,6.911324313967264,8.198816530672993,0.9999999618484524,0.01581409241238295,0.8126015433013414,2.9817158879551756e-09,0.0006346405265351602
