method,dimension,iteration,x,f_val,dist_to_min,step_size,grad_norm,grad_cosine_sim,rel_improvement_f,rel_improvement_dist,rel_improvement_grad
NewtonRaphson,8,0,"[1.2169666991542056, -0.6598148192721784, -1.4639371345888788, -1.0736680198340611, 0.8656143350312776, -0.018799203874879038, 1.954509029182933, -2.9288273599418972]",6.471329517876413,4.284858845983606,,2.0532272405179057,,,,
NewtonRaphson,8,1,"[-0.35192341768866786, -0.1445958873669233, -1.603332181283, -0.8677571877451992, 1.1796731125138682, 0.020579513415666398, 1.975628435695234, -2.966007653370524]",6.340448948904015,4.190560340518075,1.7002085163224536,2.1858156147082313,-0.8341321468986492,0.02022468004617178,0.022007377338444014,-0.06457559668694123
NewtonRaphson,8,2,"[-0.6863161099744963, 0.1301438996490834, -1.5044228654652008, -1.0529320986958923, 0.6584797583320211, -0.007731883141342294, 1.9393852047372158, -2.907304616655426]",6.352670269954583,4.062906826467294,0.7131457701992565,1.5485347047565567,-0.8934098872133597,-0.0019275166709890872,0.03046215867995338,0.2915529130926904
NewtonRaphson,8,3,"[-0.4378034139335316, -0.003096035315610479, -1.5642187957548774, -0.9682162364919316, 0.5039085043213344, -0.0015910735812738053, 1.906155900962809, -2.8511533248415732]",6.375343196935205,3.9487132649837937,0.3441669758435557,0.5037172487260094,-0.5417966076205495,-0.0035690388477826918,0.028106369739911426,0.6747136197989193
NewtonRaphson,8,4,"[-0.5271770563358436, -8.507778763164201e-05, -1.5753546514092072, -0.9556040592378783, 0.523703016127854, -4.385955376014737e-05, 1.906301183488421, -2.8449177985235297]",6.397119820593215,3.9591215421181607,0.09334295678900466,0.026857495056048435,-0.6778064450133156,-0.0034157570793174386,-0.0026358655176776176,0.9466814068329488
NewtonRaphson,8,5,"[-0.5237385404588542, 2.8454241678366144e-07, -1.5737184795288686, -0.9562386534850108, 0.5237580856245134, 1.4667955725450468e-07, 1.9088520511734683, -2.850062631430274]",6.397104727306878,3.9631023154333302,0.006920379124526148,0.0005050735837630973,-0.7908283104013362,2.359387780688771e-06,-0.0010054688326238668,0.9811943153034537
NewtonRaphson,8,6,"[-0.5237617086253678, 2.8230666827183222e-11, -1.573741937018652, -0.956229650115564, 0.5237617110519337, 1.4772213736598644e-11, 1.908816141938797, -2.8499080507876298]",6.397104690369524,3.962984537838601,0.00016237602294007748,4.4461890792504444e-07,0.9747168135395862,5.774073754132839e-09,2.9718534964581154e-05,0.9991196947886041
