experiment_num,initial_value,final_value,iterations,runtime,success,distance_to_minimum,f_error,initial_gradient_norm,final_gradient_norm,mean_gradient_norm,std_gradient_norm,mean_cosine_similarity,std_cosine_similarity,mean_gradient_angle,std_gradient_angle,mean_best_so_far,std_best_so_far,mean_distance_to_minimum,std_distance_to_minimum,mean_improvement,std_improvement,mean_relative_improvement,std_relative_improvement,mean_step_size,std_step_size
0,7.437863556980622,5.381864187559781,27,0.01891303062438965,True,2.1965569066927593,5.381864187559781,2.4088798977480006,8.563258944229617e-05,0.8026800264064595,1.457551452413032,0.9020272101172575,0.2584072411756273,10.22560362844283,23.981758145708074,5.6099434762058795,0.5628347335865223,2.1869684871769706,0.04194725035188156,1.100609755897627,2.926000080622825,24.575875407921302,7.567155934963177,0.0309879289603343,0.07278204156247864
1,8.157699644002532,7.180951647802232,26,0.018508434295654297,True,3.1277892314748685,7.180951647802232,3.8864936149504694,9.444087969594632e-05,0.48251633832330915,1.061836897402912,0.9704428427966515,0.08967341881262411,4.147940678440915,11.177562021535548,7.254046992801191,0.2508683201675791,3.1222159210909033,0.0271936543971396,0.4318209110447468,1.5390040054211018,11.077297407801705,3.075233596667355,0.01146164697889295,0.03861069184462248
