experiment_num,initial_value,final_value,iterations,runtime,success,distance_to_minimum,f_error,initial_gradient_norm,final_gradient_norm,mean_gradient_norm,mean_cosine_similarity,mean_gradient_angle,std_gradient_norm,std_cosine_similarity,std_gradient_angle
0,842.127039674179,830.0751967594626,35,0.017952680587768555,True,587.9305210532705,830.0751967594626,1.3566301910293193,9.00133322830535e-05,0.405876822038811,0.9783996491081606,5.113665637729691,0.5307799226879729,0.06519195246697464,11.009349752945278
1,837.6978816311629,830.075196761776,61,0.03612351417541504,True,587.9305454219304,830.075196761776,1.3686738257255269,9.985475457915222e-05,0.1892483622710678,0.9960952672206328,2.3649363376311023,0.32558085796889474,0.014790544870945206,4.50621025391646
