experiment_num,initial_value,final_value,iterations,runtime,success,distance_to_minimum,f_error,initial_gradient_norm,final_gradient_norm,mean_gradient_norm,mean_cosine_similarity,mean_gradient_angle,std_gradient_norm,std_cosine_similarity,std_gradient_angle
0,15.834855874024363,5.781598441552239e-06,1000,0.130753755569458,False,0.0024044954650720885,5.781598441552239e-06,7.958606881615491,0.004808990930144177,0.11608753444410976,0.9648810272044263,7.641061117093834,0.668263937602153,0.18475757221705244,16.58952223813321
1,6.849658800564728,3.24205408655906e-06,1000,0.1278846263885498,False,0.0018005704891947607,3.24205408655906e-06,5.234370564094494,0.0036011409783895214,0.0779103132651844,0.9631668916618709,8.363603762485408,0.4394694872755362,0.17902850683871407,16.11835027388836
