experiment_num,initial_value,final_value,iterations,runtime,success,initial_distance_to_minimum,final_distance_to_minimum,f_error,initial_gradient_norm,final_gradient_norm,mean_gradient_norm,std_gradient_norm,mean_cosine_similarity,std_cosine_similarity,mean_gradient_angle,std_gradient_angle,mean_best_so_far,std_best_so_far,mean_distance_to_minimum,std_distance_to_minimum,mean_improvement,std_improvement,mean_relative_improvement,std_relative_improvement,mean_step_size,std_step_size
0,113.47783655637437,0.018099363406270344,400,0.11690735816955566,False,1.369156902097586,0.28497983535512816,0.018099363406270344,416.1666050895583,0.15785085939308643,1.1879028365575783,3.146915519196374,0.7651962352708558,0.21758035185190203,34.82778393873521,16.55730820269916,0.2896382615489483,0.8351788493820589,0.3564459114477975,0.09274240326846375,0.8271721766745597,1.6201613531874308,99.7447622634178,0.7359841134855897,0.0030090588904878274,0.007572643003872305
1,79.88398230604908,0.02008798368665589,400,0.11720895767211914,False,1.2508940435943678,0.2993641135519882,0.02008798368665589,196.75335818607093,0.14408055075838072,1.0935458715903543,2.5322593742973867,0.7266157593901897,0.2017803035404526,38.16605163215676,15.612853857599724,0.336962539915126,0.8904810738321244,0.5068325385280248,0.32442055986339624,1.3625275179361769,2.00803201291221,99.57818510020675,1.1147179298354741,0.006363828373799477,0.013107609779801865
