experiment_num,initial_value,final_value,iterations,runtime,success,distance_to_minimum,f_error,initial_gradient_norm,final_gradient_norm,mean_gradient_norm,mean_cosine_similarity,mean_gradient_angle,std_gradient_norm,std_cosine_similarity,std_gradient_angle
0,7.8215381032365805,0.24395794565739992,1000,0.16531682014465332,False,0.05673711321672228,0.24395794565739992,6.175142914767517,5.693847993427517,5.543645825583297,0.3499621575743868,58.9229643465322,1.0320743760129967,0.9298061411805503,82.75481019666444
1,9.941713663508342,2.5799341003140417,1000,0.1643047332763672,False,0.9526482722034675,2.5799341003140417,2.645813530798977,0.025254103088236963,0.28397644753528334,0.614889215442405,43.899193151170465,1.0071671476790791,0.535362094652616,41.214254563675006
