experiment_num,initial_value,final_value,iterations,runtime,success,distance_to_minimum,f_error,initial_gradient_norm,final_gradient_norm,mean_gradient_norm,mean_cosine_similarity,mean_gradient_angle,std_gradient_norm,std_cosine_similarity,std_gradient_angle
0,838.7425257711091,830.075206725943,1000,0.12170934677124023,False,587.9232692907223,830.075206725943,1.535545805602785,0.0028386542495430368,0.6597389824081535,0.6890398273922204,28.241319045398328,0.45704479046135144,0.7165029558138237,63.41711850004789
1,839.992982895697,830.0754829706066,1000,0.11920404434204102,False,587.9531484117616,830.0754829706066,1.7928898377771665,0.01520576458914376,0.8490246082201268,0.9997345827427777,0.4709850500555518,0.4492039595952977,0.0018911896710321573,1.2348337983248756
