experiment_num,initial_value,final_value,iterations,runtime,success,distance_to_minimum,f_error,initial_gradient_norm,final_gradient_norm,mean_gradient_norm,mean_cosine_similarity,mean_gradient_angle,std_gradient_norm,std_cosine_similarity,std_gradient_angle
0,5.600107331549907,5.381864187579421,25,0.020917177200317383,True,2.196558165736627,5.381864187579421,4.691595456571449,9.48504373554727e-05,0.3688291926081316,0.969202125837564,3.983266490436256,0.9529730152729431,0.144716127477362,14.715382154531396
1,7.1394536440754255,3.5744518773064873,29,0.021741390228271484,True,1.3696328315491042,3.5744518773064873,3.2737039316083214,6.931735731883594e-05,0.47029699913966133,0.9356491109031979,5.710202817497555,0.8984842948217165,0.33773333723473903,27.01498221416698
