experiment_num,initial_value,final_value,iterations,runtime,success,distance_to_minimum,f_error,initial_gradient_norm,final_gradient_norm,mean_gradient_norm,mean_cosine_similarity,mean_gradient_angle,std_gradient_norm,std_cosine_similarity,std_gradient_angle
0,8.898940743306333,7.963032076253155,1000,0.16733145713806152,False,3.574654421010921,7.963032076253155,3.2984181613059094,0.3743412497521863,0.4205781585690165,-0.9296965100892095,173.60451077965766,0.4149449890436486,0.366255777879961,32.71449992419055
1,10.459587762749536,10.120350743632674,26,0.006516695022583008,True,4.973668041393503,10.120350743632674,4.980792420334267,1.8312773672254694e-07,0.7179866007544059,0.9983047272718217,1.0922637331560572,1.2658029416205778,0.006316425193428359,3.159848584501053
