experiment_num,initial_value,final_value,iterations,runtime,success,distance_to_minimum,f_error,initial_gradient_norm,final_gradient_norm,mean_gradient_norm,mean_cosine_similarity,mean_gradient_angle,std_gradient_norm,std_cosine_similarity,std_gradient_angle
0,8.206495698760994,9.860761315262648e-32,2,0.0025708675384521484,True,3.1401849173675503e-16,9.860761315262648e-32,5.7293963726595125,6.280369834735101e-16,3.152930915106342,0.9918856764490962,5.168182991402799,2.374269012640169,0.008114323550903857,5.168182991402799
1,9.375696740647745,9.62964972193618e-35,3,0.0027260780334472656,True,9.813077866773595e-18,9.62964972193618e-35,6.1239519072728665,1.962615573354719e-17,2.59296393045465,0.9863372986951248,5.487063339241033,2.6282733206827906,0.01932197748400709,7.759879391954872
