experiment_num,initial_value,final_value,iterations,runtime,success,distance_to_minimum,f_error,initial_gradient_norm,final_gradient_norm,mean_gradient_norm,mean_cosine_similarity,mean_gradient_angle,std_gradient_norm,std_cosine_similarity,std_gradient_angle
0,300.85288675200434,0.3177396955913185,400,0.12441229820251465,False,1.5517565980807793,0.3177396955913185,848.511035196003,0.5918418815921174,7.155261750532839,0.9409898089841445,5.317511362957099,67.49896294406818,0.3274119169450972,28.582350283486882
1,1273.3876318476948,0.10257255824125677,400,0.1292586326599121,False,0.6267312659003588,0.10257255824125677,3873.14007633078,0.3974166987732515,19.778244946329004,0.9959092637795155,1.0907149350230918,216.3833105170286,0.02558504575586675,5.142308038325336
