experiment_num,initial_value,final_value,iterations,runtime,success,distance_to_minimum,f_error,initial_gradient_norm,final_gradient_norm,mean_gradient_norm,mean_cosine_similarity,mean_gradient_angle,std_gradient_norm,std_cosine_similarity,std_gradient_angle
0,11.446170998178609,8.813151774066021,1000,0.28324437141418457,False,4.093138877378111,8.813151774066021,3.032911205785308,4.427259488582146e-05,2.125095510147739,0.9999991802523771,0.038150812533150835,2.5872011880980947,1.5443316301409458e-06,0.06266310120148803
1,11.378997440001948,8.813151774087583,1000,0.23191261291503906,False,4.093139262032578,8.813151774087583,1.3936076092812983,6.457035229059184e-05,1.9957707512252776,0.9999911001326175,0.06541753044563188,2.4456529833152176,3.7713943009066806e-05,0.23271285354822419
