method,dimension,iteration,x,f_val,dist_to_min,step_size,grad_norm,grad_cosine_sim,rel_improvement_f,rel_improvement_dist
NewtonRaphson,2,0,"[425.0109983318248, 419.8434943850866]",2.223048945241999,4.195981825426088,,1.059542825329044,,,
NewtonRaphson,2,1,"[420.964961797168, 420.9697765542124]",2.7396364657761296e-05,0.0038901323095300623,4.1998718033135765,0.00098985023012238,-0.9999856984259068,0.9999876762206624,0.9990728910487751
NewtonRaphson,2,2,"[420.96874637437656, 420.9687463648016]",2.545513257246057e-05,6.55765020760871e-05,0.003922284394321898,3.830918467472655e-09,-0.8315740929549796,0.07085728743761562,0.9831428607414103
