method,dimension,iteration,x,f_val,dist_to_min,step_size,grad_norm,grad_cosine_sim,rel_improvement_f,rel_improvement_dist
NewtonRaphson,2,0,"[421.3822129473957, 417.69890860631784]",1.3683103543771722,3.295835055924653,,0.8293462180114484,,,
NewtonRaphson,2,1,"[420.9688299773844, 420.98204999905005]",4.778894981427584e-05,0.013350631773680344,3.30906374743173,0.0033574923439721916,-0.9912394685851935,0.9999650744806093,0.9959492415284311
NewtonRaphson,2,2,"[420.9687463602313, 420.9687465154932]",2.545513257246057e-05,6.567314635101204e-05,0.01330374633611795,3.924595681041754e-08,0.9999890366760983,0.4673427084841182,0.9950808959857255
NewtonRaphson,2,3,"[420.9687463599821, 420.96874635998245]",2.5455132458773733e-05,6.556291566879423e-05,1.5551094705957557e-07,9.32122649443509e-14,0.9817474688172637,4.466165611119688e-09,0.0016784742066209772
