method,dimension,iteration,x,f_val,dist_to_min,step_size,grad_norm,grad_cosine_sim,rel_improvement_f,rel_improvement_dist
NewtonRaphson,2,0,"[418.59636473145196, 421.6491176886305]",0.7677863115634409,2.4679835610064806,,0.6217479875530018,,,
NewtonRaphson,2,1,"[420.97470925445873, 420.96895566385217]",2.994726628458011e-05,0.006014690611737251,2.4736901685673716,0.0015057700899553743,-0.950801104135973,0.9999609953110213,0.997562913016615
NewtonRaphson,2,2,"[420.9687463530843, 420.9687463606828]",2.545513257246057e-05,6.555853365791747e-05,0.00596657360782206,1.7496960422088845e-09,-0.9907218184502946,0.15000146155018315,0.9891002650194535
