method,dimension,iteration,x,f_val,dist_to_min,step_size,grad_norm,grad_cosine_sim,rel_improvement_f,rel_improvement_dist
NewtonRaphson,2,0,"[422.8230847561242, 421.86985736719384]",0.5366436017218348,2.061753482886241,,0.5206517047235067,,,
NewtonRaphson,2,1,"[420.96944409888476, 420.9690741711932]",2.553012336647953e-05,0.0008328788820109999,2.060920680756115,0.00019455195981808864,0.9999152774275311,0.999952426296923,0.9995960337213325
NewtonRaphson,2,2,"[420.96874636285827, 420.96874636111494]",2.545513257246057e-05,6.556575022733373e-05,0.0007709053184919029,7.801609352122451e-10,0.997954329822991,0.0029373455405005953,0.9212781694392056
