method,dimension,iteration,x,f_val,dist_to_min,step_size,grad_norm,grad_cosine_sim,rel_improvement_f,rel_improvement_dist
NewtonRaphson,2,0,"[419.07699918502266, 419.2584201770033]",0.82000610286957,2.5502135295570154,,0.6427211151234484,,,
NewtonRaphson,2,1,"[420.972199387814, 420.9714397439688]",2.787504763546167e-05,0.00444431233005821,2.554646716371358,0.0011051772464943778,-0.9973563508627273,0.9999660062924679,0.9982572783500093
NewtonRaphson,2,2,"[420.9687463907551, 420.9687463804254]",2.545513257246057e-05,6.5599131200056e-05,0.00437920036830603,9.323635100826894e-09,0.997109509359568,0.08681294807627761,0.9852397567208789
