experiment_num,initial_value,final_value,iterations,runtime,success,distance_to_minimum,f_error,initial_gradient_norm,final_gradient_norm,mean_gradient_norm,mean_cosine_similarity,mean_gradient_angle,std_gradient_norm,std_cosine_similarity,std_gradient_angle
0,8.81038911447341,7.180951647715366,25,0.004819631576538086,True,3.1277875840544533,7.180951647715366,6.942132983413247,4.843048996682096e-07,1.1645298205176333,0.9986850470280337,2.219836261391134,2.325186443687766,0.002701929443807893,1.9276163810396114
1,10.213310395499885,7.961711274689829,36,0.007831573486328125,True,3.5732949535443916,7.961711274689829,1.175130779138109,4.020228962139984e-07,1.4856153259270877,0.9992286210964346,1.5183735002718026,1.9795856977285735,0.0015626981931852533,1.6620603717061435
