experiment_num,initial_value,final_value,iterations,runtime,success,initial_distance_to_minimum,final_distance_to_minimum,f_error,initial_gradient_norm,final_gradient_norm,mean_gradient_norm,std_gradient_norm,mean_cosine_similarity,std_cosine_similarity,mean_gradient_angle,std_gradient_angle,mean_best_so_far,std_best_so_far,mean_distance_to_minimum,std_distance_to_minimum,mean_improvement,std_improvement,mean_relative_improvement,std_relative_improvement,mean_step_size,std_step_size
0,104.87489853758036,0.21293021406870238,1000,0.1285383701324463,False,3.284787457957502,0.4703653546887251,0.21293021406870238,294.76032147887867,21.281801037075937,20.151352724022107,9.281014354906283,-0.7681159242588292,0.5587985270730973,151.74427098845746,48.64810467916078,2.523137701630558,4.3428905355795635,1.2794337270268787,0.7573475781988378,0.5502427463863095,0.7689649544127427,97.59414527516664,4.141020011593477,0.02755104587350591,0.003296490749505126
1,219.72847581961767,0.2188480506074972,1000,0.13466310501098633,False,3.3225839847237024,0.4962901918445135,0.2188480506074972,483.49250930481594,21.153708304318297,24.79227487061902,25.069996669658988,-0.7451460291010058,0.575122017609703,149.80496183227348,48.7662277924863,4.84935718603872,11.063593579081413,1.345470328613051,0.7796600379629591,0.639715252610343,0.9292697884202364,97.79302288064851,5.0351205221866095,0.02756784432115844,0.0026609572573680954
