experiment_num,initial_value,final_value,iterations,runtime,success,distance_to_minimum,f_error,initial_gradient_norm,final_gradient_norm,mean_gradient_norm,mean_cosine_similarity,mean_gradient_angle,std_gradient_norm,std_cosine_similarity,std_gradient_angle
0,5.763818396021675,5.238529448733282e-32,2,0.0015988349914550781,True,2.2887833992611187e-16,5.238529448733282e-32,4.8015907347551705,4.577566798522237e-16,2.534393823170114,0.9994298762661722,1.3681964786502545,1.9693254408878382,0.0005701237338277543,1.3681964786502545
1,19.414315161475415,4.949639957075196e-32,3,0.0033559799194335938,True,2.2247786310271853e-16,4.949639957075196e-32,8.81233570887433,4.449557262054371e-16,4.609251781655748,0.9998519227628774,0.5692948207583929,3.427594004871672,0.00020941283701755097,0.8051044565052795
