experiment_num,initial_value,final_value,iterations,runtime,success,distance_to_minimum,f_error,initial_gradient_norm,final_gradient_norm,mean_gradient_norm,mean_cosine_similarity,mean_gradient_angle,std_gradient_norm,std_cosine_similarity,std_gradient_angle
0,11.446170998178609,2.5799309850190366,1000,0.2542150020599365,False,0.9520363756823829,2.5799309850190366,3.032911205785308,0.019269600370697318,0.3127287614616885,0.6094348560320428,43.14346501199111,1.0687168325878063,0.5538668831311205,42.95661416320005
1,11.378997440001948,2.5799344359463388,1000,0.21668291091918945,False,0.9520202022072849,2.5799344359463388,1.3936076092812983,0.027379526887619163,0.30419206064012744,0.6006491393649489,43.52587600906249,1.0406162191076689,0.5771764470541579,45.1706376100336
