experiment_num,initial_value,final_value,iterations,runtime,success,initial_distance_to_minimum,final_distance_to_minimum,f_error,initial_gradient_norm,final_gradient_norm,mean_gradient_norm,std_gradient_norm,mean_cosine_similarity,std_cosine_similarity,mean_gradient_angle,std_gradient_angle,mean_best_so_far,std_best_so_far,mean_distance_to_minimum,std_distance_to_minimum,mean_improvement,std_improvement,mean_relative_improvement,std_relative_improvement,mean_step_size,std_step_size
0,125.66496213372301,0.025233452903821913,1000,0.11667633056640625,False,0.9285377320621915,0.1539495996914928,0.025233452903821913,226.56351689876004,6.041017449657864,12.5430297351302,22.53767757987409,-0.721961856359548,0.618404593374969,153.11974355963406,54.938600054163864,2.1088175829852855,6.565348034090017,0.2777522605063502,0.11645210296465411,0.5218413882631235,2.3751927600804748,98.32187306057416,5.224485745759165,0.013128941137839025,0.002191131320131185
1,208.02155526616647,0.03093374406203656,1000,0.11061382293701172,False,2.5708719244038734,0.2329231111594427,0.03093374406203656,507.35008163500737,5.689232745971747,17.518545993408743,40.542142287693046,-0.5941263765985536,0.7719249177448856,139.7413930869688,67.53396556618164,4.071600301665105,12.489105388750287,0.612734248968163,0.49404399237686814,0.8600381462399763,1.346030552548261,98.04270269181698,6.003755415043556,0.013263144838333235,0.0017961796185515615
