experiment_num,initial_value,final_value,iterations,runtime,success,distance_to_minimum,f_error,initial_gradient_norm,final_gradient_norm,mean_gradient_norm,mean_cosine_similarity,mean_gradient_angle,std_gradient_norm,std_cosine_similarity,std_gradient_angle
0,7.8215381032365805,5.381864187549716,24,0.016458511352539062,True,2.196556866557262,5.381864187549716,6.175142914767517,7.919765508950191e-05,1.013197265773587,0.806423793467124,17.292993789606523,2.154411820782824,0.5529900858145785,47.09986864114359
1,9.941713663508342,7.180951647763013,29,0.017611265182495117,True,3.127788192769777,7.180951647763013,2.645813530798977,7.078738396879229e-05,0.7029352205816379,0.9911030555523179,2.452081722610851,1.441498181393694,0.03270269515613059,7.3288950920124725
