method,dimension,iteration,x,f_val,dist_to_min,step_size,grad_norm,grad_cosine_sim,rel_improvement_f,rel_improvement_dist,rel_improvement_grad
NewtonRaphson,128,0,,498.3623744469871,2.7116803752077465,,418.6966626870117,,,,
NewtonRaphson,128,1,,7.924539682735092e-31,1.1898989182608868e-16,2.7116803752077465,1.5016101484914108e-14,0.10588480701607705,1.0,1.0,1.0
