method,dimension,iteration,x,f_val,dist_to_min,step_size,grad_norm,grad_cosine_sim,rel_improvement_f,rel_improvement_dist,rel_improvement_grad
NewtonRaphson,128,0,,568.3768983720639,2.8804664696241207,,458.2509478058011,,,,
NewtonRaphson,128,1,,3.994437009178928e-31,8.441556618306132e-17,2.8804664696241207,1.0247776267260048e-14,0.01438466602450761,1.0,1.0,1.0
