method,dimension,iteration,x,f_val,dist_to_min,step_size,grad_norm,grad_cosine_sim,rel_improvement_f,rel_improvement_dist,rel_improvement_grad
NewtonRaphson,128,0,,849.1994265917449,3.6334672938822234,,531.8186510033411,,,,
NewtonRaphson,128,1,,1.2355322075730215e-30,1.3695529233661916e-16,3.6334672938822234,2.0733555480744556e-14,-0.08400491904624556,1.0,1.0,1.0
