method,dimension,iteration,x,f_val,dist_to_min,step_size,grad_norm,grad_cosine_sim,rel_improvement_f,rel_improvement_dist,rel_improvement_grad
NewtonRaphson,8,0,"[1.030650755170382, 0.021673493494547967, -0.6096036692300458, -1.7053934606246317, -0.9002993261853588, 0.8483442534718583, -0.242010477513265, -0.4869250962198074]",24.48907189380917,2.483663861760873,,21.462414580157652,,,,
NewtonRaphson,8,1,"[0.0, 0.0, 0.0, 0.0, 0.0, 0.0, 0.0, 0.0]",0.0,0.0,2.483663861760873,0.0,,1.0,1.0,1.0
