method,dimension,iteration,x,f_val,dist_to_min,step_size,grad_norm,grad_cosine_sim,rel_improvement_f,rel_improvement_dist,rel_improvement_grad
NewtonRaphson,8,0,"[-1.5435874053565177, -2.4219487719940993, 1.1835215201448102, -0.8231897302977821, -2.059999547961257, -1.347031345909628, -1.7293941597133407, 0.20563447047164443]",74.40593345081636,4.406590942260589,,38.4688014434579,,,,
NewtonRaphson,8,1,"[0.0, 0.0, 0.0, 0.0, 0.0, 2.220446049250313e-16, 0.0, 0.0]",2.9582283945787943e-31,2.220446049250313e-16,4.406590942260589,2.6645352591003757e-15,-0.4201944314452898,1.0,1.0,1.0
