method,dimension,iteration,x,f_val,dist_to_min,step_size,grad_norm,grad_cosine_sim,rel_improvement_f,rel_improvement_dist,rel_improvement_grad
NewtonRaphson,8,0,"[-0.35622040160368573, -0.8225125879697684, 2.3644517776714364, -1.800237293231184, 1.67314246501529, 0.5943844853173037, -2.080075187116377, -0.15192999613099187]",77.80369808151657,4.139734361666981,,40.05956904952594,,,,
NewtonRaphson,8,1,"[0.0, 0.0, 0.0, 0.0, 0.0, 0.0, 0.0, 0.0]",0.0,0.0,4.139734361666981,0.0,,1.0,1.0,1.0
