method,dimension,iteration,x,f_val,dist_to_min,step_size,grad_norm,grad_cosine_sim,rel_improvement_f,rel_improvement_dist,rel_improvement_grad
NewtonRaphson,8,0,"[1.1095453866151392, 0.10269507725013356, 0.15150354356056323, -0.04379267300093684, -1.1287136376847233, -0.015596738458858518, 0.03543031020009095, 1.4489976413619272]",24.50568708123653,2.1544362537493797,,25.907890422484773,,,,
NewtonRaphson,8,1,"[0.0, 0.0, 0.0, 0.0, 0.0, 0.0, 0.0, 0.0]",0.0,0.0,2.1544362537493797,0.0,,1.0,1.0,1.0
