method,dimension,iteration,x,f_val,dist_to_min,step_size,grad_norm,grad_cosine_sim,rel_improvement_f,rel_improvement_dist,rel_improvement_grad
NewtonRaphson,8,0,"[0.29986334266184, 1.2761660045860386, -0.029726193894169434, 1.2982428938143413, -2.1736997126160444, 0.6819630027248746, 0.07222618220299196, -0.24809749267708742]",37.03573545436169,2.94306794322815,,26.278591859167026,,,,
NewtonRaphson,8,1,"[0.0, 0.0, 0.0, 0.0, 0.0, 0.0, 0.0, 0.0]",0.0,0.0,2.94306794322815,0.0,,1.0,1.0,1.0
