method,dimension,iteration,x,f_val,dist_to_min,step_size,grad_norm,grad_cosine_sim,rel_improvement_f,rel_improvement_dist,rel_improvement_grad
NewtonRaphson,8,0,"[-1.2793278890250246, -1.989814545230416, 2.0649731611138735, -0.31809940471845133, 0.09514143719533275, -2.0073477549749357, -0.7669884759264016, 0.15628039648316244]",51.28771236575135,3.8226345557029062,,30.538164391001796,,,,
NewtonRaphson,8,1,"[0.0, 0.0, 0.0, 0.0, 0.0, 0.0, 0.0, 0.0]",0.0,0.0,3.8226345557029062,0.0,,1.0,1.0,1.0
