method,dimension,iteration,x,f_val,dist_to_min,step_size,grad_norm,grad_cosine_sim,rel_improvement_f,rel_improvement_dist,rel_improvement_grad
NewtonRaphson,8,0,"[0.6418656812385596, -0.9526745950817019, 0.1629848677209296, -1.529211330054579, -1.0364382911419585, 0.1536189324270575, 0.5762558949257716, 0.13372572965946738]",19.640981566534276,2.265477506154978,,18.63521838815303,,,,
NewtonRaphson,8,1,"[0.0, 0.0, 0.0, 0.0, 0.0, 0.0, 0.0, 0.0]",0.0,0.0,2.265477506154978,0.0,,1.0,1.0,1.0
