method,dimension,iteration,x,f_val,dist_to_min,step_size,grad_norm,grad_cosine_sim,rel_improvement_f,rel_improvement_dist,rel_improvement_grad
NewtonRaphson,8,0,"[-0.39717454650168105, -0.3590840621897334, -0.3906803250477831, -0.6318402441317152, -1.7863264401823573, 0.6498138344447586, 0.5582430905502885, -1.0419479109767542]",31.825461975010413,2.4184815819554415,,27.434443308199043,,,,
NewtonRaphson,8,1,"[0.0, 0.0, 0.0, 0.0, 2.220446049250313e-16, 0.0, 0.0, 0.0]",2.465190328815662e-31,2.220446049250313e-16,2.418481581955442,2.220446049250313e-15,-0.6511254557326837,1.0,0.9999999999999998,0.9999999999999999
