method,dimension,iteration,x,f_val,dist_to_min,step_size,grad_norm,grad_cosine_sim,rel_improvement_f,rel_improvement_dist,rel_improvement_grad
NewtonRaphson,8,0,"[0.4113729431222925, -0.11450890246779624, 0.5364081907668768, 1.2613557932574624, -0.19392312926460434, -0.1939095322530578, 1.3078858731795115, 0.6355806076231377]",23.042023477564875,2.061753482886579,,23.683976311701016,,,,
NewtonRaphson,8,1,"[0.0, 0.0, 0.0, 0.0, 0.0, 2.7755575615628914e-17, 0.0, 0.0]",4.622231866529366e-33,2.7755575615628914e-17,2.061753482886579,3.3306690738754696e-16,,1.0,1.0,1.0
