method,dimension,iteration,x,f_val,dist_to_min,step_size,grad_norm,grad_cosine_sim,rel_improvement_f,rel_improvement_dist,rel_improvement_grad
NewtonRaphson,8,0,"[422.18566669915424, 420.3088851807278, 419.5047628654111, 419.8950319801659, 421.8343143350313, 420.9499007961251, 422.92320902918294, 418.0398726400581]",2.3152768187728725,4.284858845983641,,1.080113054345048,,,,
NewtonRaphson,8,1,"[420.9692409437271, 420.96905218358427, 420.9706279511875, 420.96965378016614, 420.9690432879373, 420.96874638491926, 420.96944807044997, 420.9788525774005]",0.00011537497994140722,0.010430617489846802,4.292192755455829,0.0026156154471418196,-0.7038001500948268,0.9999501679544295,0.9975657033604213,0.9975783873395292
NewtonRaphson,8,2,"[420.9687463618394, 420.96874636102933, 420.9687463715854, 420.9687463640519, 420.9687463609874, 420.96874635998216, 420.9687463527167, 420.9687464220014]",0.00010182053028984228,0.0001311521257360812,0.010364209319799839,1.607232586217165e-08,0.9828564539284121,0.11748170754567859,0.9874262357081213,0.9999938552412666
