method,dimension,iteration,x,f_val,dist_to_min,step_size,grad_norm,grad_cosine_sim,rel_improvement_f,rel_improvement_dist,rel_improvement_grad
NewtonRaphson,8,0,"[419.689372110975, 418.9788854547696, 423.0336731611139, 420.65060059528156, 421.0638414371953, 418.96135224502507, 420.20171152407363, 421.1249803964832]",1.8432004044548194,3.8226345557028854,,0.9639960088875621,,,,
NewtonRaphson,8,1,"[420.97010207655023, 420.9726472026135, 420.96943354313885, 420.9688100753433, 420.9687513331317, 420.97271427026186, 420.9691703507605, 420.96875949830024]",0.00010604201816022396,0.005868406934878498,3.826972036695689,0.0014597038799784457,-0.7404036226549352,0.9999424685357577,0.9984648265876936,0.9984857780877507
NewtonRaphson,8,2,"[420.96874636714335, 420.96874639802917, 420.96874636272827, 420.9687463601727, 420.9687463599965, 420.9687463990536, 420.96874636149835, 420.96874636002]",0.00010182053028984228,0.00013115722894339787,0.005783983671030522,1.3903868607736118e-08,0.9906950508620646,0.03980957684154249,0.9776502839017736,0.9999904748704184
