method,dimension,iteration,x,f_val,dist_to_min,step_size,grad_norm,grad_cosine_sim,rel_improvement_f,rel_improvement_dist,rel_improvement_grad
NewtonRaphson,8,0,"[422.20572407798096, 420.6851615287437, 418.3900472501774, 421.3042599704733, 420.58458249999336, 420.68789619013756, 421.4085825098554, 420.80742503732836]",1.111844343415214,2.9696087960613102,,0.7482918341088209,,,,
NewtonRaphson,8,1,"[420.96924443222616, 420.96879706113737, 420.976072543799, 420.96880625350127, 420.9688436586821, 420.9687951308623, 420.9688409256941, 420.9687620905163]",0.00010862792851185077,0.007397629496589337,2.9757940459030636,0.0018536303570658112,-0.8375747485966409,0.9999022993378928,0.9975088875321217,0.9975228510153751
NewtonRaphson,8,2,"[420.9687463618515, 420.9687463601341, 420.96874636928356, 420.9687463601614, 420.9687463602756, 420.96874636012416, 420.96874636026325, 420.9687463600268]",0.00010182053028984228,0.00013113016693427155,0.00734493707026125,2.397560965445417e-09,0.9910819031456938,0.06266710886662848,0.9822740288636072,0.9999987065592898
