method,dimension,iteration,x,f_val,dist_to_min,step_size,grad_norm,grad_cosine_sim,rel_improvement_f,rel_improvement_dist,rel_improvement_grad
NewtonRaphson,8,0,"[421.6105656812386, 420.0160254049183, 421.13168486772094, 419.43948866994543, 419.93226170885805, 421.12231893242705, 421.5449558949258, 421.1024257296595]",0.647450198790466,2.2654775061549928,,0.5713276864367524,,,,
NewtonRaphson,8,1,"[420.9689348460855, 420.9694391508172, 420.968761924742, 420.9708379881063, 420.9695829502562, 420.9687585857881, 420.96890031546025, 420.9687544324387]",0.0001025289802782936,0.0024499891947357294,2.2675067151650814,0.0005979793985613878,-0.8399991672433116,0.9998416419047058,0.9989185550560182,0.9989533512680071
NewtonRaphson,8,2,"[420.96874636059056, 420.9687463628093, 420.96874636002707, 420.96874637363936, 420.9687463635845, 420.9687463600179, 420.9687463582402, 420.9687463600057]",0.00010182053028984228,0.00013113256942880308,0.0023694661978922297,3.6649791716188443e-09,0.9702344956246785,0.006909753579216144,0.9464762662175954,0.9999938710611429
