method,dimension,iteration,x,f_val,dist_to_min,step_size,grad_norm,grad_cosine_sim,rel_improvement_f,rel_improvement_dist,rel_improvement_grad
NewtonRaphson,8,0,"[421.45680360640023, 420.40756552501495, 421.83428951855876, 420.1036925095407, 421.3308181988872, 422.3203132876986, 420.35749288709644, 420.6192678877464]",0.568533727175236,2.1223254246636545,,0.5356941626104398,,,,
NewtonRaphson,8,1,"[420.968866944832, 420.9689684727358, 420.9690558014302, 420.9693016497722, 420.96881599079995, 420.9693049765062, 420.9690051196432, 420.96882190653434]",0.00010192873787673307,0.0010372728336193841,2.1221612338596287,0.00023370071952578616,0.16193297383741698,0.999820716462358,0.9995112564635162,0.9995637422696806
NewtonRaphson,8,2,"[420.9687463603549, 420.9687463607143, 420.96874636104116, 420.9687463620724, 420.96874635918226, 420.96874636208383, 420.96874636086386, 420.96874636020425]",0.00010182053028984228,0.00013112818558665953,0.0009260313920468479,8.760663246661044e-10,0.9517312964214939,0.001061600380273964,0.8735837078378786,0.9999962513323604
