function,dimension,method,final_value,iterations,runtime,success,distance_to_minimum,f_error,initial_gradient_norm,final_gradient_norm,start_distance,convergence_rate
rosenbrock,2,gradient_descent,,1000,0.020559310913085938,False,,,1548.8051287006022,,2.681203591841823,
rosenbrock,2,sgd,,1000,0.021187305450439453,False,,,1548.8051287006022,,2.681203591841823,
rosenbrock,2,sgd_momentum,,1000,0.024500131607055664,False,,,1548.8051287006022,,2.681203591841823,
rosenbrock,2,momentum,,1000,0.020908355712890625,False,,,1548.8051287006022,,2.681203591841823,
rosenbrock,2,rmsprop,0.037261941197791824,1000,0.031180143356323242,False,0.2916150817255062,0.037261941197791824,1548.8051287006022,5.429285605047031,2.681203591841823,-1.2089737958627826
rosenbrock,2,adam,307.5054073652243,1000,0.05616569519042969,False,2.7178631213802418,307.5054073652243,1548.8051287006022,423.1780466617552,2.681203591841823,-0.9018128114231957
rosenbrock,2,trust-exact,0.09938761466403981,400,0.08014130592346191,False,0.6182793567606575,0.09938761466403981,1548.8051287006022,0.3902025218901909,2.681203591841823,-3.0177572169206464
rosenbrock,2,trust-krylov,0.09988184785075177,400,0.10964202880859375,False,0.6196555166232965,0.09988184785075177,1548.8051287006022,0.3724776743429511,2.681203591841823,-3.0177559844189337
