experiment_num,initial_value,final_value,iterations,runtime,success,initial_distance_to_minimum,final_distance_to_minimum,f_error,initial_gradient_norm,final_gradient_norm,mean_gradient_norm,std_gradient_norm,mean_cosine_similarity,std_cosine_similarity,mean_gradient_angle,std_gradient_angle,mean_best_so_far,std_best_so_far,mean_distance_to_minimum,std_distance_to_minimum,mean_improvement,std_improvement,mean_relative_improvement,std_relative_improvement,mean_step_size,std_step_size
0,33.959074900724424,0.10144557482100039,400,0.10317087173461914,False,2.0483127600965085,0.623760573358452,0.10144557482100039,235.8591522382576,0.39487113101470234,3.033491351105504,7.695416779274773,0.9968773397413886,0.009364095442478782,0.8870118891713947,2.469652815782818,0.47221952204796397,0.877635869414678,0.854993339819347,0.23420453559748405,1.1995624650027283,2.4498676695607684,98.6094452707312,2.584392749155709,0.00894910621641928,0.02372194333594879
1,2.4325476927140723,0.10012415427848281,400,0.09154438972473145,False,1.7063821044007754,0.6202495651283639,0.10012415427848281,8.801022599828206,0.3918764610031234,0.888390808952284,0.9667769747332438,0.9989618919781649,0.0031111896395591577,0.4987495295463723,1.3188711226299807,0.25348397698230984,0.21502444463757517,0.8356659778862849,0.20142233874892265,0.728933475031745,1.0091224809306953,89.57948583119085,8.839474978501467,0.003901591790491078,0.00796107744800555
