method,dimension,iteration,x,f_val,dist_to_min,step_size,grad_norm,grad_cosine_sim,rel_improvement_f,rel_improvement_dist,rel_improvement_grad
NewtonRaphson,2,0,"[422.6087384901141, 418.53451002824]",1.0863516332667587,2.93513322826626,,0.7398711845194403,,,,
NewtonRaphson,2,1,"[420.96939846823244, 420.9751026577506]",3.0606936661570217e-05,0.0064406431466763085,2.94005579718556,0.001612545805258671,-0.7671908667521787,0.9999718259394801,0.9978056726404612,0.9978205046513521
NewtonRaphson,2,2,"[420.96874636260134, 420.96874644933723]",2.545513257246057e-05,6.562797977736417e-05,0.0063895717499884595,2.2560002756571776e-08,0.9973417876485994,0.16832145425315312,0.9898103375264268,0.9999860096980296
