method,dimension,iteration,x,f_val,dist_to_min,step_size,grad_norm,grad_cosine_sim,rel_improvement_f,rel_improvement_dist,rel_improvement_grad
NewtonRaphson,2,0,"[423.17553574627755, 421.4808174863601]",0.6479940774381703,2.2654775061527483,,0.5721513723837671,,,,
NewtonRaphson,2,1,"[420.9693769339329, 420.96886976625905]",2.5507227746857097e-05,0.0006978969352208962,2.264779718516267,0.00016215500061753853,0.9994003395358102,0.9999606366344462,0.999691942677283,0.9997165872381955
NewtonRaphson,2,2,"[420.96874636246713, 420.9687463603688]",2.545513257246057e-05,6.556494606383441e-05,0.0006425335689122545,6.347187775027437e-10,0.9992458287925577,0.0020423691242944255,0.9060535406376559,0.9999960857280066
