method,dimension,iteration,x,f_val,dist_to_min,step_size,grad_norm,grad_cosine_sim,rel_improvement_f,rel_improvement_dist,rel_improvement_grad
NewtonRaphson,2,0,"[416.2409924306017, 420.9197274990869]",2.812432084322154,4.727961206227463,,1.1872492801546937,,,,
NewtonRaphson,2,1,"[421.00341418326235, 420.9687483344063]",0.00017711182954371907,0.034714216911605714,4.762674038028512,0.008749190733029839,-0.999946308638701,0.9999370253843529,0.9926576772952617,0.9926307045375593
NewtonRaphson,2,2,"[420.9687470565758, 420.96874635998785]",2.545513257246057e-05,6.605732205868374e-05,0.03466712674276796,1.7579732492546018e-07,0.9999999988147458,0.8562764969565339,0.9980971104079089,0.9999799070187988
