method,dimension,iteration,x,f_val,dist_to_min,step_size,grad_norm,grad_cosine_sim,rel_improvement_f,rel_improvement_dist,rel_improvement_grad
NewtonRaphson,2,0,"[419.7415124241002, 422.90569111983376]",0.6636400113557102,2.293016342017127,,0.5788417826922031,,,,
NewtonRaphson,2,1,"[420.969990360102, 420.9694367870667]",2.5710556656122208e-05,0.0014858951424472563,2.293085013775636,0.0003590562041454316,-0.0573213362197555,0.999961258278259,0.9993519910367754,0.9993796988833884
NewtonRaphson,2,2,"[420.968746366305, 420.96874636283104]",2.545513257246057e-05,6.556940095533177e-05,0.001422746004038203,1.7502075271868938e-09,0.9965293311927772,0.009934599514041078,0.9558721210654613,0.9999951255332536
