method,dimension,iteration,x,f_val,dist_to_min,step_size,grad_norm,grad_cosine_sim,rel_improvement_f,rel_improvement_dist,rel_improvement_grad
NewtonRaphson,2,0,"[422.1108489410047, 418.836905225915]",0.73755112462527,2.418481581954719,,0.6096214284749292,,,,
NewtonRaphson,2,1,"[420.9692004882696, 420.9733441874615]",2.8148682417850068e-05,0.004671077572214745,2.4223403200306675,0.0011659894199282923,-0.8302725622067505,0.9999618349406868,0.9980685908021513,0.9980873549296894
NewtonRaphson,2,2,"[420.9687463616582, 420.9687463437159]",2.545513257246057e-05,6.555259988681378e-05,0.004620216238261249,4.126770752195203e-09,-0.9798404850461852,0.09569008614347872,0.985966278899596,0.9999964607133808
