experiment_num,initial_value,final_value,iterations,runtime,success,distance_to_minimum,f_error,initial_gradient_norm,final_gradient_norm,mean_gradient_norm,mean_cosine_similarity,mean_gradient_angle,std_gradient_norm,std_cosine_similarity,std_gradient_angle
0,39.67406609896369,14.88501451788608,1000,0.15380620956420898,False,2.9835280902375625,14.88501451788608,60.11158421862222,55.6387429910748,67.93562106702585,-0.7453731182275615,146.73007283063413,15.144864864716386,0.373847819385354,31.656590226944708
1,39.76828274559682,24.42609094448826,1000,0.148512601852417,False,2.5164059299482675,24.42609094448826,61.85053517541833,66.25398213235546,73.22133519923968,-0.9165487781499994,163.792200645616,9.097662662944265,0.16749334944042105,18.180056400230395
