experiment_num,initial_value,final_value,iterations,runtime,success,distance_to_minimum,f_error,initial_gradient_norm,final_gradient_norm,mean_gradient_norm,mean_cosine_similarity,mean_gradient_angle,std_gradient_norm,std_cosine_similarity,std_gradient_angle
0,39.14348640828907,24.87384503394854,5,0.005031108856201172,True,4.9747405089023,24.87384503394854,61.75491037311551,8.414147714746183e-09,25.8445982058723,0.5931848184409407,39.412488057567984,27.361669752096578,0.7861564464203277,64.64070023258135
1,52.36137199627376,9.949560298580305,6,0.005819559097290039,True,3.1463162979490167,9.949560298580305,12.599263287204915,4.811625764530735e-09,18.23674452387272,0.32227933982571483,62.88759447129656,23.609382336949025,0.929652192163777,79.50148759457943
