experiment_num,initial_value,final_value,iterations,runtime,success,distance_to_minimum,f_error,initial_gradient_norm,final_gradient_norm,mean_gradient_norm,mean_cosine_similarity,mean_gradient_angle,std_gradient_norm,std_cosine_similarity,std_gradient_angle
0,8.748314716176406,7.961713052131067,1000,0.17363905906677246,False,3.5735082619974494,7.961713052131067,6.483745121049751,0.013601170876785005,0.129992133714785,0.6069750483139186,43.78176149341928,0.5903562680635097,0.5567866832248018,43.45959933801292
1,7.863630179487181,0.06117725825773279,1000,0.16353535652160645,False,0.018437780178113084,0.06117725825773279,3.7867071217769888,3.804938031988901,4.036322967074316,0.03472002889218029,87.38958095635925,0.6790602903769547,0.98305485094898,87.24425259789759
