experiment_num,initial_value,final_value,iterations,runtime,success,distance_to_minimum,f_error,initial_gradient_norm,final_gradient_norm,mean_gradient_norm,mean_cosine_similarity,mean_gradient_angle,std_gradient_norm,std_cosine_similarity,std_gradient_angle
0,42.120317645945086,16.914202849555146,8,0.00569462776184082,True,4.102270361880257,16.914202849555146,53.51176012279507,1.597792643304204e-05,32.57499433922456,0.15701247728394996,74.39110674078745,24.595899303702843,0.8066664323999253,65.94942607472598
1,25.54232064500431,7.959662381108178,6,0.0032591819763183594,True,2.8141608688493984,7.959662381108178,23.215199774870324,5.0425314131249744e-09,18.913554610229177,-0.0018346245864087063,91.33916507423834,18.359297668342165,0.9976160349497927,87.1003686182735
