method,dimension,iteration,x,f_val,dist_to_min,step_size,grad_norm,grad_cosine_sim,rel_improvement_f,rel_improvement_dist
NewtonRaphson,2,0,"[5.042298331824767, -0.12520561491340843]",65296.4781750567,4.1959818254260774,,51793.02659425973,,,
NewtonRaphson,2,1,"[5.041505817385448, 25.416771631630485]",16.33376928056317,24.74899000329419,25.54197725883893,8.101716037055176,0.9951435819889576,0.9997498522165809,-4.898259580945891
NewtonRaphson,2,2,"[1.0075664836069427, -15.257474896257786]",26479.963052220126,16.257476657037717,40.87379352543677,7321.454963203544,0.8958706923809057,-1620.1789573721178,0.3431054497628476
NewtonRaphson,2,3,"[1.007564045643143, 1.01518349716428]",5.7215113706545014e-05,0.016963294863594335,16.27265839342225,0.015861254254822536,0.9056750124464501,0.9999999978393054,0.9989565850087658
NewtonRaphson,2,4,"[1.0000027659622701, 0.9999483588691864]",3.2688356387716496e-07,5.1715151928465626e-05,0.01700830353924237,0.02557357567542417,0.9044368014641448,0.9942867619637402,0.996951349820638
NewtonRaphson,2,5,"[1.0000000312724275, 1.0000000625370942]",9.7797074856103e-16,6.992033231632065e-08,5.177593846227493e-05,6.566792272063997e-08,0.9047908284089062,0.9999999970081985,0.9986479720215646
NewtonRaphson,2,6,"[1.000000000000125, 1.0000000000002485]",1.5869366918911366e-26,2.7814399510521593e-13,6.992005417315997e-08,9.255152620364268e-13,0.9495814735977327,0.0,0.9999960219869402
