method,dimension,iteration,x,f_val,dist_to_min,step_size,grad_norm,grad_cosine_sim,rel_improvement_f,rel_improvement_dist
NewtonRaphson,2,0,"[1.413512947395695, -2.2697913936821545]",1821.5914226612183,3.295835055924638,,2560.338243902534,,,
NewtonRaphson,2,1,"[1.4130290340417344, 1.9966508276718442]",0.17059298296643777,1.0788446854206681,4.26644224879749,0.8261843223461858,0.9428110520607212,0.9999063494805454,0.6726642361906666
NewtonRaphson,2,2,"[1.00002078213712, 0.8294657432914934]",2.9096110855599493,0.17053425797481297,1.2381021110317485,76.28513185196344,0.8944551981446739,-16.055866161460944,0.8419288148893114
NewtonRaphson,2,3,"[1.000020189786005, 1.000040379197936]",4.076275200351528e-10,4.514539937670818e-05,0.17057463590747113,4.069255928988888e-05,0.8961425759797166,0.9999999998599031,0.9997352707900875
NewtonRaphson,2,4,"[1.0000000000837945, 0.9999999997598608]",1.6631257823621565e-17,2.5433910080463466e-10,4.514557668941661e-05,1.8249154865834367e-07,0.89632095844251,0.9999999591998651,0.9999943662232627
NewtonRaphson,2,5,"[1.0000000000000004, 1.0000000000000007]",5.127595883936577e-30,8.005932084973442e-16,2.543395834391475e-10,1.0009656516190792e-13,0.9999936719628962,0.0,0.9999968522606003
