experiment_num,initial_value,final_value,iterations,runtime,success,initial_distance_to_minimum,final_distance_to_minimum,f_error,initial_gradient_norm,final_gradient_norm,mean_gradient_norm,std_gradient_norm,mean_cosine_similarity,std_cosine_similarity,mean_gradient_angle,std_gradient_angle,mean_best_so_far,std_best_so_far,mean_distance_to_minimum,std_distance_to_minimum,mean_improvement,std_improvement,mean_relative_improvement,std_relative_improvement,mean_step_size,std_step_size
0,33.959074900724424,2.9212382907959507,1000,0.17040491104125977,False,2.0483127600965085,1.7775438267254582,2.9212382907959507,235.8591522382576,2.0559905589993734,30.54454443406031,51.84837257968798,0.9999980866282048,3.1317810179587556e-06,0.07169398741690364,0.08339960043358131,5.266432646923931,5.406218085190025,1.8196819737435528,0.06357198225756702,0.22250556342010794,0.3523160036875042,84.49182534471342,15.919803766723625,0.0002951903115914704,0.00038829651753105897
1,2.4325476927140723,0.4727875288346849,1000,0.11329126358032227,False,1.7063821044007754,1.135291497408174,0.4727875288346849,8.801022599828206,1.2568456846938145,1.9564259678831653,0.4235983864414151,0.9998981781089575,0.000304444333707806,0.19502234815168515,0.4564766183514354,1.2226493750186114,0.6071277982680752,1.4267318533642777,0.18269701099762956,0.16595008353395618,0.02912716294668925,49.73790735200501,24.95851571940541,0.0009545765657349894,0.00014054768071908484
