method,dimension,iteration,x,f_val,dist_to_min,step_size,grad_norm,grad_cosine_sim,rel_improvement_f,rel_improvement_dist,rel_improvement_grad
NewtonRaphson,8192,0,,0.7223649509251118,2.213215702100805,,0.5585483551509929,,,,
NewtonRaphson,8192,1,,0.1042642230167985,0.00422745827196287,2.213239101360812,1.4359873451776888e-05,0.003361736242751437,0.85566267731668,0.9980899022775096,0.9999742907246627
