method,dimension,iteration,x,f_val,dist_to_min,step_size,grad_norm,grad_cosine_sim,rel_improvement_f,rel_improvement_dist,rel_improvement_grad
NewtonRaphson,8192,0,,2.973653712309897,4.768616190230384,,1.2034431124760778,,,,
NewtonRaphson,8192,1,,0.1042642304673791,0.004345774706364776,4.768639032380049,6.395427842495017e-05,-0.03552009466155801,0.9649373328051746,0.9990886717376694,0.9999468572483718
