method,dimension,iteration,x,f_val,dist_to_min,step_size,grad_norm,grad_cosine_sim,rel_improvement_f,rel_improvement_dist,rel_improvement_grad
NewtonRaphson,8192,0,,1.8051364235579967,3.67150289953214,,0.9265464182358253,,,,
NewtonRaphson,8192,1,,0.10426422534510493,0.004283709105951976,3.671422067530057,3.761300366312744e-05,0.009136382462807006,0.9422402517702257,0.9988332546035854,0.9999594051599328
