method,dimension,iteration,x,f_val,dist_to_min,step_size,grad_norm,grad_cosine_sim,rel_improvement_f,rel_improvement_dist,rel_improvement_grad
NewtonRaphson,8192,0,,0.7963108182884753,2.3419204616117737,,0.5910155089102879,,,,
NewtonRaphson,8192,1,,0.1042642230167985,0.004231461483433592,2.341889434787826,1.5907259174338426e-05,-0.0004925245449092266,0.8690659217202457,0.9981931660136223,0.9999730848701354
