method,dimension,iteration,x,f_val,dist_to_min,step_size,grad_norm,grad_cosine_sim,rel_improvement_f,rel_improvement_dist,rel_improvement_grad
NewtonRaphson,8192,0,,2.2604377074167132,4.133721775408782,,1.043212272865336,,,,
NewtonRaphson,8192,1,,0.1042642267420888,0.004308082527046434,4.133722173775229,4.848875412066915e-05,-0.02758106497460973,0.9538743198275326,0.9989578199111815,0.9999535197625814
