method,dimension,iteration,x,f_val,dist_to_min,step_size,grad_norm,grad_cosine_sim,rel_improvement_f,rel_improvement_dist,rel_improvement_grad
NewtonRaphson,8192,0,,2.943947473540902,4.743881763800825,,1.1971967464881557,,,,
NewtonRaphson,8192,1,,0.1042642304673791,0.004344558789541819,4.743894450113929,6.350328392137963e-05,-0.04649483975005413,0.9645835289506803,0.9990841764179931,0.9999469566851834
