method,dimension,iteration,x,f_val,dist_to_min,step_size,grad_norm,grad_cosine_sim,rel_improvement_f,rel_improvement_dist,rel_improvement_grad
NewtonRaphson,8192,0,,0.9603635333478451,2.604692734592075,,0.6573447212836102,,,,
NewtonRaphson,8192,1,,0.1042642230167985,0.004239669358999109,2.6047191024440717,1.912889495029068e-05,-0.0046331511430610355,0.8914325467426575,0.9983722957788098,0.9999708997511794
