method,dimension,iteration,x,f_val,dist_to_min,step_size,grad_norm,grad_cosine_sim,rel_improvement_f,rel_improvement_dist,rel_improvement_grad
NewtonRaphson,8192,0,,0.9122319696471095,2.5304262746975246,,0.6385988686726278,,,,
NewtonRaphson,8192,1,,0.1042642230167985,0.004237371548127701,2.530439007856704,1.827342120777899e-05,-0.00894585531045959,0.8857042654872835,0.998325431730417,0.9999713851337605
