method,dimension,iteration,x,f_val,dist_to_min,step_size,grad_norm,grad_cosine_sim,rel_improvement_f,rel_improvement_dist,rel_improvement_grad
NewtonRaphson,8192,0,,0.7592019969597459,2.278235982136167,,0.5749515946352881,,,,
NewtonRaphson,8192,1,,0.1042642230167985,0.004229430442167434,2.278235276512047,1.4805446775728045e-05,0.012067749114131386,0.862666031656491,0.998143550327828,0.9999742492291285
