method,dimension,iteration,x,f_val,dist_to_min,step_size,grad_norm,grad_cosine_sim,rel_improvement_f,rel_improvement_dist,rel_improvement_grad
NewtonRaphson,8192,0,,3.1177777126431465,4.886918342595056,,1.2332974508793488,,,,
NewtonRaphson,8192,1,,0.10426423139870167,0.004353879893994071,4.886920831935095,6.694212983843887e-05,-0.0034902126996813223,0.9665581574414713,0.9991090745560356,0.999945721018242
