method,dimension,iteration,x,f_val,dist_to_min,step_size,grad_norm,grad_cosine_sim,rel_improvement_f,rel_improvement_dist,rel_improvement_grad
NewtonRaphson,8192,0,,1.8066734177991748,3.6730725087805696,,0.9269643782783785,,,,
NewtonRaphson,8192,1,,0.10426422534510493,0.0042835002388964035,3.6730854523307,3.782693136221101e-05,-0.01605079954718791,0.9422893898156116,0.99883381005176,0.9999591926807021
