method,dimension,iteration,x,f_val,dist_to_min,step_size,grad_norm,grad_cosine_sim,rel_improvement_f,rel_improvement_dist,rel_improvement_grad
NewtonRaphson,8192,0,,2.613945848774165,4.459743051495679,,1.1254870087633755,,,,
NewtonRaphson,8192,1,,0.10426422860473394,0.004327220442685561,4.459726729287107,5.607893710008157e-05,-0.01047920319675675,0.9601123226582411,0.9990297153013705,0.999950173625583
