method,dimension,iteration,x,f_val,dist_to_min,step_size,grad_norm,grad_cosine_sim,rel_improvement_f,rel_improvement_dist,rel_improvement_grad
NewtonRaphson,8192,0,,1.1130949892103672,2.8275599995459864,,0.7135765701965864,,,,
NewtonRaphson,8192,1,,0.1042642230167985,0.004247388624050005,2.827531199936574,2.2627190335373475e-05,0.025803320662894782,0.9063294471473959,0.9984978608324024,0.9999682904522367
