method,dimension,iteration,x,f_val,dist_to_min,step_size,grad_norm,grad_cosine_sim,rel_improvement_f,rel_improvement_dist,rel_improvement_grad
NewtonRaphson,8192,0,,2.433583472855389,4.296419635374302,,1.0842884611624446,,,,
NewtonRaphson,8192,1,,0.10426422767341137,0.004317105497766328,4.29650227641341,5.281141900735927e-05,-0.06666730607206682,0.9571560914855017,0.9989951853254226,0.9999512939398519
