experiment_num,initial_value,final_value,iterations,runtime,success,initial_distance_to_minimum,final_distance_to_minimum,f_error,initial_gradient_norm,final_gradient_norm,mean_gradient_norm,std_gradient_norm,mean_cosine_similarity,std_cosine_similarity,mean_gradient_angle,std_gradient_angle,mean_best_so_far,std_best_so_far,mean_distance_to_minimum,std_distance_to_minimum,mean_improvement,std_improvement,mean_relative_improvement,std_relative_improvement,mean_step_size,std_step_size
0,71.41622592798691,4.084141508825028,1000,0.14255571365356445,False,2.911740943587981,2.249274784791627,4.084141508825028,205.45755271026832,4.384164247835681,46.392219932311825,50.12591951144112,0.999994615900556,6.470582445397439e-06,0.157552680580728,0.09781601501287837,14.665297423074371,15.619049371311474,2.4582248938452023,0.20567273976917466,0.2607283064196207,0.20524493666572852,79.4650344056794,21.870449142833536,0.0013006376123575623,0.0009062954916138877
1,70.98468062916169,5.06741262237031,1000,0.14722299575805664,False,2.960302860230585,2.454431353367064,5.06741262237031,226.43447473251052,4.1962986154925,41.89410494021792,50.99830810541407,0.9999942710455926,1.1725316618573845e-05,0.1268881748607266,0.08271293749729917,12.622790385004624,13.14676368654024,2.576445083339804,0.12966769959553456,0.24101313525675688,0.24889711294841138,82.2175851562274,18.520564676794965,0.000993419131313277,0.0007678840109460499
