method,dimension,iteration,x,f_val,dist_to_min,step_size,grad_norm,grad_cosine_sim,rel_improvement_f,rel_improvement_dist,rel_improvement_grad
NewtonRaphson,2,0,"[418.3996700325322, 423.4081326811867]",1.5831048149254912,3.542703315236754,,0.8933967959129131,,,,
NewtonRaphson,2,1,"[420.97601274956287, 420.9692706360126]",3.215237779841118e-05,0.007334980001875933,3.5476174922034556,0.0018385719976107442,-0.6726488185834243,0.9999796903038287,0.997929552844482,0.9979420432152636
NewtonRaphson,2,2,"[420.9687463688185, 420.96874636194195]",2.545513257246057e-05,6.557054968383569e-05,0.007285269550517407,2.284217757245871e-09,0.9893266814863735,0.20829704315932604,0.9910605687176971,0.999998757613104
