method,dimension,iteration,x,f_val,dist_to_min,step_size,grad_norm,grad_cosine_sim,rel_improvement_f,rel_improvement_dist,rel_improvement_grad
NewtonRaphson,2,0,"[420.23767875668744, 423.2190570243038]",0.7068159835171173,2.3661147045330986,,0.597521647954555,,,,
NewtonRaphson,2,1,"[420.9691385460208, 420.96937507926265]",2.5524419584144198e-05,0.0008050183992938084,2.3656082256485043,0.00018700691846932583,0.6437009572918387,0.9999638881686614,0.999659772031444,0.9996870290488897
NewtonRaphson,2,2,"[420.96874636137454, 420.9687463625159]",2.5455132458773733e-05,6.556569169771424e-05,0.0007410084644668715,7.296532297017148e-10,0.9984754300294432,0.002714542641882696,0.9185537973352772,0.9999960982554246
