method,dimension,iteration,x,f_val,dist_to_min,step_size,grad_norm,grad_cosine_sim,rel_improvement_f,rel_improvement_dist,rel_improvement_grad
NewtonRaphson,2,0,"[423.31581580849377, 421.97708552913525]",0.8239125718101832,2.554563366575714,,0.6451566517005772,,,,
NewtonRaphson,2,1,"[420.96935169865117, 420.9691299065613]",2.551993316046719e-05,0.0007807245246307443,2.553794893067541,0.00018085110442913143,0.9873691954694773,0.9999690259209124,0.999694380442918,0.9997196787726633
NewtonRaphson,2,2,"[420.9687463624297, 420.9687463613795]",2.5455132458773733e-05,6.556563425920245e-05,0.0007166162484092283,7.112938705581436e-10,0.9989421778227576,0.002539219099281951,0.9160195021538324,0.9999960669641869
