method,dimension,iteration,x,f_val,dist_to_min,step_size,grad_norm,grad_cosine_sim,rel_improvement_f,rel_improvement_dist,rel_improvement_grad
NewtonRaphson,2,0,"[419.1471522996076, 418.1355388220365]",1.429734589948339,3.3682099526490954,,0.8482271986971477,,,,
NewtonRaphson,2,1,"[420.9718811364041, 420.9780092327812]",3.752180543870054e-05,0.00983775603454165,3.3777615907277374,0.0024678942261994615,-0.9700019119706585,0.999973756104313,0.9970792331318883,0.9970905268895055
NewtonRaphson,2,2,"[420.9687463409165, 420.9687464037974]",2.545513257246057e-05,6.558043116832751e-05,0.009778902982008352,1.2059033581475796e-08,0.7406592063672536,0.3215909449227682,0.9933338018407789,0.9999951136343472
