method,dimension,iteration,x,f_val,dist_to_min,step_size,grad_norm,grad_cosine_sim,rel_improvement_f,rel_improvement_dist,rel_improvement_grad
NewtonRaphson,2,0,"[417.2230301701539, 421.7319119444772]",1.8401380460277323,3.822634555697433,,0.9614188271969294,,,,
NewtonRaphson,2,1,"[420.987608590884, 420.968985111172]",7.035670068944455e-05,0.018910740271039565,3.841107657799238,0.004760638762528543,-0.9770986353680858,0.9999617655312104,0.9950529562804129,0.9950483196003053
NewtonRaphson,2,2,"[420.96874676507383, 420.96874636076683]",2.545513257246057e-05,6.585053400768894e-05,0.01886333678460487,1.0223201409892139e-07,0.999942547781652,0.6381988876252188,0.9965178235720082,0.9999785255678495
