method,dimension,iteration,x,f_val,dist_to_min,step_size,grad_norm,grad_cosine_sim,rel_improvement_f,rel_improvement_dist
NewtonRaphson,8192,0,,2.868401436135173,4.680330396128723,,1.1811657236374458,,,
NewtonRaphson,8192,1,,0.1042642300017178,0.004340434967203529,4.68035643578131,6.175175677575977e-05,-0.015910237569246376,0.9636507538002765,0.9990726221014666
NewtonRaphson,8192,2,,0.10426422208547592,0.00419602671937922,0.00024468995434634514,2.9868217997025587e-10,0.23968430523732487,7.592481030264303e-08,0.03327045536114761
