experiment_num,initial_value,final_value,iterations,runtime,success,distance_to_minimum,f_error,initial_gradient_norm,final_gradient_norm,mean_gradient_norm,mean_cosine_similarity,mean_gradient_angle,std_gradient_norm,std_cosine_similarity,std_gradient_angle
0,7.352890114336599,6.560969235329225,1000,0.20691847801208496,False,2.792268995843133,6.560969235329225,7.029158559976569,0.3743140031565657,0.4203028251229324,-0.9593687398898574,176.22902910358133,0.46893122002578425,0.2638556575567823,23.291357904955504
1,11.496882878478212,9.002421010845993,1000,0.22037196159362793,False,4.2132352354706635,9.002421010845993,2.6405651460657906,0.3753546540884123,0.5360545048132361,-0.8816687280576609,169.2764696539163,0.889588547861548,0.46994330448619803,41.93382266770766
