experiment_num,initial_value,final_value,iterations,runtime,success,initial_distance_to_minimum,final_distance_to_minimum,f_error,initial_gradient_norm,final_gradient_norm,mean_gradient_norm,std_gradient_norm,mean_cosine_similarity,std_cosine_similarity,mean_gradient_angle,std_gradient_angle,mean_best_so_far,std_best_so_far,mean_distance_to_minimum,std_distance_to_minimum,mean_improvement,std_improvement,mean_relative_improvement,std_relative_improvement,mean_step_size,std_step_size
0,125.66496213372301,0.035363417936406905,1000,0.11602973937988281,False,0.9285377320621915,0.3806500879116162,0.035363417936406905,226.56351689876004,1.596854138410085,95.25520735279751,82.30648968551655,0.9999992858344958,8.003478421038508e-07,0.05591276439117745,0.03892408999699094,27.793909119646784,37.60112428418989,0.5034747555233863,0.16251633361488474,0.7499201330671513,0.4620992279111201,77.88253093963402,29.921724914998705,0.0007924789292422708,0.0006064300125338294
1,208.02155526616647,9.092109623948975,1000,0.1186521053314209,False,2.5708719244038734,1.7314054587216041,9.092109623948975,507.35008163500737,61.36971365968031,185.13244054556318,119.32668441953773,0.9999998581571884,6.38299989108864e-08,0.02956959012675901,0.007503844962199223,57.025616231068994,51.76886457538321,2.0386872963320566,0.2473856851354781,0.31159469386788763,0.01012765305534256,72.58667922268734,24.88629820556059,0.000813745272467215,0.00028588787581982484
