experiment_num,initial_value,final_value,iterations,runtime,success,distance_to_minimum,f_error,initial_gradient_norm,final_gradient_norm,mean_gradient_norm,mean_cosine_similarity,mean_gradient_angle,std_gradient_norm,std_cosine_similarity,std_gradient_angle
0,8.206495698760994,2.3292634686662057e-13,772,0.07383584976196289,True,4.826244366654268e-07,2.3292634686662057e-13,5.7293963726595125,9.652488733308536e-07,0.3705947882739727,1.0,2.3180763518277992e-07,0.9669671951794998,8.140022924797207e-17,4.324795317010998e-07
1,9.375696740647745,2.3573326690312305e-13,775,0.07346439361572266,True,4.855237037500055e-07,2.3573326690312305e-13,6.1239519072728665,9.71047407500011e-07,0.3945844687916498,1.0,2.3463913183711836e-07,1.0318505533897742,8.608992647331789e-17,4.4386144301928916e-07
