experiment_num,initial_value,final_value,iterations,runtime,success,initial_distance_to_minimum,final_distance_to_minimum,f_error,initial_gradient_norm,final_gradient_norm,mean_gradient_norm,std_gradient_norm,mean_cosine_similarity,std_cosine_similarity,mean_gradient_angle,std_gradient_angle,mean_best_so_far,std_best_so_far,mean_distance_to_minimum,std_distance_to_minimum,mean_improvement,std_improvement,mean_relative_improvement,std_relative_improvement,mean_step_size,std_step_size
0,570.769114743805,501.47733791296616,180,1462.4351711273193,True,22.662666625972964,22.30049750477397,501.47733791296616,164.6769196153767,5.5474001492295075,6.7633751711852375,8.093063735307727,0.5894699972230025,0.22418857836371556,45.90827844870395,20.911526447308802,504.08254364350137,2.622502018135405,22.366965329256928,0.060417515034789315,0.0626665839935317,0.181786270274885,11.683633430347141,0.4594681019684332,0.016776519725608483,0.013115794197101984
1,580.816047227725,501.180951358592,242,1957.260400056839,True,22.64620038433098,22.29514171883665,501.180951358592,176.57347995408338,6.575511797812843,5.935269505109532,5.990170601548055,0.46961692495430396,0.2014099135392982,55.25905389378525,18.350690913878605,503.4999677325339,2.433362752351012,22.351176565324177,0.05269487898693841,0.05313998874586467,0.15514180430595906,13.311629364275658,0.4189558404878129,0.014020215089511429,0.010599512805243355
