method,dimension,iteration,x,f_val,dist_to_min,step_size,grad_norm,grad_cosine_sim,rel_improvement_f,rel_improvement_dist,rel_improvement_grad
NewtonRaphson,512,0,,1.7569737692583947,4.074966955599454,,0.4832463819550076,,,,
NewtonRaphson,512,1,,10.796637883718427,76.86753429355173,76.71873059078733,0.28803870795681774,-0.5339467666213956,-5.14501939222212,-17.86335156360649,0.403950616678108
NewtonRaphson,512,2,,21.214366021895497,434.70725848456334,427.31946702600067,0.2152828565637225,-0.04661453436640343,-0.9649048389302043,-4.655277777279115,0.2525905351721084
NewtonRaphson,512,3,,21.19160215877881,436.24786369754054,28.26288861789638,0.11270056302975862,-0.2031263208232604,0.0010730399905984527,-0.003544006185560174,0.47650005751201147
NewtonRaphson,512,4,,21.179737930476175,436.91555872944406,23.818086363396674,0.07148407544837573,-0.5741754949008852,0.0005598551829041303,-0.001530540519429217,0.3657167850217364
NewtonRaphson,512,5,,21.171690597104508,436.69461190296636,16.325201405646425,0.03398388894764168,-0.5790923486687753,0.00037995434117661886,0.0005056968607852197,0.5245949711948906
NewtonRaphson,512,6,,21.176214599625883,436.66883856425267,5.356228038924225,0.01662971194372225,-0.1861920696830653,-0.00021368168501356217,5.901913605340695e-05,0.5106589487346981
NewtonRaphson,512,7,,21.176810688986432,436.6705424188232,0.2541614175933063,0.00409742639890244,-0.917361130292829,-2.8149004523194266e-05,-3.901937624195713e-06,0.7536080953916207
NewtonRaphson,512,8,,21.176834369625762,436.670474197971,0.04845693434700589,6.080986021918661e-05,-0.9593118064482152,-1.1182344536258507e-06,1.5622957257772104e-07,0.9851590109744313
