experiment_num,initial_value,final_value,iterations,runtime,success,distance_to_minimum,f_error,initial_gradient_norm,final_gradient_norm,mean_gradient_norm,mean_cosine_similarity,mean_gradient_angle,std_gradient_norm,std_cosine_similarity,std_gradient_angle
0,42.120317645945086,16.914202849554822,8,0.005043983459472656,True,4.102270379356949,16.914202849554822,53.51176012279507,9.00624308786282e-12,34.72482764990669,0.18887825847870016,73.6057232426713,27.288184591121553,0.9253004574471351,80.14691675241882
1,25.54232064500431,7.959662381108174,6,0.0039675235748291016,True,2.814160868852187,7.959662381108174,23.215199774870324,5.273108172334548e-09,18.915598417346093,-0.0006981847888141898,90.55106951951802,18.357834185475863,0.9990955429120426,88.69868658227783
