experiment_num,initial_value,final_value,iterations,runtime,success,distance_to_minimum,f_error,initial_gradient_norm,final_gradient_norm,mean_gradient_norm,mean_cosine_similarity,mean_gradient_angle,std_gradient_norm,std_cosine_similarity,std_gradient_angle
0,8.81038911447341,7.1809665761925885,1000,0.1582636833190918,False,3.1270793608876875,7.1809665761925885,6.942132983413247,0.03889477628351553,0.17672935617220248,0.6179609537886392,43.81933255901278,0.7448855957894627,0.5288882234291014,41.12433130970188
1,10.213310395499885,7.9617120343350845,1000,0.19782686233520508,False,3.5734430001593966,7.9617120343350845,1.175130779138109,0.0088759956354187,0.1892996122920128,0.6224483995442054,42.83610381919092,0.7419716582767909,0.5442100524472663,42.163875849751086
