method,dimension,iteration,x,f_val,dist_to_min,step_size,grad_norm,grad_cosine_sim,rel_improvement_f,rel_improvement_dist,rel_improvement_grad
NewtonRaphson,2,0,"[-1.821547700392366, -2.8331611779635386]",22.008628856051626,3.3682099526491016,,71.99254889160504,,,,
NewtonRaphson,2,1,"[-2.1266125598172647, -3.078267605991072]",18.18416519219028,3.7414185055492717,0.3913332716705156,60.804381563866066,-0.9934592511740636,0.17377110082029243,-0.11080323321491317,0.15540729561588854
NewtonRaphson,2,2,"[-1.9500842781235683, -2.975911223872553]",13.260998165574353,3.557931464229652,0.20405651961679952,15.879746165902194,-0.9185460002697629,0.27073923793489985,0.04904210556703874,0.7388387850105365
NewtonRaphson,2,3,"[-1.9910993891506403, -2.9848891462864224]",12.934711738380487,3.588041247407078,0.04198621706503819,0.4703953087424024,-0.9809411428104448,0.024604967372735757,-0.008462721522362208,0.9703776556735864
NewtonRaphson,2,4,"[-1.9899124912755444, -2.984855701372685]",12.934432432054233,3.5873549142719994,0.0011873689941051264,0.0001019944127019058,0.9996409536140037,2.159354857714282e-05,0.0001912835131353581,0.999783172980669
NewtonRaphson,2,5,"[-1.9899122337085628, -2.984855701039481]",12.9344324320411,3.587354771121877,2.5756719704657844e-07,5.267180051619217e-12,0.9997497996713713,1.015321405301148e-12,3.990408695080218e-08,0.999999948358151
