method,dimension,iteration,x,f_val,dist_to_min,step_size,grad_norm,grad_cosine_sim,rel_improvement_f,rel_improvement_dist,rel_improvement_grad
NewtonRaphson,2,0,"[-1.2271875758997899, 1.9369911198337257]",14.602967759986651,2.293016342017107,,67.7713078503196,,,,
NewtonRaphson,2,1,"[-0.12016751216599175, 1.9925715008386693]",6.71319473692941,1.9961917285007047,1.10841445328985,43.3126973159266,0.9462355300172334,0.5402855880210786,0.1294472298681017,0.36089919628543304
NewtonRaphson,2,2,"[0.02939994941908003, 1.9899133892540937]",4.150828166793369,1.9901305619879714,0.14959107968792115,11.599537515029331,-0.999703158567273,0.3816910830905015,0.003036364907335659,0.732190830083352
NewtonRaphson,2,3,"[-0.00033729926436141047, 1.9899122337088144]",3.9798537617710075,1.9899122622957015,0.029737248705892824,0.133834911008305,-0.9999999992218706,0.04119043192155172,0.00010969114109371704,0.9884620476605298
NewtonRaphson,2,4,"[5.024476647458656e-10, 1.9899122337085495]",3.979831190554087,1.9899122337085495,0.0003372997668090752,1.993632826612064e-07,-0.9999999999999998,5.6713684148920295e-06,1.4366036392968226e-08,0.9999985103790845
