method,dimension,iteration,x,f_val,dist_to_min,step_size,grad_norm,grad_cosine_sim,rel_improvement_f,rel_improvement_dist,rel_improvement_grad
NewtonRaphson,2,0,"[-2.5690299674678165, 2.4394326811867124]",50.909383642851324,3.5427033152367535,,35.33408883960634,,,,
NewtonRaphson,2,1,"[-2.509328412739167, 2.5168366811986287]",52.558120633678406,3.5540393867832973,0.09775302990118868,2.086366401131835,-0.9987321449147828,-0.03238571895494942,-0.003199836547923359,0.940953156862129
NewtonRaphson,2,2,"[-2.512740894188275, 2.5127381539916374]",52.56368234865349,3.5535503136794606,0.005333193687365492,0.0022335471414172553,-0.42204858361811537,-0.00010582027873189058,0.0001376104906590176,0.9989294559478116
NewtonRaphson,2,3,"[-2.5127433181985963, 2.51274331819333]",52.56368235502446,3.5535556793551044,5.704805444433512e-06,2.708277713287931e-09,0.9754660255228012,-1.2120488090092452e-10,-1.509947846564269e-06,0.9999987874544204
