method,dimension,iteration,x,f_val,dist_to_min,step_size,grad_norm,grad_cosine_sim,rel_improvement_f,rel_improvement_dist,rel_improvement_grad
NewtonRaphson,512,0,,0.5511449237237684,2.0775169166599414,,0.5243000177636687,,,,
NewtonRaphson,512,1,,0.0065165190026164055,0.0011701855808986196,2.0775545497047325,5.068100578239286e-05,-0.07076870514067898,0.9881763965844264,0.9994367383622657,0.9999033358686529
