method,dimension,iteration,x,f_val,dist_to_min,step_size,grad_norm,grad_cosine_sim,rel_improvement_f,rel_improvement_dist,rel_improvement_grad
NewtonRaphson,512,0,,1.4849363850662485,3.4229259946051247,,0.8638381749961872,,,,
NewtonRaphson,512,1,,0.006516545370686799,0.0014035026206936933,3.422905969918449,0.00012596636437123084,0.018502022178790913,0.9956115659659076,0.9995899699196226,0.999854178284756
NewtonRaphson,512,2,,0.006516513880342245,0.001049006761211042,0.000499139150051894,6.804881510908052e-10,0.11598435150539085,4.832367882503824e-06,0.2525794068752352,0.9999945978582895
