method,dimension,iteration,x,f_val,dist_to_min,step_size,grad_norm,grad_cosine_sim,rel_improvement_f,rel_improvement_dist,rel_improvement_grad
NewtonRaphson,512,0,,1.9578372439718805,3.932447664427562,,0.9924206646799905,,,,
NewtonRaphson,512,1,,0.006516569847008213,0.001536937950594354,3.932468607235303,0.0001680198714493923,-0.038175764546165794,0.9966715466941531,0.9996091650590808,0.999830696923765
NewtonRaphson,512,2,,0.006516513880342245,0.0010490071856837945,0.0006657743987066665,7.068251024611498e-10,0.47419650140382924,8.588362786289087e-06,0.31746939733114815,0.9999957932053134
