method,dimension,iteration,x,f_val,dist_to_min,step_size,grad_norm,grad_cosine_sim,rel_improvement_f,rel_improvement_dist,rel_improvement_grad
NewtonRaphson,512,0,,1.361134612117894,3.276480003344113,,0.8268682530878726,,,,
NewtonRaphson,512,1,,0.006516544672194868,0.001384159295311203,3.2765441692481994,0.00012462391599209413,-0.1153529431021772,0.9952124171891747,0.9995775468509198,0.9998492820161776
NewtonRaphson,512,2,,0.006516513880342245,0.0010490069615789438,0.0004938192652447113,5.767491709984003e-10,0.33596706792896497,4.725180931331375e-06,0.24213422173847873,0.9999953720827467
