method,dimension,iteration,x,f_val,dist_to_min,step_size,grad_norm,grad_cosine_sim,rel_improvement_f,rel_improvement_dist,rel_improvement_grad
NewtonRaphson,512,0,,2.2900667835201602,4.254125258086948,,1.0735917921456761,,,,
NewtonRaphson,512,1,,0.006516590772662312,0.0016323828790487552,4.25404248052248,0.00019697779460514832,0.00403632046119402,0.9971544101597573,0.9996162823659352,0.9998165244965114
NewtonRaphson,512,2,,0.006516513880342245,0.001049007163858731,0.0007805198712303266,9.474411336999938e-10,0.29215111170723496,1.1799470420831194e-05,0.3573767666137107,0.9999951901119839
