method,dimension,iteration,x,f_val,dist_to_min,step_size,grad_norm,grad_cosine_sim,rel_improvement_f,rel_improvement_dist,rel_improvement_grad
NewtonRaphson,512,0,,2.3016241037112195,4.26482060047481,,1.076284250388395,,,,
NewtonRaphson,512,1,,0.006516596709843725,0.0016535875795664278,4.264962024482111,0.0002044408682363766,-0.152558687605881,0.9971686963569176,0.9996122726523637,0.9998100493729583
NewtonRaphson,512,2,,0.006516513880342245,0.0010490066222850465,0.0008100935385339319,1.2559657483030574e-09,-0.056232071792101074,1.2710545882752726e-05,0.3656177421457792,0.999993856581812
