method,dimension,iteration,x,f_val,dist_to_min,step_size,grad_norm,grad_cosine_sim,rel_improvement_f,rel_improvement_dist,rel_improvement_grad
NewtonRaphson,512,0,,2.101819264673395,4.07496695559948,,1.0283788560747542,,,,
NewtonRaphson,512,1,,0.006516574532724917,0.0015704957311273937,4.075000164558651,0.00017488260115455762,-0.07076766977418553,0.9968995552366214,0.9996145991493331,0.9998299434103284
NewtonRaphson,512,2,,0.006516513880342245,0.0010490070560362206,0.0006929683120479207,8.610795027413008e-10,0.2509529481875281,9.307402588161781e-06,0.33205354510376034,0.9999950762425933
