experiment_num,initial_value,final_value,iterations,runtime,success,distance_to_minimum,f_error,initial_gradient_norm,final_gradient_norm,mean_gradient_norm,mean_cosine_similarity,mean_gradient_angle,std_gradient_norm,std_cosine_similarity,std_gradient_angle
0,841.0116445398902,830.0752068499792,1000,0.1322019100189209,False,587.923225603286,830.0752068499792,1.092092417313162,0.002856245802687873,0.7115039558256573,0.5620930772392828,39.53756100667156,0.5490558756677335,0.8201827767081015,72.88967626309821
1,835.2666832675358,830.0752068454943,1000,0.11694598197937012,False,587.9373690868506,830.0752068454943,1.1534977176041699,0.002855673102137625,0.42267855869757903,0.06821007559496355,83.96963384848121,0.5079786341376051,0.9918032309857611,88.42578687389634
