method,dimension,iteration,x,f_val,dist_to_min,step_size,grad_norm,grad_cosine_sim,rel_improvement_f,rel_improvement_dist,rel_improvement_grad
NewtonRaphson,128,0,,644.0507577837502,2.181056251971465,,473.0798219980116,,,,
NewtonRaphson,128,1,,760.1243760624258,14.409510400905395,14.442944091390553,309.32344642625895,-0.4022489322237639,-0.18022433306048377,-5.606666099455521,0.3461495670649021
NewtonRaphson,128,2,,784.2363037639342,15.100525371464478,5.996342679510913,192.99207145920064,-0.5256315122608415,-0.031721029427331786,-0.04795547880069986,0.3760832756491063
NewtonRaphson,128,3,,1045.2079641607531,22.457043147516494,18.560068200186382,133.5956145654044,-0.2301537080613397,-0.33277171580082193,-0.4871696576831463,0.3077663058627407
NewtonRaphson,128,4,,1066.0924983062034,23.13293113448306,2.6490051465217395,64.44443284852512,-0.7723638711284094,-0.019981223700509657,-0.030096926942998314,0.5176156563359715
NewtonRaphson,128,5,,1061.482112890184,23.201439543058886,0.2997552011322128,39.604409378943366,-0.9850452253157373,0.004324564166190418,-0.0029615100731314173,0.3854487094015949
NewtonRaphson,128,6,,1059.425513312216,23.17851809026592,0.11080367804214074,3.5818447419454666,-0.8264077786621017,0.0019374792594180424,0.0009879323543879653,0.9095594455740112
NewtonRaphson,128,7,,1059.4093055678038,23.178814578486104,0.009062674076327812,0.007068253028287724,-0.9995077660105574,1.5298616286425807e-05,-1.2791508888893793e-05,0.9980266444981508
NewtonRaphson,128,8,,1059.409305504816,23.178813793954472,1.7822686419258388e-05,1.2447511534344711e-08,0.9999955505981604,5.945552617036095e-11,3.384692646341773e-08,0.9999982389550169
