experiment_num,initial_value,final_value,iterations,runtime,success,distance_to_minimum,f_error,initial_gradient_norm,final_gradient_norm,mean_gradient_norm,mean_cosine_similarity,mean_gradient_angle,std_gradient_norm,std_cosine_similarity,std_gradient_angle
0,11.446170998178609,8.813151774117191,26,0.018694639205932617,True,4.093139456651972,8.813151774117191,3.032911205785308,8.547742295271346e-05,0.6314802548368248,0.9719965237482106,3.509283819958129,1.4820457280429808,0.1347788302630557,14.047335133534796
1,11.378997440001948,8.813151774140119,27,0.01728367805480957,True,4.093139021941683,8.813151774140119,1.3936076092812983,9.912024478991025e-05,0.5805651328087704,0.9591790015519764,5.160272206838374,1.3134275649761906,0.14897074639908237,16.530892421641127
