experiment_num,initial_value,final_value,iterations,runtime,success,distance_to_minimum,f_error,initial_gradient_norm,final_gradient_norm,mean_gradient_norm,mean_cosine_similarity,mean_gradient_angle,std_gradient_norm,std_cosine_similarity,std_gradient_angle
0,22.86340001585797,4.930380657631324e-32,3,0.0038466453552246094,True,2.220446049250313e-16,4.930380657631324e-32,12.6391694221184,4.440892098500626e-16,5.945838466064707,0.876184063371035,22.539993150475173,5.073803957071315,0.15299901200297897,18.749953254831123
1,11.558360388444342,1.9721522630525295e-31,2,0.003492116928100586,True,4.440892098500626e-16,1.9721522630525295e-31,8.13559868360021,8.881784197001252e-16,4.407075185621505,0.8569038393671597,25.47099612620184,3.3558223810517274,0.13537956254985178,18.348532507881394
