experiment_num,initial_value,final_value,iterations,runtime,success,distance_to_minimum,f_error,initial_gradient_norm,final_gradient_norm,mean_gradient_norm,mean_cosine_similarity,mean_gradient_angle,std_gradient_norm,std_cosine_similarity,std_gradient_angle
0,8.81038911447341,7.180951647715371,917,0.15017080307006836,True,3.1277875811563094,7.180951647715371,6.942132983413247,9.327501926098377e-07,1.6818234454680123,0.9999989076672587,0.04477710987814732,2.542800168036082,2.038499668050312e-06,0.07188080412909169
1,10.213310395499885,7.961711274690272,1000,0.18451499938964844,False,3.57329502297905,7.961711274690272,1.175130779138109,6.843350012627763e-06,1.768247276090276,0.9999967405058164,0.04317938136882107,2.250421850650652,1.3041521245473087e-05,0.13977236914277297
