experiment_num,initial_value,final_value,iterations,runtime,success,distance_to_minimum,f_error,initial_gradient_norm,final_gradient_norm,mean_gradient_norm,mean_cosine_similarity,mean_gradient_angle,std_gradient_norm,std_cosine_similarity,std_gradient_angle
0,22.256254008526415,13.551288065931264,1000,0.11821746826171875,False,3.681207419574624,13.551288065931264,9.435306886058644,7.362414839149248,8.356571509948319,0.9999999898188813,0.00809252047113571,0.5974314361153577,2.7887581706086797e-09,0.0011646437485447877
1,13.485510827275473,7.217105045426451,1000,0.10757780075073242,False,2.686467019232965,7.217105045426451,7.344524716351759,5.37293403846593,6.313492617245071,0.9999999873748661,0.008558812244870205,0.566553535282595,7.902377882030158e-09,0.003104589027360409
