experiment_num,initial_value,final_value,iterations,runtime,success,distance_to_minimum,f_error,initial_gradient_norm,final_gradient_norm,mean_gradient_norm,mean_cosine_similarity,mean_gradient_angle,std_gradient_norm,std_cosine_similarity,std_gradient_angle
0,33.65443955520471,8.954601241487556,7,0.004326820373535156,True,2.9848556490194342,8.954601241487556,57.519311536440064,2.0759477021727476e-05,38.09909138382662,0.27119656780898665,64.75506663621286,28.78228596020293,0.7990446304206186,65.40050251645383
1,36.631173679235,4.974790247647567,7,0.005705595016479492,True,2.2247906690889874,4.974790247647567,72.25287454127857,1.2176942938234047e-05,44.893899844410576,0.29602046124158,61.99401237270667,33.62484924491542,0.8271516420839166,66.7068268689139
