experiment_num,initial_value,final_value,iterations,runtime,success,distance_to_minimum,f_error,initial_gradient_norm,final_gradient_norm,mean_gradient_norm,mean_cosine_similarity,mean_gradient_angle,std_gradient_norm,std_cosine_similarity,std_gradient_angle
0,7.352890114336599,6.5596453756278805,24,0.006223201751708984,True,2.792296783719275,6.5596453756278805,7.029158559976569,3.4457223790506745e-07,0.7422363925109111,0.9997775791558258,1.1768789728302413,1.7801660617562443,7.580076954132335e-05,0.27449121803666165
1,11.496882878478212,9.00109347829201,39,0.008059501647949219,True,4.213258927257971,9.00109347829201,2.6405651460657906,3.2276575907448643e-07,1.5692548317539985,0.9974789833928628,2.608412624997225,1.963463932618387,0.005107766813107245,3.1279155618264864
