experiment_num,initial_value,final_value,iterations,runtime,success,distance_to_minimum,f_error,initial_gradient_norm,final_gradient_norm,mean_gradient_norm,mean_cosine_similarity,mean_gradient_angle,std_gradient_norm,std_cosine_similarity,std_gradient_angle
0,22.86340001585797,2.363979740800363e-13,763,0.08111906051635742,True,4.862077478609619e-07,2.363979740800363e-13,12.6391694221184,9.724154957219704e-07,0.5192249624979182,0.9999942235093529,0.08862378669028717,1.6662111283345185,1.3869022033342941e-05,0.17341358593336492
1,11.558360388444342,2.3762680871744225e-13,766,0.07988905906677246,True,4.874698028775121e-07,2.3762680871744225e-13,8.13559868360021,9.74939605755035e-07,0.40604394015308665,0.9999959423912862,0.06650388958758653,1.1679088106042208,1.179170169255881e-05,0.14905733844142716
