experiment_num,initial_value,final_value,iterations,runtime,success,distance_to_minimum,f_error,initial_gradient_norm,final_gradient_norm,mean_gradient_norm,mean_cosine_similarity,mean_gradient_angle,std_gradient_norm,std_cosine_similarity,std_gradient_angle
0,22.86340001585797,10.267078155509324,1000,0.12406754493713379,False,2.5027848754775923,10.267078155509324,12.6391694221184,8.549472545295224,10.53144303794667,0.9999999995086246,0.001786309071596903,1.1818380792128977,1.0329304631652489e-10,0.00018783214332246064
1,11.558360388444342,3.814014949206372,1000,0.1249544620513916,False,1.8097130679657074,3.814014949206372,8.13559868360021,4.423537982605059,6.166766921400988,0.9999999863051187,0.009348306346323483,1.0740846652168508,4.6151481865207515e-09,0.0015888534632640524
