method,dimension,iteration,x,f_val,dist_to_min,step_size,grad_norm,grad_cosine_sim,rel_improvement_f,rel_improvement_dist
NewtonRaphson,2,0,"[0.4135129473956951, -3.2697913936821545]",40.6623395497256,3.295835055924638,,76.51929253117898,,,
NewtonRaphson,2,1,"[0.5126897134985791, -4.736512244401071]",53.512076648884296,4.764178731291316,1.470070095222758,53.28211812376559,-0.9302465032402791,-0.31601076675494455,-0.44551491517367137
NewtonRaphson,2,2,"[0.5025269863283152, -3.045249677139676]",29.926270196303648,3.086434669340584,1.6912931006904577,23.714661896963623,-0.9972311954317461,0.4407567025914028,0.3521580857013701
NewtonRaphson,2,3,"[0.5025460365364329, -2.982995933968286]",29.206557068960265,3.0250317784958565,0.062253746086157746,0.7341805676953381,-0.9999999502308329,0.024049543181371067,0.019894440486519747
NewtonRaphson,2,4,"[0.5025460365546747, -2.984856818360199]",29.20587423272368,3.026866819826763,0.001860884391912787,0.0004413398906955024,-1.0,2.337955257694018e-05,-0.0006066188606517542
NewtonRaphson,2,5,"[0.5025460365546747, -2.9848557010398538]",29.205874232477125,3.026865718013756,1.1173203451342317e-06,1.4707346478632975e-10,0.9999999981765176,8.441958444059313e-12,3.640110624744898e-07
