experiment_num,initial_value,final_value,iterations,runtime,success,distance_to_minimum,f_error,initial_gradient_norm,final_gradient_norm,mean_gradient_norm,mean_cosine_similarity,mean_gradient_angle,std_gradient_norm,std_cosine_similarity,std_gradient_angle
0,39.67406609896369,25.868681991635516,5,0.003164052963256836,True,5.073213688115702,25.868681991635516,60.11158421862222,1.2944220921999072e-11,24.307233986847944,0.6021249328937015,36.8670806958662,26.702340706026014,0.7873757475219033,64.89480014478313
1,39.76828274559682,4.974790247647379,7,0.0073032379150390625,True,2.224790639251692,4.974790247647379,61.85053517541833,2.6148018306701567e-12,32.51768566649513,0.18931695857350656,71.41283940125156,28.30757343182647,0.8713786149536541,72.94205265929283
