experiment_num,initial_value,final_value,iterations,runtime,success,distance_to_minimum,f_error,initial_gradient_norm,final_gradient_norm,mean_gradient_norm,mean_cosine_similarity,mean_gradient_angle,std_gradient_norm,std_cosine_similarity,std_gradient_angle
0,39.14348640828907,24.873845033948548,5,0.00331878662109375,True,4.974740511976422,24.873845033948548,61.75491037311551,1.7531433806827871e-06,25.934016982950954,0.3179233419155782,63.55749014190535,27.36014655446606,0.7472635256472511,63.47762743436412
1,52.36137199627376,9.949560298581694,6,0.004584789276123047,True,3.1463163300686836,9.949560298581694,12.599263287204915,3.321878060041892e-05,19.63458282242426,0.1704285222043939,74.53436960109069,24.01098018826927,0.8643677022537016,70.87649335779393
