experiment_num,initial_value,final_value,iterations,runtime,success,distance_to_minimum,f_error,initial_gradient_norm,final_gradient_norm,mean_gradient_norm,mean_cosine_similarity,mean_gradient_angle,std_gradient_norm,std_cosine_similarity,std_gradient_angle
0,39.14348640828907,24.873845033962226,1000,0.1292576789855957,False,4.974740297989122,24.873845033962226,61.75491037311551,0.00010376178759852195,15.0803709343898,0.9999986817788149,0.03800372198828228,21.16106523924132,3.589583808048188e-06,0.08491562206409878
1,52.36137199627376,9.949560524885769,1000,0.12791657447814941,False,3.146347169403011,9.949560524885769,12.599263287204915,0.013371245871812156,27.784597415335522,0.9999962761925203,0.07046338091438,32.287371464509036,2.2986851786271253e-05,0.13958718797783717
