experiment_num,initial_value,final_value,iterations,runtime,success,distance_to_minimum,f_error,initial_gradient_norm,final_gradient_norm,mean_gradient_norm,mean_cosine_similarity,mean_gradient_angle,std_gradient_norm,std_cosine_similarity,std_gradient_angle
0,6.461936181435842,5.381864187556484,24,0.020253658294677734,True,2.1965568938968887,5.381864187556484,8.253265852886832,8.358102524750756e-05,0.7935063304577105,0.8867893066540476,10.680313785568778,2.2286073096525656,0.400762948918692,33.393157961700204
1,9.597865834459114,7.180951647769806,29,0.021004915237426758,True,3.127788235308836,7.180951647769806,3.5897533908944133,7.566342703626065e-05,0.7858259156510362,0.9884095486238663,2.868606154841289,1.3876592105589567,0.05035277186142037,8.427424244195706
