experiment_num,initial_value,final_value,iterations,runtime,success,distance_to_minimum,f_error,initial_gradient_norm,final_gradient_norm,mean_gradient_norm,mean_cosine_similarity,mean_gradient_angle,std_gradient_norm,std_cosine_similarity,std_gradient_angle
0,6.249179544067276,8.162884578678405e-13,247,0.023889780044555664,True,9.034868332564899e-07,8.162884578678405e-13,4.999671806855837,1.8069736665129799e-06,0.2860063041528289,0.9109311740890689,8.016194546940833,0.8071458298609789,0.41255835474840474,37.13025186419175
1,15.110461803558398,1.97377839383849e-12,247,0.02680206298828125,True,1.4049122370591302e-06,1.97377839383849e-12,7.774435491676138,2.8098244741182604e-06,0.4447367042772351,0.9109311740890689,8.016194520632524,1.2551030205672304,0.41255835474840474,37.13025186987156
