experiment_num,initial_value,final_value,iterations,runtime,success,distance_to_minimum,f_error,initial_gradient_norm,final_gradient_norm,mean_gradient_norm,mean_cosine_similarity,mean_gradient_angle,std_gradient_norm,std_cosine_similarity,std_gradient_angle
0,8.748314716176406,7.961711274689929,280,0.08629035949707031,True,3.57329496232357,7.961711274689929,6.483745121049751,3.2668230187084123e-06,0.40303418889521875,0.5292445604348732,43.71296293517357,1.0711629539314667,0.7736890611662716,61.83280220785778
1,7.863630179487181,0.06344188180006372,1000,0.15929794311523438,False,0.01903063557304084,0.06344188180006372,3.7867071217769888,3.835897605397028,4.035706884740074,0.03451514661143297,87.39540745980587,0.6801574237120005,0.9827030625375285,87.68896013083216
