experiment_num,initial_value,final_value,iterations,runtime,success,distance_to_minimum,f_error,initial_gradient_norm,final_gradient_norm,mean_gradient_norm,mean_cosine_similarity,mean_gradient_angle,std_gradient_norm,std_cosine_similarity,std_gradient_angle
0,10.365644728121417,6.166060232327391e-07,1000,0.15642142295837402,False,0.0005626257061740876,6.166060232327391e-07,6.923435135371578,0.0022061030793708945,0.31386096439812194,0.9573500289528039,8.643790185618501,0.9744173043014274,0.16864484860663811,16.77686545512502
1,45.07890901181125,2.8634992206192944e-07,1000,0.14258313179016113,False,0.0004420491790352539,2.8634992206192944e-07,18.982739277940237,0.0013685537078453364,0.4768042310450466,0.9319947482689817,12.378933557429752,2.0901142870128773,0.22173699052650303,20.352526847112845
