experiment_num,initial_value,final_value,iterations,runtime,success,initial_distance_to_minimum,final_distance_to_minimum,f_error,initial_gradient_norm,final_gradient_norm,mean_gradient_norm,std_gradient_norm,mean_cosine_similarity,std_cosine_similarity,mean_gradient_angle,std_gradient_angle,mean_best_so_far,std_best_so_far,mean_distance_to_minimum,std_distance_to_minimum,mean_improvement,std_improvement,mean_relative_improvement,std_relative_improvement,mean_step_size,std_step_size
0,263.6813292712432,122.69806476612722,1000,0.14324188232421875,False,11.496385289104088,11.065322678599687,122.69806476612722,254.62664365821067,3.090558193194825,30.989508010040254,49.40322615475577,0.9999953112748254,3.6228150449325746e-06,0.15895757961850826,0.07145986555062679,132.2219259902963,20.50887033452486,11.153012087937165,0.09052099534219527,0.06959562633843648,0.15209385278653295,49.85540828555118,7.77790008538217,0.002024292432081878,0.001832804994376201
1,155.0420018820032,123.00504482095225,1000,0.1406261920928955,False,11.30485819391533,11.079029478492398,123.00504482095225,111.82307206216223,2.8741377622356055,7.829266878865517,13.94605309557823,0.9999849996882846,2.1212653950193828e-05,0.21382215120432674,0.2112670975024879,124.94671505162368,2.8747207838981126,11.137054136730391,0.046696235363591736,0.021193795363584924,0.058280726706244367,19.4110540789353,1.8541561312436878,0.001534307449109043,0.001243188653656126
