experiment_num,initial_value,final_value,iterations,runtime,success,distance_to_minimum,f_error,initial_gradient_norm,final_gradient_norm,mean_gradient_norm,mean_cosine_similarity,mean_gradient_angle,std_gradient_norm,std_cosine_similarity,std_gradient_angle
0,484.51297394587004,0.029411810628731976,1000,0.12328171730041504,False,0.1597714983045187,0.029411810628731976,455.46323484241015,7.375989988747979,39.847401204012215,-0.6456495237140509,146.92089431031758,108.10288043567743,0.7611480859254119,67.56761023383895
1,59553.116298869834,0.19768721630410357,1000,0.12127304077148438,False,0.8016891594080001,0.19768721630410357,47045.57497908122,3.3580347314924204,5297.532032780123,0.18623349517007984,67.49066452451876,10433.561349796108,0.8723078806888618,70.06103349710922
