experiment_num,initial_value,final_value,iterations,runtime,success,distance_to_minimum,f_error,initial_gradient_norm,final_gradient_norm,mean_gradient_norm,mean_cosine_similarity,mean_gradient_angle,std_gradient_norm,std_cosine_similarity,std_gradient_angle
0,17.472657703856047,3.5077005564061762e-06,1000,0.11101317405700684,False,0.0018697721096126397,3.5077005564061762e-06,11.293012824350521,0.0037581943459315285,0.1581479026597737,0.9502520069542495,10.900261008488895,0.8720516807473331,0.1876047885233655,17.39007502593244
1,39.14542046041181,1.7567809315998414e-06,1000,0.10824346542358398,False,0.0010550193350461563,1.7567809315998414e-06,16.88348801266754,0.0034895336078949327,0.2350616049836142,0.9592246534881865,9.902948940798113,1.3046786188941328,0.14729586946487988,14.460690064116363
