experiment_num,initial_value,final_value,iterations,runtime,success,distance_to_minimum,f_error,initial_gradient_norm,final_gradient_norm,mean_gradient_norm,mean_cosine_similarity,mean_gradient_angle,std_gradient_norm,std_cosine_similarity,std_gradient_angle
0,17.245044784963987,2.252604668199051e-12,247,0.0256345272064209,True,1.5008679716081128e-06,2.252604668199051e-12,8.30543070164672,3.0017359432162255e-06,0.4751122935945763,0.9109311740890689,8.016194552162297,1.3408267612368088,0.41255835474840474,37.130251822610035
1,4.827213072456864,6.305465040536628e-13,247,0.024532318115234375,True,7.940695838864896e-07,6.305465040536628e-13,4.394183916249689,1.5881391677729792e-06,0.2513693598709881,0.9109311740890689,8.016194498548805,0.7093960085099225,0.41255835474840474,37.13025183418486
