experiment_num,initial_value,final_value,iterations,runtime,success,distance_to_minimum,f_error,initial_gradient_norm,final_gradient_norm,mean_gradient_norm,mean_cosine_similarity,mean_gradient_angle,std_gradient_norm,std_cosine_similarity,std_gradient_angle
0,22.86340001585797,2.9716634457675234e-07,1000,0.11210370063781738,False,0.0003919303215948974,2.9716634457675234e-07,12.6391694221184,0.0015287645727963448,0.3971881548992827,0.9602965432858372,8.548219721228488,1.4722594829069224,0.17343279044407037,16.385361865948802
1,11.558360388444342,1.0944091704859312e-06,1000,0.13211488723754883,False,0.0008082398251341703,1.0944091704859312e-06,8.13559868360021,0.0028119205405501523,0.3118444089458523,0.9424091545864938,10.18229440666005,1.0364108408502006,0.22500758644321361,20.217008108120904
