experiment_num,initial_value,final_value,iterations,runtime,success,distance_to_minimum,f_error,initial_gradient_norm,final_gradient_norm,mean_gradient_norm,mean_cosine_similarity,mean_gradient_angle,std_gradient_norm,std_cosine_similarity,std_gradient_angle
0,17.472657703856047,7.499990000003898e-05,1000,0.13275742530822754,False,0.007071062508564891,7.499990000003898e-05,11.293012824350521,0.022360666358590738,1.4897107001979955,-0.38736667599243835,124.66871201981054,2.877387223628094,0.9153385527367877,82.01206636958642
1,39.14542046041181,7.499990000179213e-05,1000,0.11078929901123047,False,0.007071062508626903,7.499990000179213e-05,16.88348801266754,0.02236066635890428,3.309819732656794,-0.1170569055480014,100.4454257370403,4.964268888743125,0.9880000698841255,88.32045989600007
