experiment_num,initial_value,final_value,iterations,runtime,success,distance_to_minimum,f_error,initial_gradient_norm,final_gradient_norm,mean_gradient_norm,mean_cosine_similarity,mean_gradient_angle,std_gradient_norm,std_cosine_similarity,std_gradient_angle
0,7.8215381032365805,5.381864363876833,1000,0.16317248344421387,False,2.1965551454496985,5.381864363876833,6.175142914767517,0.004335288384680696,0.04722910459884518,0.408498922027298,59.51738511821977,0.5020111420039715,0.6462547924717744,48.527794921552584
1,9.941713663508342,7.18095191090543,1000,0.16107988357543945,False,3.1277796015096535,7.18095191090543,2.645813530798977,0.005302676850689499,0.06194670192965157,0.36637724990325676,62.64345485436241,0.5247659325971974,0.6478182537116818,48.62308247679359
