experiment_num,initial_value,final_value,iterations,runtime,success,distance_to_minimum,f_error,initial_gradient_norm,final_gradient_norm,mean_gradient_norm,mean_cosine_similarity,mean_gradient_angle,std_gradient_norm,std_cosine_similarity,std_gradient_angle
0,838.5174739123685,830.5417990471523,1000,0.11739158630371094,False,589.0550518710876,830.5417990471523,1.4888731226341425,0.6022245559949522,0.7590912951707146,0.9999697645876937,0.1293302584217654,0.35827729894117477,0.00021397422866554344,0.4264256383159595
1,831.7285737191875,830.0757558616453,1000,0.12696027755737305,False,587.9772408408929,830.0757558616453,1.0681674901920664,0.021252657213054946,0.28670106178445187,0.9999997765896776,0.02259197239042648,0.2884132602103607,7.404351885461097e-07,0.030926187738669
