experiment_num,initial_value,final_value,iterations,runtime,success,distance_to_minimum,f_error,initial_gradient_norm,final_gradient_norm,mean_gradient_norm,mean_cosine_similarity,mean_gradient_angle,std_gradient_norm,std_cosine_similarity,std_gradient_angle
0,838.5174739123685,830.0751967589783,54,0.030803442001342773,True,587.9305156062302,830.0751967589783,1.4888731226341425,8.781351415896162e-05,0.21770457740760382,0.9870677927644785,4.626673596990252,0.35621376241276664,0.02884407217864861,8.038825202369086
1,831.7285737191875,830.0751967559478,23,0.017574071884155273,True,587.930477810138,830.0751967559478,1.0681674901920664,7.254934932978416e-05,0.12601149882153936,0.9948410699944084,1.3849825755879843,0.2619549186080817,0.02399646116428048,5.712626824621629
