experiment_num,initial_value,final_value,iterations,runtime,success,distance_to_minimum,f_error,initial_gradient_norm,final_gradient_norm,mean_gradient_norm,std_gradient_norm,mean_cosine_similarity,std_cosine_similarity,mean_gradient_angle,std_gradient_angle,mean_best_so_far,std_best_so_far,mean_distance_to_minimum,std_distance_to_minimum,mean_improvement,std_improvement,mean_relative_improvement,std_relative_improvement,mean_step_size,std_step_size
0,7.437863556980622,0.06320068758786279,1000,0.21155095100402832,False,0.018966420178954304,0.06320068758786279,2.4088798977480006,3.8335953400476916,4.008692160086232,0.32278732776920893,0.036410530357042725,0.10922904037331982,87.30738727297951,8.055103588265947,0.14583111021780287,0.31310839641652294,0.043566675117665515,0.07336059489094213,0.2804660498409163,5.283288929532461,98.03934141705335,4.209655017436601,0.02465078216067582,0.015219515614689844
1,8.157699644002532,7.180952191997719,1000,0.18625092506408691,False,3.127686643835167,7.180952191997719,3.8864936149504694,0.007504524040142882,0.13375844568806045,0.36110433419333204,0.6210610180611552,0.022306987010773383,43.76705866073248,1.3653281357798612,7.184949773720917,0.012642865018120019,3.127180909395525,0.001920016371913946,0.011232526611090901,0.03550241277123889,11.924315833284833,0.15498076136469477,0.002047672976988158,0.0055101795917249785
