experiment_num,initial_value,final_value,iterations,runtime,success,distance_to_minimum,f_error,initial_gradient_norm,final_gradient_norm,mean_gradient_norm,mean_cosine_similarity,mean_gradient_angle,std_gradient_norm,std_cosine_similarity,std_gradient_angle
0,8.748314716176406,7.96171213009427,1000,0.2031993865966797,False,3.573332146218624,7.96171213009427,6.483745121049751,0.009519583002853507,0.026504425820279065,0.38141616562119884,61.897062599232754,0.2989108204826551,0.6296256472627835,46.998820101438525
1,7.863630179487181,4.884065324216788,1000,0.16019892692565918,False,1.958892638139609,4.884065324216788,3.7867071217769888,0.002636127310030115,0.06242580947448355,0.4239422095800043,58.5610839503819,0.5467296117670305,0.6300650642692801,47.26652032601905
