experiment_num,initial_value,final_value,iterations,runtime,success,distance_to_minimum,f_error,initial_gradient_norm,final_gradient_norm,mean_gradient_norm,mean_cosine_similarity,mean_gradient_angle,std_gradient_norm,std_cosine_similarity,std_gradient_angle
0,23.97052318703652,3.979831190554087,5,0.0045299530029296875,True,1.9899122337106332,3.979831190554087,92.27213650363322,8.250991002926138e-10,37.4882607294923,0.21009147189059263,69.61648712107436,40.91912055643629,0.9338069073720527,75.71263613670983
1,24.882764817868264,7.959662381108176,5,0.0028069019317626953,True,2.8141608694214297,7.959662381108176,57.74791949427404,3.240585582098277e-07,26.48129606758187,0.2003530908592505,71.46719903618497,25.648320492566377,0.9793130118543256,87.16828001831267
