method,dimension,iteration,x,f_val,dist_to_min,step_size,grad_norm,grad_cosine_sim,rel_improvement_f,rel_improvement_dist
NewtonRaphson,8192,0,,4232.545920095028,4.680330396128745,,1762.7188608171484,,,
NewtonRaphson,8192,1,,180.10116406620364,0.9821218251856503,5.38376143104845,351.4660935175024,-0.6813532700634873,0.9574485032256519,0.7901597233396181
NewtonRaphson,8192,2,,35.131992776558036,2.294979386905546,2.2181655618404874,112.99777595731169,-0.36065336291960753,0.8049318950340386,-1.3367563249821135
NewtonRaphson,8192,3,,28.9353336438071,2.37093012017846,0.5488588996592295,78.0767574923792,-0.8755748766404925,0.17638222722411817,-0.033094298670509156
NewtonRaphson,8192,4,,27.465231754540582,2.2254947065299193,0.3405238830890597,43.69695333923804,-0.8904779554281287,0.05080646061882046,0.06134107977741402
NewtonRaphson,8192,5,,25.375100565041066,2.293069274925605,0.14726692799231766,10.856881323723302,-0.9509501098225668,0.0761009849900128,-0.030363841440472637
NewtonRaphson,8192,6,,25.226070957724005,2.280757179449196,0.027633788411243622,0.07824574681155222,-0.9997813594238179,0.005873064697224382,0.005369264509816673
NewtonRaphson,8192,7,,25.22606323864602,2.2808432465278012,0.0001973061017162512,1.5690173718052591e-06,-0.9999999951456248,3.0599604661933727e-07,-3.7736186640505364e-05
NewtonRaphson,8192,8,,25.22606323864602,2.280843244801964,3.956309169161898e-09,2.2210010913910283e-14,-0.8897775804542463,0.0,7.56666313441313e-10
