experiment_num,initial_value,final_value,iterations,runtime,success,distance_to_minimum,f_error,initial_gradient_norm,final_gradient_norm,mean_gradient_norm,mean_cosine_similarity,mean_gradient_angle,std_gradient_norm,std_cosine_similarity,std_gradient_angle
0,9.229708469021402,6.559645375631813,1000,0.17699575424194336,False,2.7922970604742554,6.559645375631813,1.026775108901439,2.0197456635609625e-05,1.8146919973664408,0.9999964018809026,0.07155955339238533,2.299660646648921,8.429234296558942e-06,0.1360263896408057
1,7.502445785184738,6.559645375627884,661,0.11689209938049316,True,2.792296764464329,6.559645375627884,2.9277144297313344,9.293631339021954e-07,1.306548547201403,0.999998443123262,0.050361386930790744,1.6506531472750938,3.06873116229841e-06,0.08766751591498141
