experiment_num,initial_value,final_value,iterations,runtime,success,distance_to_minimum,f_error,initial_gradient_norm,final_gradient_norm,mean_gradient_norm,mean_cosine_similarity,mean_gradient_angle,std_gradient_norm,std_cosine_similarity,std_gradient_angle
0,300.85288675200434,0.19482818493994336,1000,0.12199687957763672,False,1.0386882131410424,0.19482818493994336,848.511035196003,11.125411025073966,32.115105537181776,-0.7401264835347314,154.0913018633596,102.5362893942762,0.6678143733045657,58.81348628763977
1,1273.3876318476948,5.621437259233783,1000,0.12094783782958984,False,2.519580605565385,5.621437259233783,3873.14007633078,11.283366549338043,116.23374326443545,-0.6535610520586825,140.88203953487567,447.25467241623613,0.7257813504690753,61.42324961131686
