method,dimension,iteration,x,f_val,dist_to_min,step_size,grad_norm,grad_cosine_sim,rel_improvement_f,rel_improvement_dist
NewtonRaphson,32,0,"[0.2207505590150883, -0.061447658759744096, 0.28784685515123604, 0.6768675508046944, -0.10406284590863463, -0.10405554949317992, 0.7018364782111708, 0.3410646635314747, -0.20864461483557195, 0.2411254686317422, -0.2059528888509849, -0.2069804188733647, 0.10753328928711792, -0.8503033001984597, -0.766590952711862, -0.24989279176901283, -0.450124150170221, 0.13965834055434767, -0.4035456228804762, -0.6276584423431832, 0.6513661491177452, -0.1003398921545008, 0.03001100098270683, -0.633189041736931, -0.24193550763264302, 0.04929640828112359, -0.5115265472071295, 0.16696836010789587, -0.2669368806220991, -0.12963503845765595, -0.2674114884938875, 0.8231926596070925]",98.06263559701824,2.3661147045338917,,92.65088091119415,,,
NewtonRaphson,32,1,"[0.0, 0.0, 0.0, 0.0, -1.3877787807814457e-17, 0.0, -1.1102230246251565e-16, 0.0, 0.0, 0.0, 0.0, 0.0, 0.0, -1.1102230246251565e-16, 0.0, 0.0, 0.0, 0.0, 0.0, 0.0, 0.0, 0.0, 0.0, 0.0, 0.0, 0.0, 0.0, 0.0, 0.0, 0.0, 0.0, 0.0]",2.598079494978381e-31,1.576213700060856e-16,2.3661147045338917,3.478317396477874e-15,0.18271637887411576,1.0,1.0
