experiment_num,initial_value,final_value,iterations,runtime,success,distance_to_minimum,f_error,initial_gradient_norm,final_gradient_norm,mean_gradient_norm,mean_cosine_similarity,mean_gradient_angle,std_gradient_norm,std_cosine_similarity,std_gradient_angle
0,5.763818396021675,2.114242174951127,1000,0.10863780975341797,False,1.454043388262925,2.114242174951127,4.8015907347551705,2.90808677652585,3.793232174426217,0.99999997694163,0.010946668436037813,0.5425259987082972,1.8753937300871447e-08,0.005618075903869821
1,19.414315161475415,11.936441464796946,1000,0.13530945777893066,False,3.454915551036949,11.936441464796946,8.81233570887433,6.909831102073898,7.841905310844459,0.9999999975695718,0.001868440123632704,0.5487086770189666,5.803760145965009e-09,0.003530747964953759
