experiment_num,initial_value,final_value,iterations,runtime,success,distance_to_minimum,f_error,initial_gradient_norm,final_gradient_norm,mean_gradient_norm,mean_cosine_similarity,mean_gradient_angle,std_gradient_norm,std_cosine_similarity,std_gradient_angle
0,9.229708469021402,6.5596459127505895,1000,0.19858765602111816,False,2.792151276470785,6.5596459127505895,1.026775108901439,0.007376851076967745,0.08276038729924445,0.43632486973295326,56.976952251925454,0.5117352505277322,0.6326862028418494,48.07494980200564
1,7.502445785184738,6.559645714517977,1000,0.16768264770507812,False,2.792411882894081,6.559645714517977,2.9277144297313344,0.005862076936732566,0.03568329796806725,0.4001514569354191,60.325007538913425,0.308716336049513,0.634616542872744,47.15071055458647
