experiment_num,initial_value,final_value,iterations,runtime,success,distance_to_minimum,f_error,initial_gradient_norm,final_gradient_norm,mean_gradient_norm,mean_cosine_similarity,mean_gradient_angle,std_gradient_norm,std_cosine_similarity,std_gradient_angle
0,838.7425257711091,830.0751967494314,297,0.045520782470703125,True,587.9302978888825,830.0751967494314,1.535545805602785,2.535373069575875e-07,0.31869591650587886,0.989190409460669,1.8129682200262969,0.45932878777311525,0.08498673795402287,8.864868931159883
1,839.992982895697,830.0751967494314,306,0.035785675048828125,True,587.9302983789096,830.0751967494314,1.7928898377771665,2.284102558113144e-07,0.3562686701759385,0.9866974382281168,1.6240393707503686,0.51536538820329,0.13101771955073357,11.062774481718119
