experiment_num,initial_value,final_value,iterations,runtime,success,distance_to_minimum,f_error,initial_gradient_norm,final_gradient_norm,mean_gradient_norm,mean_cosine_similarity,mean_gradient_angle,std_gradient_norm,std_cosine_similarity,std_gradient_angle
0,8.898940743306333,7.961711274689835,715,0.12537074089050293,True,3.573294934396986,7.961711274689835,3.2984181613059094,8.99905987238358e-07,1.328401059907146,0.9999969140710231,0.04723171367328725,1.6650446510117842,1.0531615822589721e-05,0.1342769954200795
1,10.459587762749536,10.12035074363268,423,0.07336711883544922,True,4.97366805329037,10.12035074363268,4.980792420334267,8.448838905095145e-07,0.8740392403614728,0.9952775682375541,0.5016119278569049,1.3758597692321914,0.09686267013705338,8.448493083336794
