method,dimension,iteration,x,f_val,dist_to_min,step_size,grad_norm,grad_cosine_sim,rel_improvement_f,rel_improvement_dist,rel_improvement_grad
NewtonRaphson,8192,0,,9139.78476501862,4.29641963537429,,4911.40680855228,,,,
NewtonRaphson,8192,1,,289.61665375946575,1.379928404779647,4.762576306542491,578.8839067619069,-0.30254644064099023,0.9683125301956851,0.6788189883925452,0.8821348079426263
NewtonRaphson,8192,2,,1.8233032350896556,0.11445513344365137,1.2806518914578067,42.04116733403181,0.8972029328102298,0.9937044254485311,0.9170571943825389,0.9273754774611083
NewtonRaphson,8192,3,,0.000686073406586567,0.0027448206408882325,0.1123788815519874,0.8099540271064365,0.845164348835029,0.9996237195254289,0.9760183701831114,0.9807342640923582
NewtonRaphson,8192,4,,1.236817881844145e-09,4.095054274354048e-05,0.002717086130507503,0.0008838221511855314,0.8628156677685694,0.9999981972513875,0.9850807946670466,0.998908799608858
NewtonRaphson,8192,5,,1.5683138074102465e-17,4.028851913187438e-09,4.094652252029412e-05,1.369460410399356e-07,0.3518747648503771,0.9999999873197677,0.9999016166418496,0.9998450524906439
