method,dimension,iteration,x,f_val,dist_to_min,step_size,grad_norm,grad_cosine_sim,rel_improvement_f,rel_improvement_dist,rel_improvement_grad
NewtonRaphson,8192,0,,3221.2272062126694,2.530426274697536,,2932.7236688081557,,,,
NewtonRaphson,8192,1,,25.89900440616731,0.44158035050740285,2.6130982073872997,157.0248905786704,-0.18399109107369452,0.9919598951740451,0.8254917146083677,0.9464576590529975
NewtonRaphson,8192,2,,0.013467203692769651,0.01109100770382922,0.43167232967755664,3.259103832126021,0.8944311233480527,0.9994800107571099,0.9748833758316353,0.9792446673892559
NewtonRaphson,8192,3,,1.3818789340808682e-07,0.0006801074915832159,0.01081678637506042,0.0045251874893500275,0.7601341014629731,0.9999897389319594,0.9386793779479203,0.9986115239886671
NewtonRaphson,8192,4,,8.606291324903736e-13,3.521905862427557e-07,0.0006797589585867022,3.654061574770482e-05,0.5077472863723768,0.9999937720366722,0.9994821545261575,0.9919250603795529
