method,dimension,iteration,x,f_val,dist_to_min,step_size,grad_norm,grad_cosine_sim,rel_improvement_f,rel_improvement_dist,rel_improvement_grad
NewtonRaphson,8192,0,,11818.83999070869,4.886918342595043,,5592.5800347039785,,,,
NewtonRaphson,8192,1,,465.9247470176568,1.7422564103522933,5.467279186347771,740.2296462495082,-0.28915958445191975,0.960577793811919,0.6434856717030546,0.8676407594247887
NewtonRaphson,8192,2,,3.6778367332225157,0.15885796934348034,1.5992126340100778,59.075350878608205,0.9093730537982218,0.9921063717762063,0.9088205568367755,0.9201932114203708
NewtonRaphson,8192,3,,0.0022927850627305277,0.0038866982606960048,0.15581347722866276,1.4508385685997218,0.8198639250547283,0.9993765941152255,0.9755335015501032,0.9754408810608506
NewtonRaphson,8192,4,,1.064390310855057e-08,8.35412173430466e-06,0.0038795102745318257,0.0030819231513933435,0.8739254690117294,0.9999953576533266,0.9978505864942526,0.9978757642524158
NewtonRaphson,8192,5,,7.988542635548514e-19,7.2968651158505e-11,8.354053021063688e-06,2.609907124329818e-08,0.9512602674566296,0.9999999999249473,0.9999912655508887,0.9999915315632606
