method,dimension,iteration,x,f_val,dist_to_min,step_size,grad_norm,grad_cosine_sim,rel_improvement_f,rel_improvement_dist,rel_improvement_grad
NewtonRaphson,8192,0,,2428.759479109272,2.213215702100789,,2535.2712417098023,,,,
NewtonRaphson,8192,1,,33.44320334971159,1.4677049045403694,2.695519539818216,285.63580033603694,-0.07312395912422316,0.9862303354295188,0.3368450697565444,0.887335210672211
NewtonRaphson,8192,2,,0.4886401619429995,1.7625478703968827,0.5114495635897596,3.61693529935358,0.4379343468651529,0.9853889546155808,-0.20088708904931207,0.9873372480091835
NewtonRaphson,8192,3,,9.682301219589993,0.1967420465494369,1.893666033166175,137.17242810864684,0.17297805348416107,-18.814788004919347,0.8883763386777487,-36.925043373920005
NewtonRaphson,8192,4,,0.005873390472385169,0.1541100791395988,0.30927952814821635,0.6244183249840538,-0.07809618389381222,0.9993933889951181,0.21668966119616753,0.995447931238124
NewtonRaphson,8192,5,,0.0015985284515096436,0.004507113673549184,0.15026129234204927,1.6006318687117602,0.013205919111134987,0.7278354880327776,0.9707539331709351,-1.5633966920375642
NewtonRaphson,8192,6,,1.8913412337625998e-06,0.002748404805886828,0.0025404696926579593,0.00413213627965634,0.9438552280795347,0.9988168235404403,0.39020734666260115,0.997418434331823
NewtonRaphson,8192,7,,2.14419878399885e-10,8.347704150213435e-07,0.0027484364064369895,0.0005869525172712843,0.9428223245534632,0.999886630781071,0.999696270937515,0.8579542208806096
NewtonRaphson,8192,8,,1.8811027385390557e-20,2.7408365884013424e-10,8.347807553968621e-07,3.7115902296800434e-10,0.927849520561688,0.9999999999122702,0.9996716658210352,0.9999993676506836
