method,dimension,iteration,x,f_val,dist_to_min,step_size,grad_norm,grad_cosine_sim,rel_improvement_f,rel_improvement_dist,rel_improvement_grad
NewtonRaphson,8192,0,,11311.47225803219,4.743881763800817,,5505.187598003733,,,,
NewtonRaphson,8192,1,,453.1452755131191,1.7390231825947202,5.352341925365366,731.0858610918303,-0.3126519239277992,0.9599393195530896,0.6334176800390134,0.8672005543722191
NewtonRaphson,8192,2,,3.815754901596555,0.22538421179605714,1.574073249494939,60.01596131975959,0.912467106671008,0.9915794004532524,0.8703960855428211,0.917908463952333
NewtonRaphson,8192,3,,0.0035829218523649366,0.06697734403816655,0.18242522136799807,1.5321859317263358,0.7926373337262201,0.9990610188691978,0.7028303646274382,0.9744703592505501
NewtonRaphson,8192,4,,7.35017137782784e-05,0.013685469262414738,0.053321667114690156,0.20467489169995726,0.3718585444785352,0.9794855381147197,0.7956701708772421,0.866416413659831
NewtonRaphson,8192,5,,3.5371695525586513e-07,0.0010640980835369095,0.01262139156878571,0.010658018785003193,0.9997962949277185,0.9951876366267748,0.9222461383579071,0.9479270823280693
NewtonRaphson,8192,6,,9.86191680049499e-12,4.891107639973323e-06,0.0010592071664522317,7.897398312557425e-05,0.9998071141415887,0.999972119185541,0.9954035180443931,0.9925901816539583
