method,dimension,iteration,x,f_val,dist_to_min,step_size,grad_norm,grad_cosine_sim,rel_improvement_f,rel_improvement_dist,rel_improvement_grad
NewtonRaphson,8192,0,,2595.942183792421,2.2782359821361564,,2618.837233984115,,,,
NewtonRaphson,8192,1,,16.764826230214545,0.4456402046017721,2.345524249823848,125.77611164450244,-0.17159695455498522,0.9935419107810318,0.8043924298904613,0.951972535745127
NewtonRaphson,8192,2,,0.01421720943930678,0.17029744917133632,0.35963518983836157,2.35534208364294,0.8465581870215546,0.9991519620159449,0.6178588749111729,0.9812735339577029
NewtonRaphson,8192,3,,0.0015099283207416388,0.04798998026150331,0.12242743326709869,1.1850271221343287,0.3039751367505085,0.8937957320536412,0.7181990658402606,0.49687685268142395
NewtonRaphson,8192,4,,5.95436051810792e-05,0.015111587958504875,0.03288687158459394,0.05988240601606924,0.994932240605333,0.9605652769319322,0.6851095191921319,0.9494674806191641
NewtonRaphson,8192,5,,2.1436523634861963e-07,0.0004620877236554595,0.014649992408610047,0.01606405217204962,0.9930834616089879,0.9963998613168163,0.9694216302797354,0.7317400344979644
NewtonRaphson,8192,6,,1.966018654371099e-12,2.746234781070218e-06,0.00045934409602822355,1.1655515139602586e-05,0.9945105763391727,0.9999908286497948,0.9940568973368402,0.9992744349299435
