method,dimension,iteration,x,f_val,dist_to_min,step_size,grad_norm,grad_cosine_sim,rel_improvement_f,rel_improvement_dist,rel_improvement_grad
NewtonRaphson,8192,0,,10010.119149133547,4.4597430514956775,,5162.914455407183,,,,
NewtonRaphson,8192,1,,329.8773942759829,1.4815396765452993,4.910997864520923,622.2787680334087,-0.28490504843880804,0.9670456076135181,0.6677970772220989,0.8794714161142669
NewtonRaphson,8192,2,,2.584686888443575,0.1519644758552482,1.361852401411194,50.86586299950672,0.8763064969656669,0.9921647044226342,0.8974280079966512,0.918258720026302
NewtonRaphson,8192,3,,0.0031725490845167315,0.02488956106378446,0.13803370633339862,1.6967781148135395,0.8161196620701083,0.998772559609173,0.8362146092124012,0.966642105043416
NewtonRaphson,8192,4,,1.7749606989531665e-06,0.0018727124184755048,0.02304683351757515,0.037598802919652806,0.23965335229639292,0.9994405253782784,0.9247591223615271,0.9778410608957055
NewtonRaphson,8192,5,,2.1483906296202733e-10,2.723504066730235e-05,0.0018454821231172949,0.00021828335540209168,0.9885071587869712,0.9998789612282183,0.9854569017652623,0.9941944067775628
NewtonRaphson,8192,6,,3.669586398730042e-18,2.770847583726961e-09,2.7232270165603938e-05,5.304036329663223e-08,0.9993185443018373,0.9999999829193706,0.9998982616689442,0.9997570114166564
