method,dimension,iteration,x,f_val,dist_to_min,step_size,grad_norm,grad_cosine_sim,rel_improvement_f,rel_improvement_dist,rel_improvement_grad
NewtonRaphson,8192,0,,3316.564172218935,2.604692734592064,,2941.3333313799217,,,,
NewtonRaphson,8192,1,,28.359840231258456,0.46306013751230085,2.694878010146837,164.96305867576083,-0.18438492331908468,0.9914490301533093,0.8222208203821695,0.9439155511835958
NewtonRaphson,8192,2,,0.01570684458301248,0.021897346856157334,0.4498896403285796,3.5205005682102235,0.8973620168257371,0.9994461589185647,0.9527116564733977,0.9786588549189679
NewtonRaphson,8192,3,,1.7273772027691475e-06,0.0024651628614673986,0.019787274839744955,0.01767677908308545,0.30719598309808327,0.999890023919595,0.8874218471460977,0.9949789017951864
NewtonRaphson,8192,4,,2.112430608326985e-10,1.9442783793133066e-05,0.002445725021617187,0.00043305754507944467,0.9696014158677944,0.9998777087827175,0.9921129820276622,0.975501331829517
NewtonRaphson,8192,5,,3.175508176737065e-18,3.3660504223378686e-09,1.9439418534200696e-05,2.3640250490555276e-08,0.9987841734241439,0.9999999849675149,0.9998268740496139,0.9999454108333657
