method,dimension,iteration,x,f_val,dist_to_min,step_size,grad_norm,grad_cosine_sim,rel_improvement_f,rel_improvement_dist,rel_improvement_grad
NewtonRaphson,8192,0,,11467.239817333657,4.768616190230379,,5544.978395832512,,,,
NewtonRaphson,8192,1,,472.578600241094,1.7678158115356455,5.37032883056345,761.958479315691,-0.3032206983700669,0.9587888098819777,0.6292811706764264,0.862585852473589
NewtonRaphson,8192,2,,4.6372955614785925,0.29388912159823155,1.5839862677638437,68.01304255596429,0.9065467926084232,0.9901872502074516,0.8337558021143959,0.9107391748996005
NewtonRaphson,8192,3,,0.009047789773995375,0.06887428812411532,0.23929880819644408,3.0550459004971735,0.560957186898086,0.9980489081073127,0.7656453299476949,0.9550814698815548
NewtonRaphson,8192,4,,0.0002525127570916006,0.031510762288258005,0.037588092420313655,0.05634219529019172,0.7840407183699327,0.9720912219006946,0.542488740769649,0.9815576599745939
NewtonRaphson,8192,5,,3.495203271114993e-06,0.0011943597359307667,0.03032094826999042,0.07086723909568206,0.9548416465406033,0.9861583101330318,0.962096767923135,-0.25780045897535186
NewtonRaphson,8192,6,,2.031661733344719e-10,2.840525500074558e-05,0.0011660519377322048,5.6316993180848755e-05,0.9689459568279257,0.9999418728590084,0.9762171696297102,0.9992053169574617
