method,dimension,iteration,x,f_val,dist_to_min,step_size,grad_norm,grad_cosine_sim,rel_improvement_f,rel_improvement_dist,rel_improvement_grad
NewtonRaphson,8192,0,,8514.542472697858,4.133721775408773,,4749.379709054864,,,,
NewtonRaphson,8192,1,,229.88447247250178,1.2412795570227255,4.506958304006028,508.2179229832509,-0.27283664951795167,0.9730009600387063,0.6997186495697383,0.8929927792435052
NewtonRaphson,8192,2,,1.1536551750005377,0.09082647377033153,1.1622003852157843,33.040393272879484,0.8892850012478838,0.9949815872181687,0.9268283496199812,0.9349877448655655
NewtonRaphson,8192,3,,0.0003081601188677625,0.0018905965723056122,0.08945913214722509,0.5328538481009613,0.8409206070816468,0.9997328836852246,0.9791845208360035,0.9838726541872507
NewtonRaphson,8192,4,,1.9026067467739995e-10,1.139845370618869e-05,0.001882466093070918,0.00038208438073541404,0.8715902244994704,0.9999993825915068,0.9939709751550602,0.9992829471306305
NewtonRaphson,8192,5,,1.6120833606921735e-19,5.874699316108218e-10,1.1397868409912095e-05,1.1009086262646951e-08,0.38023321544228406,0.9999999991526977,0.9999484605590587,0.9999711867670659
