method,dimension,iteration,x,f_val,dist_to_min,step_size,grad_norm,grad_cosine_sim,rel_improvement_f,rel_improvement_dist,rel_improvement_grad
NewtonRaphson,8192,0,,11130.182811501203,4.680330396128745,,5466.676811679915,,,,
NewtonRaphson,8192,1,,404.0488185275689,1.627456853659838,5.217217537043482,687.5169392634739,-0.2937901047107749,0.9636979171528027,0.6522773573835811,0.874234939626475
NewtonRaphson,8192,2,,2.7833962952311504,0.14125145467253397,1.499985361006607,51.19675474412828,0.9188352054800596,0.993111237633674,0.9132072507145818,0.9255338278661548
NewtonRaphson,8192,3,,0.0007983013257559692,0.004902693510248226,0.13853756928505273,0.8438509468634837,0.8828959895299936,0.9997131916403267,0.965291022866885,0.9835174914683383
NewtonRaphson,8192,4,,2.7978399885396197e-09,6.51103067072258e-05,0.004844788028100639,0.0016041967642639997,0.342480844026582,0.9999964952582461,0.9867194825515558,0.9980989572030147
NewtonRaphson,8192,5,,4.475915659033212e-16,3.758862656194912e-08,6.507273371970414e-05,3.933494887102835e-07,0.9455667158321005,0.9999998400224575,0.9994226931424088,0.9997547997244024
