method,dimension,iteration,x,f_val,dist_to_min,step_size,grad_norm,grad_cosine_sim,rel_improvement_f,rel_improvement_dist,rel_improvement_grad
NewtonRaphson,8192,0,,2703.5671792596113,2.3419204616117817,,2658.0372783007588,,,,
NewtonRaphson,8192,1,,18.755956624708098,0.37691498660958866,2.403783796172697,133.62594404524037,-0.17260128527378643,0.993062515047307,0.8390573066900042,0.9497275884216848
NewtonRaphson,8192,2,,0.008101340332724832,0.017613764878039437,0.36719785622819306,2.5294325802111133,0.875395884932025,0.999568065735338,0.9532686003374975,0.981070797304491
NewtonRaphson,8192,3,,8.089783231785767e-07,0.0015321262786214518,0.016247642095643562,0.01849330123765595,0.24538096030364112,0.9999001426566526,0.9130154007828456,0.9926887550265868
NewtonRaphson,8192,4,,4.703378739179736e-11,9.622385950764666e-06,0.0015225048740033027,0.000196632384494029,0.980828144992316,0.9999418602624518,0.9937195869002243,0.9893673724357203
NewtonRaphson,8192,5,,1.8229569446474033e-19,7.446611832444646e-10,9.62164135172179e-06,8.444755086986992e-09,0.9998062814784658,0.9999999961241546,0.9999226115864553,0.9999570530810135
