method,dimension,iteration,x,f_val,dist_to_min,step_size,grad_norm,grad_cosine_sim,rel_improvement_f,rel_improvement_dist,rel_improvement_grad
NewtonRaphson,8192,0,,6699.720820765722,3.673072508780565,,4212.295449613658,,,,
NewtonRaphson,8192,1,,130.10154746092644,0.947626518490704,3.918418411482873,370.56637633745567,-0.24365126949133828,0.9805810494285556,0.7420071299367544,0.91202744898356
NewtonRaphson,8192,2,,0.365446398248258,0.0504739114172313,0.9026860529502085,18.25647766148035,0.8836786555901184,0.997191068012792,0.9467364932994681,0.9507335828956723
NewtonRaphson,8192,3,,3.689208499498484e-05,0.00048530308022931465,0.05011754859922982,0.18805458849433007,0.7773256734756154,0.99989904925819,0.9903850708890447,0.9896992951224588
NewtonRaphson,8192,4,,6.341003470801857e-12,2.0248185624527303e-07,0.00048512641344681894,7.600016732061002e-05,0.8944276696893526,0.9999998281202195,0.9995827723653647,0.9995958611383582
