method,dimension,iteration,x,f_val,dist_to_min,step_size,grad_norm,grad_cosine_sim,rel_improvement_f,rel_improvement_dist,rel_improvement_grad
NewtonRaphson,8192,0,,6772.678007910584,3.6715028995321446,,4238.047311297027,,,,
NewtonRaphson,8192,1,,127.27924972542586,0.9668365759508472,3.900810133056458,364.79975550310974,-0.23443830772026578,0.9812069539439551,0.7366646296060259,0.9139226797844631
NewtonRaphson,8192,2,,0.32121743472046366,0.08448168817410924,0.9103125384060208,16.770358511579964,0.891993288984748,0.997476278062501,0.9126205087028025,0.9540285916901142
NewtonRaphson,8192,3,,0.00025407425475239986,0.030642089002610513,0.061477995155133504,0.12929955080266,0.7734107337091449,0.9992090271968784,0.6372931262990401,0.9922899948314534
NewtonRaphson,8192,4,,3.1464379384640214e-06,0.001294263687498354,0.029351476959917522,0.06607886117287333,0.5106552586190227,0.987616069398569,0.9577618977809218,0.488947480771032
NewtonRaphson,8192,5,,2.1981063055076712e-10,2.9462588852666603e-05,0.001264873336020434,7.321957935102987e-05,0.9810187187356227,0.9999301398486639,0.9772360229702388,0.998891936421854
