method,dimension,iteration,x,f_val,dist_to_min,step_size,grad_norm,grad_cosine_sim,rel_improvement_f,rel_improvement_dist,rel_improvement_grad
NewtonRaphson,128,0,,789.724950570826,2.5223280060020263,,484.2533614350272,,,,
NewtonRaphson,128,1,,1390.9255309395671,23.62862304919998,23.787316938956998,326.07255235113485,-0.5226004203102304,-0.7612784424934069,-8.367783647873827,0.32664886128026527
NewtonRaphson,128,2,,1508.8943576457823,26.42637547241986,4.532512219929934,177.3963787102791,-0.40479918691559796,-0.08481318667472261,-0.11840522477312135,0.4559604068751919
NewtonRaphson,128,3,,1484.1081314982866,25.78691540912046,3.6859210940113036,107.0324489329437,-0.356908387297598,0.016426747188695034,0.024197796779462922,0.3966480617524478
NewtonRaphson,128,4,,1486.4308553225576,25.87497381947453,0.3594805641323323,29.567147123530333,-0.741941527976844,-0.0015650637409593852,-0.0034148485368251584,0.723755296470379
NewtonRaphson,128,5,,1486.5722613925263,25.891756735244048,0.07883342938513609,0.9134440628359111,-0.8141811521275681,-9.513128004737709e-05,-0.0006486157584780466,0.9691061143295435
NewtonRaphson,128,6,,1486.5728340885632,25.89284642930281,0.002466179609218142,0.0011118593267239662,0.28461732410724605,-3.8524601310736384e-07,-4.2086524676771075e-05,0.998782783344968
NewtonRaphson,128,7,,1486.572834091095,25.89285077338039,4.572323041017465e-06,2.030837722771896e-08,0.9979589794850258,-1.7031159308199462e-12,-1.6777134138252984e-07,0.9999817347601989
