method,dimension,iteration,x,f_val,dist_to_min,step_size,grad_norm,grad_cosine_sim,rel_improvement_f,rel_improvement_dist,rel_improvement_grad
NewtonRaphson,128,0,,844.4682075633832,2.457248039991041,,517.8943847420137,,,,
NewtonRaphson,128,1,,1008.2462557587526,14.375224330526803,14.092318019369834,345.54208046104344,-0.674445635463033,-0.19394223101415772,-4.850131568557163,0.3327943097255759
NewtonRaphson,128,2,,1028.3704420180602,14.747263203063106,5.140863848035053,218.7654569633152,-0.6451889821310298,-0.019959594339542815,-0.0258805611642701,0.36689199569723924
NewtonRaphson,128,3,,1043.985567366888,14.994540149746019,2.2382913743901502,122.55909239641356,-0.41019542388349106,-0.015184338941310828,-0.016767649921074962,0.43976944944756285
NewtonRaphson,128,4,,1397.5147521603321,23.654630480506498,20.258802685627273,66.86894170673173,0.38938723791211427,-0.3386341687511119,-0.5775495776645851,0.454394281164826
NewtonRaphson,128,5,,1402.047769974415,23.74724816391097,0.2008308016684269,11.550458651518799,-0.6017408265340245,-0.0032436278809046238,-0.0039154145096791226,0.8272672131977826
NewtonRaphson,128,6,,1402.2148900175005,23.75014929244696,0.030368702362347077,0.18125878026927722,-0.930286651247165,-0.00011919711058676002,-0.00012216693555245058,0.9843072222724729
NewtonRaphson,128,7,,1402.21493214084,23.750249856425476,0.0004651198029809818,1.3388926147853251e-05,0.9498182191876737,-3.004057347144536e-08,-4.234246163200711e-06,0.9999261336409305
