method,dimension,iteration,x,f_val,dist_to_min,step_size,grad_norm,grad_cosine_sim,rel_improvement_f,rel_improvement_dist,rel_improvement_grad
NewtonRaphson,128,0,,1172.7948396011184,4.457190541584585,,504.0445804096095,,,,
NewtonRaphson,128,1,,1250.3087291676877,12.034613289501356,11.367388034281312,334.1089215817649,-0.5954143707432549,-0.06609330715756964,-1.7000446081945841,0.3371441047729294
NewtonRaphson,128,2,,1391.028201498836,17.598986581971165,12.19021002810683,211.79321845941342,-0.6319424626896982,-0.11254778043885472,-0.46236411246583253,0.36609529174879496
NewtonRaphson,128,3,,1417.2712211737553,17.5939075307912,1.7303383690353222,136.42432978560367,-0.5400966677673505,-0.018865914901396164,0.0002885990711060907,0.3558607269016638
NewtonRaphson,128,4,,1426.535537012484,17.621489936152813,0.5255846138025205,56.6540647367857,-0.8254076048746837,-0.006536727551030152,-0.0015677248111791685,0.5847216927814867
NewtonRaphson,128,5,,1430.1578193912242,17.612247242869675,0.2023598373386375,18.899372015755276,-0.8379047108542059,-0.002539216363530759,0.0005245125875636302,0.6664074836719731
NewtonRaphson,128,6,,1430.6214164387957,17.613642906222818,0.05022701938069722,0.5740665397636914,-0.9996096904831684,-0.0003241579644467844,-7.924391100679081e-05,0.9696250997501331
NewtonRaphson,128,7,,1430.6218360511941,17.613601139360515,0.0014619976355075826,5.8635037293308656e-05,-0.9999999983688781,-2.93307784731902e-07,2.3712790434847446e-06,0.9998978602074292
