method,dimension,iteration,x,f_val,dist_to_min,step_size,grad_norm,grad_cosine_sim,rel_improvement_f,rel_improvement_dist,rel_improvement_grad
NewtonRaphson,2,0,"[3.2068357462775547, 1.5121174863600744]",7699.103647830241,2.2654775061527697,,11392.037323290291,,,,
NewtonRaphson,2,1,"[3.2055783410588514, 10.275729944996408]",4.864575819201059,9.534345380310647,8.763612548842735,4.414433670856229,0.9880891937055746,0.9993681633548898,-3.2085367673775127,0.9996124983139029
NewtonRaphson,2,2,"[1.0011548620002397, -3.857171123927772]",2361.456708696018,4.857171261220261,14.30378885117587,2175.236618096079,0.8946854326552521,-484.43938802949015,0.49056059252365736,-491.7555333896697
NewtonRaphson,2,3,"[1.0011536722900578, 1.0023086878074725]",1.3309597678966326e-06,0.0025808911533072142,4.85947981173539,0.002302433184642022,0.8941570773054255,0.999999999436382,0.9994686431639926,0.9999989415251815
NewtonRaphson,2,4,"[1.0000000017824333, 0.9999986726036073]",1.7714579055706565e-10,1.3273975894206957e-06,0.002582077822655805,0.0005952271596143846,0.8939513237209776,0.9998669037225393,0.9994856824598279,0.741479073710046
NewtonRaphson,2,5,"[1.0000000000002442, 1.0000000000004818]",6.409494854920721e-26,5.402076459515733e-13,1.3273980709290981e-06,3.422945602080054e-12,0.9979613985299601,0.9999999999999997,0.9999995930325245,0.9999999942493457
