method,dimension,iteration,x,f_val,dist_to_min,step_size,grad_norm,grad_cosine_sim,rel_improvement_f,rel_improvement_dist,rel_improvement_grad
NewtonRaphson,2,0,"[3.34711580849378, 2.0083855291352357]",8459.941277618134,2.5545633665757363,,12451.661400132341,,,,
NewtonRaphson,2,1,"[3.345840266697225, 11.194645486223452]",5.502966557115399,10.461059370189728,9.186260045644762,4.6938272744272895,0.9890441070947393,0.9993495266247683,-3.095047908015784,0.9996230360653418
NewtonRaphson,2,2,"[1.0007837153918584, -4.497721441717516]",3024.2184864792766,5.497721497577913,15.866621254380394,2460.900495751752,0.8945979258974063,-548.5614874433368,0.47445843647112357,-523.2844169318129
NewtonRaphson,2,3,"[1.0007830167141594, 1.0015666604273576]",6.131151939291021e-07,0.0017514394278139846,5.499288102144918,0.001560478004636063,0.8937706760133779,0.9999999997972648,0.9996814244903848,0.9999993658914664
NewtonRaphson,2,4,"[1.0000000009554981, 0.999999388796233]",3.7590972209713396e-11,6.112045139097036e-07,0.0017519857431041173,0.000274194967204132,0.8936313853861356,0.9999386885652454,0.9996510273183283,0.8242878359134064
NewtonRaphson,2,5,"[1.0000000000000624, 1.0000000000001217]",4.859432479968009e-27,1.3674504817786068e-13,6.1120463549246e-07,1.5028703900835648e-12,0.9993104163972779,0.9999999999999998,0.9999997762695709,0.9999999945189717
