method,dimension,iteration,x,f_val,dist_to_min,step_size,grad_norm,grad_cosine_sim,rel_improvement_f,rel_improvement_dist,rel_improvement_grad
NewtonRaphson,2,0,"[-3.7277075693983424, 0.9510274990868962]",16779.074367450117,4.727961206227486,,19483.96284076703,,,,
NewtonRaphson,2,1,"[-3.725882652872127, 13.882199715214393]",22.333966849051755,13.721699470232814,12.93117234489851,9.454489319100915,0.9911377774827714,0.9986689392775815,-1.9022445133769552,0.9995147553197279
NewtonRaphson,2,2,"[0.9983417701733894, -21.3216085179641]",49810.62831659502,22.32160857955747,35.51938077328637,9967.803406673205,-0.894112584999759,-2229.263376553273,-0.6267378999212802,-1053.2931585458816
NewtonRaphson,2,3,"[0.9983416811147624, 0.9966785567128795]",2.7557301408401726e-06,0.0037124125625653897,22.31828707467698,0.0015404892668210185,0.2654691983228873,0.9999999999446758,0.9998336852584198,0.9999998454534861
NewtonRaphson,2,4,"[0.999997491272782, 0.9999922408461402]",7.579887364288088e-10,8.154641676585034e-06,0.003704350120388844,0.0012216399262672069,0.2666003689993407,0.9997249408695013,0.9978034117870376,0.20697926783468926
NewtonRaphson,2,5,"[0.9999999986164969, 0.9999999972267063]",1.9180340980667786e-18,3.099231965869974e-09,8.151577270068527e-06,1.2825058360382474e-09,0.26452522389392297,0.9999999974695744,0.9996199425935821,0.9999989501768822
