method,dimension,iteration,x,f_val,dist_to_min,step_size,grad_norm,grad_cosine_sim,rel_improvement_f,rel_improvement_dist,rel_improvement_grad
NewtonRaphson,2,0,"[-0.22718757589978988, 2.936991119833726]",834.0459893886231,2.2930163420171072,,632.8414631155957,,,,
NewtonRaphson,2,1,"[-0.2293178258311341, 0.052582119971962715]",1.5112223189721363,1.5520383230780763,2.884409786498497,2.4590527444434382,-0.4107942813880644,0.9981880827457968,0.3231455464845103,0.996114267335871
NewtonRaphson,2,2,"[0.9988846383129082, -0.5107107658062922]",227.55158040518026,1.5107111775434532,1.3512143309252946,674.0094619915311,-0.8940612049297318,-149.57452338313158,0.026627657912893007,-273.0931293623313
NewtonRaphson,2,3,"[0.9988883032848456, 0.9977778033606333]",1.2358697391991964e-06,0.00248475904073171,1.5084885691713774,0.0022077931841538597,-0.8926365521929934,0.9999999945688369,0.9983552388585804,0.9999967243884416
NewtonRaphson,2,4,"[0.9999999868640652, 0.9999987378968678]",1.5272806358398535e-10,1.2621714896001641e-06,0.0024836244874267524,0.0005526570385463705,-0.8928288444909352,0.9998764205816035,0.9994920346524916,0.7496789814766199
NewtonRaphson,2,5,"[0.9999999999969528, 0.9999999999938991]",9.28975185552297e-24,6.819571577675437e-12,1.2621653573227818e-06,3.7470144452122305e-12,-0.6862134252076297,0.9999999999999393,0.9999945969532398,0.9999999932200005
