method,dimension,iteration,x,f_val,dist_to_min,step_size,grad_norm,grad_cosine_sim,rel_improvement_f,rel_improvement_dist,rel_improvement_grad
NewtonRaphson,2,0,"[2.1421489410047005, -1.131794774084991]",3273.827347132807,2.4184815819547265,,5035.726749472633,,,,
NewtonRaphson,2,1,"[2.1411515571139192, 4.584529010155616]",1.302226876399636,3.7617914749425867,5.716323871252351,2.2831427758684666,0.9738675233977576,0.9996022310469304,-0.5554352379653585,0.9995466110673882
NewtonRaphson,2,2,"[1.0002335119445085, -0.30122693364328335]",169.44073015784724,1.30122695459575,5.017200925631688,582.2444280806194,0.8945075075243012,-129.11613661846135,0.6540938105518967,-254.01884255098506
NewtonRaphson,2,3,"[1.0002326192402213, 1.0004652958778166]",5.411171200070808e-08,0.0005202037724145198,1.301692229521406,0.00046392437489219693,0.8938348706164176,0.9999999996806451,0.999600220568305,0.9999992032137148
NewtonRaphson,2,4,"[1.0000000007764125, 0.9999999474401281]",2.9281899916754236e-13,5.2565606154762094e-08,0.0005202504379276774,2.4201322647309034e-05,0.8938057000155746,0.9999945886206822,0.9998989518935806,0.9478334746844618
