experiment_num,initial_value,final_value,iterations,runtime,success,initial_distance_to_minimum,final_distance_to_minimum,f_error,initial_gradient_norm,final_gradient_norm,mean_gradient_norm,std_gradient_norm,mean_cosine_similarity,std_cosine_similarity,mean_gradient_angle,std_gradient_angle,mean_best_so_far,std_best_so_far,mean_distance_to_minimum,std_distance_to_minimum,mean_improvement,std_improvement,mean_relative_improvement,std_relative_improvement,mean_step_size,std_step_size
0,71.41622592798691,0.20000802474795462,1000,0.13665771484375,False,2.911740943587981,0.4287044287177673,0.20000802474795462,205.45755271026832,21.42068187245998,20.263089508588212,5.991330293090454,-0.842406358939941,0.4061770871252928,159.2651418458577,36.291730622158205,1.8639798786712405,3.2965414337406607,1.1080977334486375,0.6607519174722762,0.5442692328125989,0.734664412747529,97.38997706130425,4.615955815229935,0.027924361489135255,0.001915691917372055
1,70.98468062916169,0.20595331930317398,1000,0.13398408889770508,False,2.960302860230585,0.45164433192544917,0.20595331930317398,226.43447473251052,21.330292312924954,19.22245291453763,4.997997294497204,-0.8550044792402236,0.34681892299841127,159.65788981200396,31.244210309741057,1.850809711704521,2.8278245147383747,1.1865457506664892,0.6968476864632452,0.5390512012627923,0.6821975816928245,97.392663184084,3.9837109777411026,0.0278992836474535,0.0021244077086792325
