method,dimension,iteration,x,f_val,dist_to_min,step_size,grad_norm,grad_cosine_sim,rel_improvement_f,rel_improvement_dist,rel_improvement_grad
NewtonRaphson,32,0,"[0.25115666567374173, 0.4033019582867101, -0.4368715192021003, 0.6082715808197121, 0.3827820514788052, -0.4926699340303612, -1.2402441634445807, -0.8468025882419619, -0.4642769803180226, 0.8061245516264766, 1.077337280951395, -0.3049270772932852, -0.2830019966068257, 0.18150787092364945, 0.008426959897861385, 0.6458599870883546, -0.36297549008675056, 0.6584928926614599, -0.16596849070538097, 0.5924673995279606, -0.18804144405886197, -0.4253505493071722, 1.3267206211887563, 0.7390292842678583, -1.2432783858274823, -0.30996086567616, 0.8359469441490992, -0.8302146505325607, 0.5346783456785867, 0.46278770300798594, -0.4850513131624536, -0.006117057558108821]",228.85542140143988,3.648586646970513,,140.3289503123013,,,,
NewtonRaphson,32,1,"[0.0, 0.0, -5.551115123125783e-17, 0.0, 0.0, -5.551115123125783e-17, 0.0, 0.0, 0.0, 0.0, 0.0, 0.0, 0.0, 0.0, 0.0, 0.0, 0.0, 0.0, 0.0, 0.0, 0.0, -5.551115123125783e-17, 0.0, 1.1102230246251565e-16, 0.0, 0.0, 0.0, 0.0, 0.0, 0.0, 0.0, 0.0]",3.9134896469948633e-31,1.4686870114880517e-16,3.6485866469705126,5.909265691071425e-15,0.2888952280942516,1.0,1.0,1.0
