method,dimension,iteration,x,f_val,dist_to_min,step_size,grad_norm,grad_cosine_sim,rel_improvement_f,rel_improvement_dist,rel_improvement_grad
NewtonRaphson,32,0,"[0.06418327160720999, 0.142804006368266, -0.3275699192097974, 0.056972672823261766, 0.021572964618157033, -0.423600767255835, 0.13260099640877307, 0.20783458335326446, 0.40139392813374775, 0.3905537690918273, -0.5105835229481757, -0.34757106743175464, 0.1908792684879838, 0.19041625440727994, 0.19088387117905303, 1.427876138662272, 0.21158000239174876, 0.42085649763853145, 0.35356638728596795, 0.24141470199233872, -0.11684318846718492, 0.2812846009513313, -0.28641982600433563, -0.0877682855853106, -0.1798825145750991, 0.030343700381614765, 0.857844815949442, -0.6920345784604052, 0.25433761816167355, -0.5976950422055802, -0.17490454548146672, 0.4035803111022164]",107.82342902694782,2.381181537955284,,97.31694487976064,,,,
NewtonRaphson,32,1,"[0.0, 0.0, 0.0, 0.0, 0.0, 0.0, 0.0, 0.0, 0.0, 0.0, 0.0, 0.0, 0.0, 2.7755575615628914e-17, -2.7755575615628914e-17, 0.0, 0.0, 0.0, 0.0, 0.0, 1.3877787807814457e-17, 0.0, 0.0, 0.0, 0.0, 0.0, 0.0, 0.0, 0.0, 1.1102230246251565e-16, 0.0, 0.0]",3.961637895604544e-31,1.1857187100668868e-16,2.381181537955284,6.7831015303776094e-15,-0.36716878671819914,1.0,1.0,1.0
