method,dimension,iteration,x,f_val,dist_to_min,step_size,grad_norm,grad_cosine_sim,rel_improvement_f,rel_improvement_dist,rel_improvement_grad
NewtonRaphson,32,0,"[-0.4164374598458599, 0.12734886675754498, -0.0668513683556958, -0.13150873832906967, 0.365517645943398, 0.45082619253191, -0.31572459176174916, -0.3426947892108622, -0.16369537594352937, -1.3699746424251662, -0.9017569174136802, 0.8134870622285503, 0.9789927168786098, -0.14821231259734235, 0.3431344354448356, 0.18523867181374062, 1.8323775371854139, 0.6663083264786582, -0.07612939110748451, -0.5686841901836905, -0.9560669396003796, 0.12109016853569843, -0.45013763185842837, -0.8464458066997932, -0.3848039930566917, -0.6436768392489588, 1.0040922745912735, 0.524702639377041, -0.004744869895738416, 0.8807799213740558, 0.046045286532113365, -0.5125881519390212]",248.9651377489156,3.760523354062043,,142.5087328900771,,,,
NewtonRaphson,32,1,"[0.0, 0.0, 0.0, 0.0, 0.0, 0.0, 0.0, 0.0, 0.0, 0.0, 0.0, 0.0, 0.0, 2.7755575615628914e-17, 0.0, 0.0, 0.0, 0.0, 0.0, 0.0, 0.0, 0.0, 5.551115123125783e-17, 0.0, 0.0, 0.0, 0.0, 0.0, 0.0, 0.0, 0.0, 0.0]",8.16594296420188e-32,6.206335383118183e-17,3.760523354062043,2.6691571797624175e-15,-0.14748226500399048,1.0,1.0,1.0
