method,dimension,iteration,x,f_val,dist_to_min,step_size,grad_norm,grad_cosine_sim,rel_improvement_f,rel_improvement_dist,rel_improvement_grad
NewtonRaphson,32,0,"[0.8037754199114217, 0.06621856516781148, 0.2830950906651614, -0.6546452965517378, 1.2306285687809757, 0.9495703185435507, 0.7023262507469434, 0.4269098946453016, 0.007800531755884087, 0.2277190148555773, 0.5398508271153832, -0.323785787451827, -0.22896802860197904, -0.8597953328486286, -0.3975756849027679, 0.855761657636623, -0.17217573395192257, -0.16372775070221465, 0.16368660635844426, -0.8304826796091026, 0.48698041259036656, 0.652345332475846, 0.19435101499130553, 0.8506358787769657, -0.6834711182644274, 0.9497259036246046, -0.37641595323120586, -0.6593060203326947, -0.12228419105869488, 0.9642984502518466, -0.01001494094520176, -0.4803920728022373]",185.31586763174266,3.4204153123411816,,126.9411752926328,,,,
NewtonRaphson,32,1,"[0.0, 0.0, 0.0, 0.0, 0.0, 0.0, 0.0, 0.0, 0.0, 0.0, 0.0, 0.0, 0.0, 0.0, 0.0, 0.0, 0.0, 0.0, 0.0, 0.0, 0.0, 0.0, 0.0, -1.1102230246251565e-16, 0.0, 0.0, 5.551115123125783e-17, 0.0, 0.0, 0.0, 0.0, 0.0]",3.79023013055408e-31,1.2412670766236366e-16,3.4204153123411816,6.114295653343033e-15,-0.3588446411974071,1.0,1.0,1.0
