method,dimension,iteration,x,f_val,dist_to_min,step_size,grad_norm,grad_cosine_sim,rel_improvement_f,rel_improvement_dist,rel_improvement_grad
NewtonRaphson,32,0,"[0.05358184046309793, 0.7565822671979116, 0.3643482600912365, 0.04181037461090016, 1.7506793117051167, 0.31249879068587105, -0.33228101603472654, 1.4308204301530483, 0.9234429224127286, 1.3970653802834614, -0.0853368254928996, 0.7510472172044168, -1.117636324046346, 0.6031141338500084, -0.1213326155826966, -1.0424080642476183, 0.7943505175631161, -1.3924832386979797, -1.4713914558470935, 0.27884296920285206, 0.4395216085239695, 0.7465967432658541, 0.5707713302256378, 1.1359520476748186, 0.5386772562348126, -0.10177425009721194, -0.05662696595911975, -0.21710484197657376, 0.22730256887420108, -0.8441573867779517, 0.2622618815761626, -0.06647548616971202]",284.7741884956575,4.526356769406357,,141.5235825154057,,,,
NewtonRaphson,32,1,"[0.0, 0.0, 0.0, 0.0, 0.0, 0.0, 0.0, 0.0, 1.1102230246251565e-16, 0.0, 0.0, 0.0, 0.0, 0.0, 0.0, 0.0, 0.0, 0.0, 0.0, 0.0, 0.0, 0.0, 0.0, 0.0, 0.0, 0.0, 0.0, 0.0, 0.0, 0.0, 0.0, 0.0]",1.1093356479670479e-31,1.1102230246251565e-16,4.526356769406357,1.9984014443252818e-15,0.11745019669509647,1.0,1.0,1.0
