method,dimension,iteration,x,f_val,dist_to_min,step_size,grad_norm,grad_cosine_sim,rel_improvement_f,rel_improvement_dist,rel_improvement_grad
NewtonRaphson,32,0,"[0.5144854109109663, -0.6685829871653258, -0.526167862029173, -0.791814701466745, 0.5393349817414232, 0.8884505902461958, 0.2973337822663365, 0.6588034518160868, -0.607744091935631, 0.1021697566838371, -0.959533902956048, -0.5405981761252584, 0.6154718394743489, -0.16782532373895798, 0.8471184180497311, 0.3768171167979753, 1.9153414138871063, 0.06567852405884023, -0.9851244966015353, -0.024186492238038024, -0.6745497233162321, 0.6844712394452385, 0.029405172778688732, -0.09615281801885321, -0.08694923146445056, 0.5185758988630038, -0.3169297209494956, 0.5442889086819155, 0.7323762182307602, -0.23965509107642888, -0.6486545740890619, -0.3593094480672237]",203.834722128657,3.6704037873743496,,125.07404508022627,,,,
NewtonRaphson,32,1,"[0.0, 0.0, 0.0, 0.0, 0.0, 0.0, 0.0, 0.0, 0.0, 0.0, 0.0, 0.0, 0.0, 0.0, 0.0, 0.0, -2.220446049250313e-16, 0.0, 1.1102230246251565e-16, 0.0, 0.0, 0.0, 0.0, 0.0, 0.0, 0.0, 0.0, 0.0, 0.0, 0.0, 0.0, 0.0]",1.072357793034813e-30,2.482534153247273e-16,3.6704037873743496,8.648345192941086e-15,-0.6005158344559629,1.0,0.9999999999999999,0.9999999999999999
