method,dimension,iteration,x,f_val,dist_to_min,step_size,grad_norm,grad_cosine_sim,rel_improvement_f,rel_improvement_dist,rel_improvement_grad
NewtonRaphson,32,0,"[-0.1809826959741301, -0.894123677183839, 1.1697365526673176, -1.0247960432848224, -0.31532256585669044, 0.09368474219703897, 1.0327728339930005, -1.0288953762944881, 0.8334879538976199, 0.007332701930853181, -0.7033194043221729, 0.33112936896383216, 0.14264015540342523, -0.4300972549316987, 0.050018062279134586, -0.27610406605454113, 0.08134309520053505, 0.47446280895269477, 1.1364916663600577, -0.886981137014065, 1.5284671824958453, -1.3988070577664964, -0.10876460692570655, 0.4215703109447198, 0.2013502711603945, -0.44620763646282624, -0.14913410797875667, -0.35326955429716855, -0.4223209539110159, 0.6087991584686536, 0.25582649593015255, -0.4965180523549279]",221.12248497513772,3.8868285403389353,,132.08320309954715,,,,
NewtonRaphson,32,1,"[0.0, 0.0, 0.0, 0.0, 0.0, 0.0, 0.0, 0.0, 0.0, 0.0, 0.0, 0.0, 0.0, 0.0, 0.0, 0.0, 0.0, 0.0, 0.0, -1.1102230246251565e-16, -2.220446049250313e-16, 0.0, 0.0, 0.0, 0.0, 5.551115123125783e-17, 0.0, 0.0, 0.0, -1.1102230246251565e-16, 0.0, 0.0]",1.7317962059930025e-30,2.7755575615628914e-16,3.8868285403389353,1.2625339863196583e-14,-0.4506024196537406,1.0,0.9999999999999999,1.0
