method,dimension,iteration,x,f_val,dist_to_min,step_size,grad_norm,grad_cosine_sim,rel_improvement_f,rel_improvement_dist,rel_improvement_grad
NewtonRaphson,2048,0,,8601.95963513715,4.102425254005128,,4850.897424203998,,,,
NewtonRaphson,2048,1,,4087.9314069226743,3.7263558901624205,6.278644277766237,4245.370314144723,-0.23137546199663064,0.5247674273866205,0.0916700099473007,0.12482785289129006
NewtonRaphson,2048,2,,419.2015428050265,1.3281425679576577,2.585406505057567,1080.3648186265993,0.983674745485417,0.8974538706556736,0.6435813950396004,0.7455192978037651
NewtonRaphson,2048,3,,36.0637494151109,0.4260035815875632,0.9591835824099029,254.28394297011732,0.9769563688359626,0.9139703800377366,0.6792486048823454,0.7646314109956184
NewtonRaphson,2048,4,,1.9202210226928156,0.13587885542135128,0.3123772697097606,48.09415873299676,0.9773033956366427,0.9467548146314417,0.6810382323195985,0.8108643504137867
NewtonRaphson,2048,5,,0.021467054970648932,0.012506630947223143,0.12421130309877344,4.545115355385263,0.984547832935346,0.9888205291385964,0.9079574897180219,0.9054954806337652
NewtonRaphson,2048,6,,4.4750837314251285e-06,0.0006517828855910119,0.012126176091676514,0.06174247675179348,0.9904572603889847,0.9997915371373697,0.947885014889983,0.9864156414251097
NewtonRaphson,2048,7,,7.90037796404202e-13,2.5581409729875455e-07,0.0006515324791197005,3.298523105014386e-05,0.3889050903414969,0.9999998234585443,0.9996075163939494,0.999465761129364
