method,dimension,iteration,x,f_val,dist_to_min,step_size,grad_norm,grad_cosine_sim,rel_improvement_f,rel_improvement_dist,rel_improvement_grad
NewtonRaphson,2048,0,,6775.432114007106,3.6510094932857444,,4321.976762392364,,,,
NewtonRaphson,2048,1,,1024.0554659847821,2.352115166459009,4.737585332361062,1336.9795686976208,-0.33527079937121956,0.8488575416662041,0.35576306476754427,0.690655539767975
NewtonRaphson,2048,2,,40.46252605126199,0.6065500072896169,1.8621958264235932,221.73285091852063,0.956022593527393,0.9604879546125451,0.7421257190383466,0.8341538972547538
NewtonRaphson,2048,3,,0.47662836054527297,0.08866566349989988,0.528441619889132,21.985608745145207,0.8967167168739891,0.9882204991368698,0.8538196975776086,0.9008464074941056
NewtonRaphson,2048,4,,0.0010144108241674932,0.05298880672125015,0.05597935015174197,0.5473097416203239,0.9272191979575422,0.9978716943678992,0.40237511760897177,0.9751060001128611
NewtonRaphson,2048,5,,2.6990160574652036e-05,0.0005832275683257998,0.05248735969971881,0.20865905782388508,0.1905749002957566,0.9733932644135552,0.9889933817269392,0.6187550815263313
NewtonRaphson,2048,6,,1.2061723168158716e-09,6.929986967340558e-05,0.0005244953732080576,0.00012355104681856173,0.9602661400572929,0.9999553106654004,0.8811786797521657,0.999407880740443
NewtonRaphson,2048,7,,8.76474977719924e-17,9.178330129924267e-10,6.929912115042846e-05,3.7494343769981875e-07,0.9601095142437098,0.9999999273341823,0.9999867556314707,0.9969652751040593
