method,dimension,iteration,x,f_val,dist_to_min,step_size,grad_norm,grad_cosine_sim,rel_improvement_f,rel_improvement_dist,rel_improvement_grad
NewtonRaphson,2048,0,,4665.785160125684,3.025803480724113,,3557.7085752733105,,,,
NewtonRaphson,2048,1,,425.6053285618954,1.5576235393777464,3.7581041207008092,792.2686565683935,-0.3501109753813067,0.9087816275384547,0.48521986001384754,0.777309287760443
NewtonRaphson,2048,2,,9.785972661712151,0.2529814525785853,1.3306764386501946,102.79121510496527,0.9413559395381247,0.9770069310579861,0.8375849836734949,0.8702571226909419
NewtonRaphson,2048,3,,0.03428732351119822,0.016387541528161444,0.23871905120282014,5.531231581312943,0.9210010117841038,0.9964962784286792,0.9352223597377327,0.9461896468908874
NewtonRaphson,2048,4,,1.4427000214961798e-06,0.00015755727452320772,0.016254708965143166,0.033290733690108286,0.9478991222460534,0.9999579232242778,0.9903855453697888,0.9939813162402058
NewtonRaphson,2048,5,,7.646390362900966e-15,1.069139712840982e-07,0.00015747248216516372,1.9273044306079447e-06,0.8679647139034561,0.9999999946999443,0.9993214278959341,0.9999421068802945
