method,dimension,iteration,x,f_val,dist_to_min,step_size,grad_norm,grad_cosine_sim,rel_improvement_f,rel_improvement_dist,rel_improvement_grad
NewtonRaphson,2048,0,,7768.474047795844,3.8916230136269654,,4656.39123312942,,,,
NewtonRaphson,2048,1,,2559.942841130209,3.196399044603158,5.588203579304658,2941.6431017547543,-0.246985063659275,0.670470310465085,0.1786462785807877,0.36825688511191423
NewtonRaphson,2048,2,,227.3976412439968,1.3016439579365955,2.2515692183808476,705.8754749475725,0.9772397040602843,0.9111708130390905,0.5927780168329395,0.7600404092099065
NewtonRaphson,2048,3,,15.850100494834491,0.2846295866562163,1.0974103883924664,153.66454180193077,0.9476917470833879,0.9302978676114437,0.7813306896093003,0.7823064446128492
NewtonRaphson,2048,4,,0.4513785185316793,0.11783547398184621,0.24064620207333423,22.07939888605586,0.9465036572521961,0.9715220405902926,0.586004127799366,0.8563142893790321
NewtonRaphson,2048,5,,0.0017930699247678344,0.0035325365170749998,0.1180359106330822,1.402333223401265,0.7854061909171512,0.9960275692104253,0.9700214511156529,0.9364868024424841
NewtonRaphson,2048,6,,1.9059170475248783e-08,5.120325521614566e-05,0.003545576529330115,0.003983043157654601,0.8003685862838774,0.9999893706485107,0.9855052439037367,0.9971597027787775
NewtonRaphson,2048,7,,2.706447183126592e-17,3.180912673602861e-10,5.120320820376911e-05,2.0096048267091963e-07,0.275105742403242,0.9999999985799763,0.9999937876749042,0.9999495459941767
