method,dimension,iteration,x,f_val,dist_to_min,step_size,grad_norm,grad_cosine_sim,rel_improvement_f,rel_improvement_dist,rel_improvement_grad
NewtonRaphson,2048,0,,5154.014305810189,3.138704085709709,,3763.172077692645,,,,
NewtonRaphson,2048,1,,390.30619888414515,1.5725969146893424,3.751499494034665,707.6090476732678,-0.3105535937924506,0.9242714172438078,0.49896617465492793,0.8119647379752212
NewtonRaphson,2048,2,,7.707763663023417,0.3041117563202027,1.3436334830937917,83.59052663399575,0.9333779058142524,0.9802520080770961,0.8066181146105845,0.8818690533863934
NewtonRaphson,2048,3,,0.025314005986540995,0.018266721013084214,0.2875326809371056,4.643191460621698,0.7694211187897109,0.9967157781305647,0.9399341832946077,0.9444531378423768
NewtonRaphson,2048,4,,1.7297020106072976e-05,0.008127086578606255,0.013896655302378618,0.026625601344289863,0.9383236847873133,0.9993167015874426,0.5550878248600322,0.9942656680065644
NewtonRaphson,2048,5,,1.6303137313521488e-08,9.22283028083891e-06,0.008121402143802565,0.00511903628069534,0.5105687980529287,0.999057459769744,0.9988651738613051,0.807740068871978
NewtonRaphson,2048,6,,2.5999990054402634e-16,3.21991504596556e-08,9.202990285708315e-06,5.097513492669844e-08,0.9490009890051634,0.9999999840521554,0.9965087560456847,0.9999900420446093
