method,dimension,iteration,x,f_val,dist_to_min,step_size,grad_norm,grad_cosine_sim,rel_improvement_f,rel_improvement_dist,rel_improvement_grad
NewtonRaphson,2048,0,,7421.82364034801,3.8599322191397425,,4480.144223539886,,,,
NewtonRaphson,2048,1,,1689.4589269760354,2.8010507329297405,5.311640675961093,1927.0758502431984,-0.3297294994137629,0.7723660640773705,0.27432644567162723,0.5698629878659214
NewtonRaphson,2048,2,,102.89680924407725,0.7485183682073867,2.138122293389553,388.0619536655338,0.9621737730270417,0.9390948145580239,0.7327722916948103,0.7986265285735586
NewtonRaphson,2048,3,,3.3760529832881176,0.14498065092021406,0.623631001815367,59.783500812626066,0.936702495284132,0.9671899157214883,0.806309828752198,0.8459434112313087
NewtonRaphson,2048,4,,0.024876934101046543,0.01290073140750915,0.13303208028657032,4.650036318693846,0.9395292238195243,0.9926313555432362,0.9110175645810235,0.9222187350107177
NewtonRaphson,2048,5,,3.4988322672783335e-06,0.00015400098673511137,0.01275119917785896,0.05373717896594229,0.9730836924265356,0.9998593543620341,0.9880626158416512,0.9884437076867743
NewtonRaphson,2048,6,,9.997108966654145e-14,2.6128642312586905e-08,0.0001539755720663409,8.960673548216549e-06,0.9793886704283933,0.9999999714272986,0.9998303345785859,0.9998332500194345
