method,dimension,iteration,x,f_val,dist_to_min,step_size,grad_norm,grad_cosine_sim,rel_improvement_f,rel_improvement_dist,rel_improvement_grad
NewtonRaphson,2048,0,,5424.710278909129,3.287632338625027,,3832.190618819709,,,,
NewtonRaphson,2048,1,,721.7751651298528,1.912680740157107,4.1888343551084875,1182.66139977667,-0.3129780846436041,0.8669467809302072,0.41821939220945864,0.691387637668994
NewtonRaphson,2048,2,,31.807313189888152,0.41631241786652146,1.5585199352200994,215.32414498993273,0.9421102834040301,0.9559318265208449,0.782340874184614,0.8179325502374611
NewtonRaphson,2048,3,,0.7686138408336175,0.06754163105950677,0.36062150167796087,29.56410189447864,0.9219634504887514,0.9758353106958444,0.8377621513054121,0.8626995505039117
NewtonRaphson,2048,4,,0.003118642772446188,0.004473143790154562,0.06331185567644801,1.718633398849838,0.9556574797866523,0.9959425102609865,0.9337720496235343,0.941867559346668
NewtonRaphson,2048,5,,9.561232941713078e-08,2.517828723511832e-05,0.004448092475427066,0.00911313475233886,0.9926734692689568,0.9999693416859854,0.994371232310811,0.9946974527793784
NewtonRaphson,2048,6,,9.537681035459294e-17,8.040690088184618e-10,2.517748334361386e-05,2.796516252962172e-07,0.9984304171773953,0.9999999990024633,0.9999680649838765,0.9999693133446508
