method,dimension,iteration,x,f_val,dist_to_min,step_size,grad_norm,grad_cosine_sim,rel_improvement_f,rel_improvement_dist,rel_improvement_grad
NewtonRaphson,2048,0,,2499.448748265698,2.2015262937975195,,2601.1818486186344,,,,
NewtonRaphson,2048,1,,76.63379122008925,0.7432588613998514,2.3972071780437125,293.871502184779,-0.27043461405397484,0.969339722899594,0.6623892871532467,0.8870238532762175
NewtonRaphson,2048,2,,0.4716926173566232,0.10173647938630025,0.673913252939301,20.939639881446308,0.9075501297024338,0.993844848207993,0.8631210676793142,0.928745592118422
NewtonRaphson,2048,3,,0.00033367995433885255,0.02462969441412008,0.08199047831903657,0.4557489801881366,0.6828747761092383,0.9992925902546264,0.7579069517375426,0.9782351089718617
NewtonRaphson,2048,4,,2.4573108944769986e-06,0.0023426557467479854,0.022288998879273367,0.04206656528093525,0.6714042506499966,0.9926357251536256,0.9048849040772121,0.9076979497275676
NewtonRaphson,2048,5,,4.5294474096498255e-10,3.549186830474449e-05,0.002307164568179898,0.00047446408967841196,0.9999446671832858,0.9998156746295378,0.9848497294773193,0.9887211117306637
NewtonRaphson,2048,6,,1.6430038656237862e-17,6.065222238018227e-09,3.5485803207013016e-05,1.083168976793641e-07,0.9999536119862559,0.9999999637261742,0.9998291095248653,0.9997717068582519
