experiment_num,initial_value,final_value,iterations,runtime,success,distance_to_minimum,f_error,initial_gradient_norm,final_gradient_norm,mean_gradient_norm,mean_cosine_similarity,mean_gradient_angle,std_gradient_norm,std_cosine_similarity,std_gradient_angle
0,11.446170998178609,8.813151774046899,69,0.03161907196044922,True,4.093138043299566,8.813151774046899,3.032911205785308,8.66856842576629e-07,2.644091590126149,0.9815371727156732,2.33798784329109,2.730805950856408,0.14323608535974364,12.283969850490605
1,11.378997440001948,8.814461107349441,1000,0.22632193565368652,False,4.096742175379681,8.814461107349441,1.3936076092812983,0.3724112900963034,0.5525355908895722,-0.895181293590559,170.47546107114678,0.9579745255402772,0.440489682336131,38.88535583948184
