experiment_num,initial_value,final_value,iterations,runtime,success,distance_to_minimum,f_error,initial_gradient_norm,final_gradient_norm,mean_gradient_norm,mean_cosine_similarity,mean_gradient_angle,std_gradient_norm,std_cosine_similarity,std_gradient_angle
0,8.748314716176406,7.961711274771885,23,0.014975786209106445,True,3.5732967047135094,7.961711274771885,6.483745121049751,9.17647885836176e-05,0.7101427515999239,0.8330842148231419,14.394869588110332,1.8481787031137369,0.5017759345746222,40.980687428203495
1,7.863630179487181,4.884065258158387,28,0.021601438522338867,True,1.958920889413183,4.884065258158387,3.7867071217769888,8.316421552250882e-05,0.7662249346304841,0.9790412228228914,3.7306398117329924,1.662168660956466,0.07059458196207787,11.4062970415692
