experiment_num,initial_value,final_value,iterations,runtime,success,distance_to_minimum,f_error,initial_gradient_norm,final_gradient_norm,mean_gradient_norm,mean_cosine_similarity,mean_gradient_angle,std_gradient_norm,std_cosine_similarity,std_gradient_angle
0,7.8215381032365805,0.07510079354727539,1000,0.15789031982421875,False,0.02200936004832121,0.07510079354727539,6.175142914767517,3.991464151849222,4.003160280996588,0.034860500982093784,87.27505890051928,0.6781638818702861,0.986667698928962,87.93187773896106
1,9.941713663508342,2.579927557030317,298,0.04899930953979492,True,0.9521664994848288,2.579927557030317,2.645813530798977,6.958908456634682e-06,0.8921804654497691,0.5811080470031565,43.395516435477106,1.6960519930087785,0.6132245382507603,47.41824895728307
