experiment_num,initial_value,final_value,iterations,runtime,success,distance_to_minimum,f_error,initial_gradient_norm,final_gradient_norm,mean_gradient_norm,mean_cosine_similarity,mean_gradient_angle,std_gradient_norm,std_cosine_similarity,std_gradient_angle
0,5.600107331549907,5.381864187490191,23,0.0052547454833984375,True,2.1965563813641853,5.381864187490191,4.691595456571449,4.495882265886151e-07,0.38081094343220845,0.9998210108286328,1.0207854022476777,1.0323102328889842,0.00011224346887808237,0.36499258416858055
1,7.1394536440754255,5.381864187490191,49,0.009463787078857422,True,2.196556365386293,5.381864187490191,3.2737039316083214,3.6312878029560965e-07,1.3109762605479915,0.9974935842878727,2.3365795830575813,1.3629228837823086,0.005887182247427377,3.322889463660351
