experiment_num,initial_value,final_value,iterations,runtime,success,distance_to_minimum,f_error,initial_gradient_norm,final_gradient_norm,mean_gradient_norm,mean_cosine_similarity,mean_gradient_angle,std_gradient_norm,std_cosine_similarity,std_gradient_angle
0,22.86340001585797,7.499990000004518e-05,1000,0.11225104331970215,False,0.0070710625085651105,7.499990000004518e-05,12.6391694221184,0.02236066635859185,1.817178961159593,-0.30318975728869335,117.01490246592691,3.345201591890759,0.9515099679400159,85.38826731076817
1,11.558360388444342,7.499990000003758e-05,1000,0.11387825012207031,False,0.007071062508564845,7.499990000003758e-05,8.13559868360021,0.02236066635859048,0.866565291016731,-0.4259875366849531,128.17242477468332,1.8231592073384881,0.8974141632748054,80.33135279265208
