experiment_num,initial_value,final_value,iterations,runtime,success,distance_to_minimum,f_error,initial_gradient_norm,final_gradient_norm,mean_gradient_norm,mean_cosine_similarity,mean_gradient_angle,std_gradient_norm,std_cosine_similarity,std_gradient_angle
0,39.14348640828907,26.93529020515819,1000,0.13406610488891602,False,4.9611941470696905,26.93529020515819,61.75491037311551,39.186060620754596,39.882900628949095,-0.9806939775351111,177.64543072585366,5.294114320831468,0.1458472669848366,12.87680219919187
1,52.36137199627376,2.514888579246108,1000,0.14108896255493164,False,0.1137911726888021,2.514888579246108,12.599263287204915,43.26118518154438,48.63921139079663,-0.6786363134295258,149.25727509156957,14.662696367254002,0.5652099814828805,46.46062277080744
