experiment_num,initial_value,final_value,iterations,runtime,success,initial_distance_to_minimum,final_distance_to_minimum,f_error,initial_gradient_norm,final_gradient_norm,mean_gradient_norm,std_gradient_norm,mean_cosine_similarity,std_cosine_similarity,mean_gradient_angle,std_gradient_angle,mean_best_so_far,std_best_so_far,mean_distance_to_minimum,std_distance_to_minimum,mean_improvement,std_improvement,mean_relative_improvement,std_relative_improvement,mean_step_size,std_step_size
0,104.87489853758036,0.028272314666906124,1600,3.1007676124572754,False,3.284787457957502,0.31595017456262015,0.028272314666906124,294.76032147887867,0.24231095146579448,1.7911895918843994,2.279204278253327,0.6636444238187919,0.07547112958142223,43.90609335730353,6.465106104500737,0.9884742658812246,1.8498430538073247,0.9581475458404008,0.6592708620081934,0.44601615161515623,0.4114848149007672,99.05747297049633,1.7638568233221836,0.0034645354682122996,0.005493459666190928
1,219.72847581961767,0.038808937724494695,1600,3.0056045055389404,False,3.3225839847237024,0.36614082627868133,0.038808937724494695,483.49250930481594,0.335550031258909,2.0679592710744896,2.6270381397335294,0.6561688805140308,0.07769630693811458,45.070139334820865,5.97298927387812,1.2564894028289133,2.1298189145112447,1.0620823857956059,0.6755457142707048,0.4385758944908678,0.45742519992194036,99.42816269118417,0.96929581228228,0.003644040405590079,0.005417776392114517
