experiment_num,initial_value,final_value,iterations,runtime,success,distance_to_minimum,f_error,initial_gradient_norm,final_gradient_norm,mean_gradient_norm,mean_cosine_similarity,mean_gradient_angle,std_gradient_norm,std_cosine_similarity,std_gradient_angle
0,22.86340001585797,2.0221618421529256e-06,1000,0.11233758926391602,False,0.0010863008377065173,2.0221618421529256e-06,12.6391694221184,0.003850395567447591,0.1789133165204589,0.9600825807388566,10.03622653732798,0.9807202166728857,0.13362447909379926,14.080712702666135
1,11.558360388444342,3.0233386245408583e-06,1000,0.10900211334228516,False,0.0015414670118226103,3.0233386245408583e-06,8.13559868360021,0.004155851189129812,0.12128388413555478,0.9615600238617286,9.82786431745455,0.6464336144549214,0.14278201322140768,14.118907640874081
