method,dimension,iteration,x,f_val,dist_to_min,step_size,grad_norm,grad_cosine_sim,rel_improvement_f,rel_improvement_dist,rel_improvement_grad
NewtonRaphson,2,0,"[2.34711580849378, 1.0083855291352357]",22.269956912771505,2.5545633665757363,,56.438992398775525,,,,
NewtonRaphson,2,1,"[2.5977022809257164, 0.9949447785473053]",25.917198667830817,2.7817210954165077,0.2509466754955096,30.99854747378315,-0.9955546375692781,-0.16377408224654763,-0.0889223308424973,0.45076008347633645
NewtonRaphson,2,2,"[2.5010444047750617, 0.9949586376713936]",27.24996686091746,2.6916845664627123,0.09665787714423807,4.58977729016817,-0.9999999842810516,-0.051424083681579136,0.03236720212610468,0.8519357304064022
NewtonRaphson,2,3,"[2.5127298974662877, 0.9949586376523347]",27.27680019934597,2.7025458790296106,0.011685492691225985,0.00525449515834886,1.0,-0.0009847108646210865,-0.004035135729582092,0.998855174265295
NewtonRaphson,2,4,"[2.5127433181544814, 0.9949586376523347]",27.276800234605524,2.702558357107018,1.342068819365494e-05,1.7854682177198625e-08,0.9999999999993736,-1.2926572487043604e-09,-4.617156550112366e-06,0.9999966020175795
