method,dimension,iteration,x,f_val,dist_to_min,step_size,grad_norm,grad_cosine_sim,rel_improvement_f,rel_improvement_dist,rel_improvement_grad
NewtonRaphson,2,0,"[-2.372335268548056, 0.6804176886304611]",37.27666607773783,2.467983561006474,,74.68707414998318,,,,
NewtonRaphson,2,1,"[-2.55553444950285, 0.34399522050304243]",41.614975454108055,2.578582756927683,0.38306920649335857,55.35317345958983,-0.9082821612330848,-0.11638136756444344,-0.0448135869576479,0.258865418286006
NewtonRaphson,2,2,"[-2.5111682140661693, 0.5867326969971489]",45.17710331031945,2.578802252415222,0.24675867835103563,31.403486410900374,-0.9608901854428342,-0.08559725957641431,-8.512252978860799e-05,0.43267053272336314
NewtonRaphson,2,3,"[-2.5127427417352237, 0.49317643241329706]",46.51587479095395,2.560683322793148,0.09356951309194846,3.6793641723383717,-0.9998058125125421,-0.02963384950643114,0.007026102759567814,0.8828358060568321
NewtonRaphson,2,4,"[-2.512743318200001, 0.5025524863771111]",46.53311416033345,2.5625061921335073,0.009376053981535374,0.0025330615606897755,-0.9999999981178221,-0.0003706126017616778,-0.0007118683220739354,0.9993115491041269
NewtonRaphson,2,5,"[-2.512743318200085, 0.5025460365525696]",46.533114168502344,2.5625049272174816,6.4498245415656186e-06,8.267360134706538e-10,-0.9999999994086227,-1.7555018222220369e-10,4.936245733117257e-07,0.9999996736218234
