method,dimension,iteration,x,f_val,dist_to_min,step_size,grad_norm,grad_cosine_sim,rel_improvement_f,rel_improvement_dist,rel_improvement_grad
NewtonRaphson,2,0,"[1.1421489410047003, -2.131794774084991]",12.816594840805706,2.4184815819547265,,71.97206583789036,,,,
NewtonRaphson,2,1,"[0.9368168666132626, -1.9438735979915926]",6.049387442519446,2.1578392911752884,0.2783444434477127,28.63534447339867,-0.9942529924327659,0.5280035362232645,0.10777104639712624,0.6021325198876905
NewtonRaphson,2,2,"[0.9980601495752863, -1.9916968602141703]",4.977328771024174,2.2277747743336236,0.07770330827948013,1.4189549571465403,-0.9887897142497376,0.17721772355992155,-0.03240995909396207,0.9504474284056648
NewtonRaphson,2,3,"[0.9949591994493657, -1.9899127907448035]",4.9747902477714,2.2247913887236024,0.0035775404337300503,0.0003135227240565959,0.9666814035587201,0.0005100171938715596,0.0013391773909970776,0.9997790467396604
NewtonRaphson,2,4,"[0.9949586376523661, -1.9899122337086113]",4.974790247647379,2.2247906392517582,7.911416992291728e-07,2.7390807186449078e-11,0.9493750148918237,2.4930032350370098e-11,3.3687286275025036e-07,0.9999999126353368
