method,dimension,iteration,x,f_val,dist_to_min,step_size,grad_norm,grad_cosine_sim,rel_improvement_f,rel_improvement_dist,rel_improvement_grad
NewtonRaphson,2,0,"[1.854384756124182, 0.9011573671938603]",10.019648436772727,2.0617534828862327,,57.724733069004216,,,,
NewtonRaphson,2,1,"[2.0442304763298145, 1.0087474279147461]",5.595235816533272,2.279572243575587,0.21821324122591462,22.01616647601329,-0.9229409998314378,0.4415736388515976,-0.10564733490079117,0.6186008092978943
NewtonRaphson,2,2,"[1.988349992605523, 0.994943117929726]",4.9752734195062,2.223386493844493,0.057560293913628754,0.6184631031971588,-0.9710784221421785,0.11080183523188691,0.02464749686676522,0.9719086833817787
NewtonRaphson,2,3,"[1.9899127681511521, 0.9949586376762397]",4.9747902477039325,2.224791117282146,0.0015628526061494806,0.00021163471300506917,-0.9999509231854793,9.711462296186524e-05,-0.0006317495593059316,0.9996578054342917
NewtonRaphson,2,4,"[1.9899122337086064, 0.9949586376523348]",4.974790247647379,2.22479063925174,5.344425463088991e-07,2.2507338009358692e-11,0.9999995742023212,1.1368091895349292e-11,2.1486529778577603e-07,0.9999998936500648
