method,dimension,iteration,x,f_val,dist_to_min,step_size,grad_norm,grad_cosine_sim,rel_improvement_f,rel_improvement_dist,rel_improvement_grad
NewtonRaphson,2,0,"[2.2068357462775547, 0.5121174863600745]",32.42445411190106,2.2654775061527697,,65.05732949078755,,,,
NewtonRaphson,2,1,"[1.604125030428678, 0.5025297738144816]",40.75961575352595,1.680997705774116,0.6027869700241723,35.02831726694739,-0.9983434717639071,-0.25706405458235765,0.25799408680566266,0.4615776955322524
NewtonRaphson,2,2,"[1.491590113403781, 0.502546036541371]",42.46215651465887,1.5739738197464865,0.11253491819998247,6.301725556863381,-0.9999999833766011,-0.04177028486794906,0.06366688405344599,0.8200962521596871
NewtonRaphson,2,3,"[1.507656387983305, 0.5025460365546747]",42.51273182771343,1.589207444949739,0.01606627457952392,0.006142337514140728,-1.0,-0.0011910679345053712,-0.00967844891200679,0.9990252927616864
NewtonRaphson,2,4,"[1.507640731833122, 0.5025460365546747]",42.512731875796035,1.5891925922112538,1.565615018295219e-05,1.4609007337187876e-08,-0.9999999999998153,-1.1310165801489512e-09,9.346003589737662e-06,0.9999976215883117
