experiment_num,initial_value,final_value,iterations,runtime,success,distance_to_minimum,f_error,initial_gradient_norm,final_gradient_norm,mean_gradient_norm,mean_cosine_similarity,mean_gradient_angle,std_gradient_norm,std_cosine_similarity,std_gradient_angle
0,8.898940743306333,7.961711274755368,19,0.013682842254638672,True,3.573293380078099,7.961711274755368,3.2984181613059094,8.20106299627501e-05,0.40784281109243503,0.9627288461478575,4.496414616599985,1.0105605890495968,0.15580533726053322,16.10510029943014
1,10.459587762749536,10.120350743697552,25,0.019231319427490234,True,4.973668268399557,10.120350743697552,4.980792420334267,8.30741396404032e-05,0.45532859913050433,0.9937305978389803,1.8943274257027576,1.092600710199886,0.02807731835132383,6.2061025019972185
