method,dimension,iteration,x,f_val,dist_to_min,step_size,grad_norm,grad_cosine_sim,rel_improvement_f,rel_improvement_dist
NewtonRaphson,2048,0,,4742.384335895,2.140555725582762,,5092.372457130506,,,
NewtonRaphson,2048,1,,8.924382830144047e-30,9.323243937271747e-17,2.140555725582762,2.188373214069584e-13,-0.0009644709928879285,1.0,1.0
