experiment_num,initial_value,final_value,iterations,runtime,success,initial_distance_to_minimum,final_distance_to_minimum,f_error,initial_gradient_norm,final_gradient_norm,mean_gradient_norm,std_gradient_norm,mean_cosine_similarity,std_cosine_similarity,mean_gradient_angle,std_gradient_angle,mean_best_so_far,std_best_so_far,mean_distance_to_minimum,std_distance_to_minimum,mean_improvement,std_improvement,mean_relative_improvement,std_relative_improvement,mean_step_size,std_step_size
0,125.66496213372301,0.06273143992203327,400,0.12928557395935059,False,0.9285377320621915,0.5052435866031855,0.06273143992203327,226.56351689876004,0.2783222610286984,1.9217341337015865,4.92991725647273,0.971771126603375,0.027894307612473166,8.338218590341635,8.528304131033591,0.5837493637203347,1.5466727085438048,0.6153423449403316,0.0859928879157305,0.9984780948880787,2.385140489714861,99.53547165907777,1.2307907329792986,0.0030931188180128672,0.007701911475091306
1,208.02155526616647,0.10189362261806695,400,0.12801551818847656,False,2.5708719244038734,0.6249972426428707,0.10189362261806695,507.35008163500737,0.37734482845473116,3.761182738551142,10.029469924710268,0.9914681184152292,0.023085951614541037,2.2640481706478877,5.880582060674318,1.2642855163448519,3.373494703053679,0.8547819196908186,0.2284912062991333,1.4344811901714438,3.1788233998471096,99.39223340834695,1.621704394401458,0.004919497263996097,0.010924145129329196
