experiment_num,initial_value,final_value,iterations,runtime,success,distance_to_minimum,f_error,initial_gradient_norm,final_gradient_norm,mean_gradient_norm,mean_cosine_similarity,mean_gradient_angle,std_gradient_norm,std_cosine_similarity,std_gradient_angle
0,842.127039674179,840.5832229696254,1000,0.15347671508789062,False,597.2606260973199,840.5832229696254,1.3566301910293193,1.0424319223146437,1.1970417080593583,0.9999999724114225,0.013263381015221553,0.0910269806246245,9.613254686839494e-09,0.002284434299723013
1,837.6978816311629,835.7675683725896,1000,0.15663456916809082,False,593.8557687839974,835.7675683725896,1.3686738257255269,0.9910465982716973,1.1851621444760185,0.9999999985309016,0.0031011744583805735,0.10971059196393808,1.6206677520727876e-10,0.00016807129179837366
