method,dimension,iteration,x,f_val,dist_to_min,step_size,grad_norm,grad_cosine_sim,rel_improvement_f,rel_improvement_dist,rel_improvement_grad
NewtonRaphson,2048,0,,24108.208429711805,4.919782230091587,,11508.765625959777,,,,
NewtonRaphson,2048,1,,3.783275261215964e-29,1.983639080713829e-16,4.919782230091588,4.494327830143921e-13,-0.004028834049945877,1.0,1.0,1.0
