method,dimension,iteration,x,f_val,dist_to_min,step_size,grad_norm,grad_cosine_sim,rel_improvement_f,rel_improvement_dist,rel_improvement_grad
NewtonRaphson,2048,0,,22150.729906540088,4.6482614247377265,,11045.071999960603,,,,
NewtonRaphson,2048,1,,4.4999728250855113e-29,2.039888283073199e-16,4.6482614247377265,4.967942332599289e-13,-0.0054836023622273035,1.0,1.0,1.0
