method,dimension,iteration,x,f_val,dist_to_min,step_size,grad_norm,grad_cosine_sim,rel_improvement_f,rel_improvement_dist,rel_improvement_grad
NewtonRaphson,2048,0,,19547.83334466529,4.362935552693673,,10324.966079503301,,,,
NewtonRaphson,2048,1,,3.953829652338688e-29,1.889939869336787e-16,4.362935552693673,4.655199971512881e-13,0.05658463605092929,1.0,1.0,1.0
