method,dimension,iteration,x,f_val,dist_to_min,step_size,grad_norm,grad_cosine_sim,rel_improvement_f,rel_improvement_dist,rel_improvement_grad
NewtonRaphson,2048,0,,25350.808162844412,4.908375700462017,,11845.696801158589,,,,
NewtonRaphson,2048,1,,5.213117095227438e-29,2.1495812637914086e-16,4.908375700462017,5.593149502533671e-13,-0.012323628739857217,1.0,1.0,1.0
