method,dimension,iteration,x,f_val,dist_to_min,step_size,grad_norm,grad_cosine_sim,rel_improvement_f,rel_improvement_dist,rel_improvement_grad
NewtonRaphson,2048,0,,17087.097099930557,4.102425254005129,,9618.823480667275,,,,
NewtonRaphson,2048,1,,3.411056165216117e-29,1.9303479815401514e-16,4.102425254005129,4.2422884519558177e-13,0.04979097831609275,1.0,1.0,1.0
