method,dimension,iteration,x,f_val,dist_to_min,step_size,grad_norm,grad_cosine_sim,rel_improvement_f,rel_improvement_dist,rel_improvement_grad
NewtonRaphson,2048,0,,24638.042235585723,4.92681490576723,,11567.889380090497,,,,
NewtonRaphson,2048,1,,5.73490144040702e-29,2.344808540272918e-16,4.92681490576723,5.513431145307858e-13,0.0604216733839574,1.0,1.0,1.0
