method,dimension,iteration,x,f_val,dist_to_min,step_size,grad_norm,grad_cosine_sim,rel_improvement_f,rel_improvement_dist,rel_improvement_grad
NewtonRaphson,2048,0,,10177.893646722576,3.138704085709709,,7472.106270721679,,,,
NewtonRaphson,2048,1,,2.0808753829970485e-29,1.368291498864648e-16,3.138704085709709,3.4318277760572606e-13,0.01607137579622747,1.0,1.0,1.0
