method,dimension,iteration,x,f_val,dist_to_min,step_size,grad_norm,grad_cosine_sim,rel_improvement_f,rel_improvement_dist,rel_improvement_grad
NewtonRaphson,128,0,,2.37690320274729,2.810743076392079,,0.7656928973091688,,,,
NewtonRaphson,128,1,,12.52650680261453,46.903061516971725,46.7826312397307,0.5440683925710628,-0.510547539124775,-4.270095470499619,-15.687068238615872,0.2894430724340639
NewtonRaphson,128,2,,21.795994826582753,1045.7537316491096,1044.155997712102,0.358374978206185,0.03239073923549857,-0.739989860703504,-21.29606549821288,0.3413052787120392
NewtonRaphson,128,3,,21.7572919623033,1045.895021082544,8.398412079920783,0.20614640008008248,0.21033876524872785,0.001775686982282239,-0.0001351077497104286,0.42477457239919353
NewtonRaphson,128,4,,21.747833711880045,1046.2300234182949,26.4050999890154,0.30260581897003885,-0.7915947355563988,0.0004347163442785744,-0.00032030206569314516,-0.46791706696058927
NewtonRaphson,128,5,,21.75572434486852,1046.3849998764836,19.327190945889964,0.26224191928962953,0.973835390898748,-0.00036282386066633607,-0.00014812847530635564,0.1333877181139262
NewtonRaphson,128,6,,21.749759039511527,1046.3703658570525,1.1687907664134611,0.06988575364412894,-0.8694406603566777,0.00027419474812375295,1.3985310791669971e-05,0.7335065506176968
NewtonRaphson,128,7,,21.74904390539032,1046.3711025155083,0.24799978488066582,0.003636521161412476,-0.7859636171768494,3.288009397753768e-05,-7.040131102185866e-07,0.9479647714764542
NewtonRaphson,128,8,,21.749048408751488,1046.3711101020613,0.012171558766135982,1.4480403686867695e-06,-0.9184086827290394,-2.070601902321518e-07,-7.250346452093674e-09,0.9996018061481252
