experiment_num,initial_value,final_value,iterations,runtime,success,initial_distance_to_minimum,final_distance_to_minimum,f_error,initial_gradient_norm,final_gradient_norm,mean_gradient_norm,std_gradient_norm,mean_cosine_similarity,std_cosine_similarity,mean_gradient_angle,std_gradient_angle,mean_best_so_far,std_best_so_far,mean_distance_to_minimum,std_distance_to_minimum,mean_improvement,std_improvement,mean_relative_improvement,std_relative_improvement,mean_step_size,std_step_size
0,18.7256904696999,3.2802315710614374,1000,0.11957955360412598,False,1.6886418083301153,1.8407974990788578,3.2802315710614374,132.3102708543123,1.9243700794240588,14.605106904344069,28.312860488222032,0.9999928969429727,1.573024131932555e-05,0.09840448724718598,0.17393891905227826,4.207643984366995,2.3585544963865903,1.8376179927450715,0.0329344829566847,0.15823562753623585,0.3267182390769141,77.5300996714893,12.595287208249948,0.0002582359639464273,0.0003556857559278509
1,33.19765543664138,0.08899867916001039,1000,0.12548589706420898,False,0.6480231980892147,0.5894655595838632,0.08899867916001039,148.54454493535604,0.3457609852309814,28.218647042815178,42.73757445590867,0.9999956889798669,8.345967607225302e-06,0.10478814923215123,0.1248110916359662,3.4492663189802713,7.031025957269926,0.5957420175100346,0.010215910137592885,0.5354116006502747,0.5969040888595802,89.60990987582456,21.179284695838923,0.00035465248164399395,0.00046909183079386365
