method,dimension,iteration,x,f_val,dist_to_min,step_size,grad_norm,grad_cosine_sim,rel_improvement_f,rel_improvement_dist,rel_improvement_grad
NewtonRaphson,8,0,"[1.2169666991542056, -0.6598148192721784, -1.4639371345888788, -1.0736680198340611, 0.8656143350312776, -0.018799203874879038, 1.954509029182933, -2.9288273599418972]",112.50564480396834,4.284858845983606,,56.42264247564065,,,,
NewtonRaphson,8,1,"[0.0, 0.0, 2.220446049250313e-16, 0.0, 0.0, 0.0, 0.0, 0.0]",1.4791141972893971e-31,2.220446049250313e-16,4.284858845983606,1.3322676295501878e-15,-0.1556754951937146,1.0,1.0,1.0
