method,dimension,iteration,x,f_val,dist_to_min,step_size,grad_norm,grad_cosine_sim,rel_improvement_f,rel_improvement_dist,rel_improvement_grad
NewtonRaphson,8,0,"[1.4094976539033968, 0.5061971223604629, -0.815702465508219, 0.7903075913942197, 0.1494759247403084, 1.4914787886319218, -1.0809918063329245, -0.5045203828693947]",30.668509235877497,2.6838054876242854,,26.319838183587006,,,,
NewtonRaphson,8,1,"[0.0, 0.0, 0.0, 0.0, 0.0, -2.220446049250313e-16, 0.0, 0.0]",2.9582283945787943e-31,2.220446049250313e-16,2.6838054876242854,2.6645352591003757e-15,-0.6800097074587662,1.0,1.0,0.9999999999999999
