method,dimension,iteration,x,f_val,dist_to_min,step_size,grad_norm,grad_cosine_sim,rel_improvement_f,rel_improvement_dist,rel_improvement_grad
NewtonRaphson,8,0,"[-0.9420957469177099, 0.8512910349300664, 1.4348776739101579, 1.296094733236381, -1.1679680362132008, -0.4303415519839552, 0.46103076823268824, 1.3576998749824516]",39.3995522612967,2.992694074556556,,29.553608537027234,,,,
NewtonRaphson,8,1,"[0.0, 0.0, 0.0, 0.0, 0.0, -5.551115123125783e-17, 0.0, 0.0]",1.8488927466117464e-32,5.551115123125783e-17,2.992694074556556,6.661338147750939e-16,,1.0,1.0,1.0
