method,dimension,iteration,x,f_val,dist_to_min,step_size,grad_norm,grad_cosine_sim,rel_improvement_f,rel_improvement_dist,rel_improvement_grad
NewtonRaphson,8,0,"[0.48810360640020123, -0.5611344749850627, 0.8655895185587673, -0.8650074904593347, 0.3621181988871873, 1.3516132876985782, -0.6112071129035964, -0.34943211225363696]",21.31731658610044,2.122325424663675,,21.48279347597185,,,,
NewtonRaphson,8,1,"[0.0, 0.0, 0.0, 0.0, 0.0, 0.0, 0.0, 0.0]",0.0,0.0,2.122325424663675,0.0,,1.0,1.0,1.0
