method,dimension,iteration,x,f_val,dist_to_min,step_size,grad_norm,grad_cosine_sim,rel_improvement_f,rel_improvement_dist,rel_improvement_grad
NewtonRaphson,8,0,"[1.2370240779809587, -0.28353847125631465, -2.5786527498225738, 0.3355599704732991, -0.3841175000066394, -0.2808038098624224, 0.4398825098554035, -0.16127496267166933]",24.863157899379182,2.9696087960612942,,18.019067339809677,,,,
NewtonRaphson,8,1,"[0.0, 0.0, 0.0, 0.0, 0.0, 0.0, 0.0, 0.0]",0.0,0.0,2.9696087960612942,0.0,,1.0,1.0,1.0
