experiment_num,initial_value,final_value,iterations,runtime,success,distance_to_minimum,f_error,initial_gradient_norm,final_gradient_norm,mean_gradient_norm,mean_cosine_similarity,mean_gradient_angle,std_gradient_norm,std_cosine_similarity,std_gradient_angle
0,8.748314716176406,7.961711274689829,24,0.005276918411254883,True,3.573294946297097,7.961711274689829,6.483745121049751,2.909139200748098e-07,0.7712391594918663,0.999530275843366,1.4285407848254892,1.7346671600511596,0.0007603190523274579,1.02184768399297
1,7.863630179487181,4.884065258091155,31,0.0065822601318359375,True,1.9589197232679914,4.884065258091155,3.7867071217769888,2.7242227605032694e-07,1.7255068207561757,0.9978568855960741,3.1291261444742715,2.547005159329603,0.003246491361544219,2.0726879768869026
