experiment_num,initial_value,final_value,iterations,runtime,success,distance_to_minimum,f_error,initial_gradient_norm,final_gradient_norm,mean_gradient_norm,mean_cosine_similarity,mean_gradient_angle,std_gradient_norm,std_cosine_similarity,std_gradient_angle
0,838.7425257711091,830.0751991225989,1000,0.11789298057556152,False,587.9308531815392,830.0751991225989,1.535545805602785,0.001384500548872522,0.09633793029721976,0.9918885374726871,3.4703071960958374,0.28934884192295235,0.052119774021333304,6.702929141724896
1,839.992982895697,830.0751998164861,1000,0.12229204177856445,False,587.928414701909,830.0751998164861,1.7928898377771665,0.0015739301138295771,0.11081828254517374,0.9881023010752887,4.017977330765683,0.32890659033905195,0.09525775269671878,9.145860372882957
