method,dimension,iteration,x,f_val,dist_to_min,step_size,grad_norm,grad_cosine_sim,rel_improvement_f,rel_improvement_dist
NewtonRaphson,2,0,"[1.854384756124182, 0.9011573671938603]",5.739412156333675,2.0617534828862327,,4.230969233304195,,,
NewtonRaphson,2,1,"[2.3632622823177263, 1.193032438430828]",8.104557269043895,2.6473260120683655,0.5866407707229753,5.0889492531023,-0.9999515243708473,-0.4120883895923359,-0.2840167527508644
NewtonRaphson,2,2,"[3.0705749018903745, 0.018154574679405622]",7.181752035031327,3.070628570293202,1.3713603233796097,5.3931983168358215,0.8477116793016547,0.11386251011357619,-0.15989815999054413
NewtonRaphson,2,3,"[2.940618533547286, -0.0033866213402837207]",6.896849543415158,2.9406204836812746,0.13172957450353795,1.1548504492101266,-0.999808438282469,0.039670332563205256,0.04233924215702636
NewtonRaphson,2,4,"[2.966240855298216, 9.895909036843065e-05]",6.882648951480078,2.9662408569489416,0.02585831863920605,0.08171234409342067,-0.9960054296777563,0.0020589969152854082,-0.00871257389719111
NewtonRaphson,2,5,"[2.964624005437663, 1.0366488163447208e-07]",6.8825826473234635,2.9646240054376647,0.0016198690893766852,0.0002288480951641406,0.9991691149110039,9.633522947679378e-06,0.0005450843640998084
NewtonRaphson,2,6,"[2.964619443149388, 3.258193180302504e-13]",6.8825826468012945,2.964619443149388,4.56346585851245e-06,1.8723010246674156e-09,0.9998880619430097,7.586817354513927e-11,1.538909577785055e-06
