experiment_num,initial_value,final_value,iterations,runtime,success,initial_distance_to_minimum,final_distance_to_minimum,f_error,initial_gradient_norm,final_gradient_norm,mean_gradient_norm,std_gradient_norm,mean_cosine_similarity,std_cosine_similarity,mean_gradient_angle,std_gradient_angle,mean_best_so_far,std_best_so_far,mean_distance_to_minimum,std_distance_to_minimum,mean_improvement,std_improvement,mean_relative_improvement,std_relative_improvement,mean_step_size,std_step_size
0,177.43365097553206,112.14819155761425,1000,0.12958264350891113,False,11.307223990564207,10.558788219070165,112.14819155761425,147.7593383889358,32.747092109983264,23.76527175442556,6.386881117572921,-0.9325128931457176,0.11905784070271772,163.16179701162392,11.447563689669535,118.15737979675774,4.227622948915793,10.834499138955595,0.19028678434766438,0.041071997624538954,0.0941243667312537,33.407570014409764,2.3826500360401077,0.11175783860263384,0.0049930994061477595
1,173.56858510758377,112.0294265385071,1000,0.13671517372131348,False,11.271247055857478,10.549954061247515,112.0294265385071,144.03733821279124,32.74952232642938,24.034691497405948,6.253095460659367,-0.9350980718444986,0.1133209558152797,163.46081401563782,11.01213700885733,118.01618462612218,4.206604381878293,10.827393271401844,0.18945012397243133,0.03931774407201994,0.08933111365354922,32.00602254551324,2.423597783706592,0.11195066204988115,0.004320526222031237
