method,dimension,iteration,x,f_val,dist_to_min,step_size,grad_norm,grad_cosine_sim,rel_improvement_f,rel_improvement_dist,rel_improvement_grad
NewtonRaphson,512,0,,4034.290285172897,3.9324476644275697,,2320.01526978409,,,,
NewtonRaphson,512,1,,6.209174936445963e-30,1.6084361220151913e-16,3.9324476644275697,9.160837274239527e-14,0.10562631271475965,1.0,1.0,1.0
