method,dimension,iteration,x,f_val,dist_to_min,step_size,grad_norm,grad_cosine_sim,rel_improvement_f,rel_improvement_dist,rel_improvement_grad
NewtonRaphson,512,0,,2630.4343528350505,3.1634782697506516,,1918.3089174195607,,,,
NewtonRaphson,512,1,,4.167804558411083e-30,1.3927926289968612e-16,3.1634782697506516,7.073501743028424e-14,0.03089529721960314,1.0,1.0,1.0
