method,dimension,iteration,x,f_val,dist_to_min,step_size,grad_norm,grad_cosine_sim,rel_improvement_f,rel_improvement_dist,rel_improvement_grad
NewtonRaphson,512,0,,1078.1784518796253,2.0775169166599405,,1217.700776693586,,,,
NewtonRaphson,512,1,,1.989412696066282e-30,8.940561796848917e-17,2.0775169166599405,5.347163707045106e-14,-0.20924082906645242,1.0,1.0,1.0
