method,dimension,iteration,x,f_val,dist_to_min,step_size,grad_norm,grad_cosine_sim,rel_improvement_f,rel_improvement_dist,rel_improvement_grad
NewtonRaphson,512,0,,4663.753800744422,4.254125258086954,,2544.458127949309,,,,
NewtonRaphson,512,1,,8.89772336837973e-30,1.7447019628724394e-16,4.254125258086954,1.095479557059352e-13,-0.10763669266280147,1.0,1.0,1.0
