experiment_num,initial_value,final_value,iterations,runtime,success,initial_distance_to_minimum,final_distance_to_minimum,f_error,initial_gradient_norm,final_gradient_norm,mean_gradient_norm,std_gradient_norm,mean_cosine_similarity,std_cosine_similarity,mean_gradient_angle,std_gradient_angle,mean_best_so_far,std_best_so_far,mean_distance_to_minimum,std_distance_to_minimum,mean_improvement,std_improvement,mean_relative_improvement,std_relative_improvement,mean_step_size,std_step_size
0,111.67775772216253,0.024319821156500155,4863,133.6041123867035,True,5.76314716017579,0.29342296906624926,0.024319821156500155,204.21103234043719,0.5980238665759915,2.815792392303348,1.5161973919217224,0.6142930710548081,0.07640824547423834,47.829807895671046,6.166499270610735,9.032488868796584,9.034131473695242,2.5792570731228075,1.7325777989596451,0.16191599554189243,0.10342030255289049,91.91200732085966,8.089463522513412,0.003694478688790546,0.002822069704281969
1,161.5092325327593,0.04441663922856966,4579,127.0233097076416,True,5.707162198562643,0.38848919702276674,0.04441663922856966,341.09509845513963,0.7814190348149886,3.25289149434291,1.273370447731716,0.6091435376182904,0.07841763353012096,48.82948120454413,5.461254087330971,10.563952630351512,8.854312773035856,2.971942364303756,1.561715559604256,0.16789095878920887,0.1232987811083004,93.45922677936768,5.482233203751935,0.004310755727848578,0.0029012498359615754
