method,dimension,iteration,x,f_val,dist_to_min,step_size,grad_norm,grad_cosine_sim,rel_improvement_f,rel_improvement_dist,rel_improvement_grad
NewtonRaphson,8,0,"[1.030650755170382, 0.021673493494547967, -0.6096036692300458, -1.7053934606246317, -0.9002993261853588, 0.8483442534718583, -0.242010477513265, -0.4869250962198074]",4.753297878643135,2.483663861760873,,1.3763687142378327,,,,
NewtonRaphson,8,1,"[0.7855288131858695, -0.057135569523432746, -0.18232133234548992, 0.014052944611472995, -1.1519274618949573, 1.4066554262171747, 4.564500905203521, -0.6159896311228706]",7.607550909340631,5.017318671158838,5.167165488098638,1.7745447054397436,-0.7517462505743658,-0.6004784685432474,-1.02012790394335,-0.28929456698846995
NewtonRaphson,8,2,"[2.677599519144072, 0.13639203621443513, 0.9068440314258077, -0.031697171644930563, -0.380782243472059, 1.8389696092595074, 4.513797279017131, -0.14925319698458173]",8.111829823521791,5.651102504297939,2.409923859942669,1.6310270693803095,0.22094606937120786,-0.06628663024285535,-0.12631923038540374,0.08087575118253756
NewtonRaphson,8,3,"[2.4415755517079427, -0.08114663707372605, 1.000112269318666, 0.00675696662671884, -0.5812848922359697, 2.037293320082438, 4.62746904995803, 0.10658943767006207]",8.080500976171415,5.734233468719481,0.5206903150452384,1.3433527260646565,-0.8237413815680956,0.0038621184161843278,-0.014710574504411536,0.17637619185863768
NewtonRaphson,8,4,"[2.576014389223701, 0.01167117078610648, 0.9751331923068367, -0.0003124313127471695, -0.5026171614295083, 1.9465032101759376, 4.625025076856918, -0.024526649275387197]",8.059572566537623,5.7462882338371815,0.24288214086581278,0.20587394530971073,-0.8572919032730772,0.0025899891226431587,-0.002102245257968669,0.8467461737225062
NewtonRaphson,8,5,"[2.565187418381952, -5.215920730501471e-05, 0.9757281023053911, 8.475789316385774e-07, -0.5127357266312371, 1.9509105503469277, 4.628048124414074, 0.00025823017743745527]",8.057694996057556,5.74630413684912,0.031628324338497514,0.0028520917893504836,-0.7252450911989476,0.00023296154536315476,-2.7675277137663724e-06,0.9861464169977416
NewtonRaphson,8,6,"[2.565476254667491, 9.330874648297034e-09, 0.9757003063612399, -1.5184889784956875e-10, -0.5127335893719321, 1.9508247895300523, 4.628256846671021, -4.6409363134935176e-08]",8.057695107811774,5.746567152045518,0.0004522748620043903,6.177859602293014e-07,0.2303138927657213,-1.3869253971321349e-08,-4.577119312422674e-05,0.999783391978289
