method,dimension,iteration,x,f_val,dist_to_min,step_size,grad_norm,grad_cosine_sim,rel_improvement_f,rel_improvement_dist,rel_improvement_grad
NewtonRaphson,8,0,"[0.29986334266184, 1.2761660045860386, -0.029726193894169434, 1.2982428938143413, -2.1736997126160444, 0.6819630027248746, 0.07222618220299196, -0.24809749267708742]",5.3184337274473386,2.94306794322815,,3.012898088895423,,,,
NewtonRaphson,8,1,"[0.5529493417113893, 2.490980894215638, -0.019951730899917496, 1.8002026915589389, -1.8708820663523433, 0.6675010238150845, 0.04703384312400768, 0.5010191362969485]",6.42008098252137,3.7350845067328935,1.5638430135840606,0.9526144125986368,0.3422643960023576,-0.2071375355094973,-0.26911256511326337,0.6838212297622451
NewtonRaphson,8,2,"[0.536514229189729, 2.6602165334883807, -0.001456932879896792, 1.8826329117544907, -1.8621794623064178, 0.4665646104896918, 0.00242005248795122, 0.5322208475826623]",6.502205213816374,3.8571450710461312,0.2818913405875927,0.3147682067121879,-0.2064783790349434,-0.012791774982058248,-0.032679465241873484,0.6695743812509285
NewtonRaphson,8,3,"[0.5291120636825455, 2.6861096633504973, 3.086077400034663e-05, 1.8868412847656209, -1.8892026990691988, 0.5319999732313021, -5.137636605806982e-05, 0.5292537709947981]",6.511691837846165,3.8971188204579916,0.0759744936668332,0.01568168332199903,-0.903470293825385,-0.0014589856391540056,-0.010363558713911359,0.9501802183714896
NewtonRaphson,8,4,"[0.5290239167370259, 2.6862596791950013, 1.2832333658375399e-08, 1.8879706949350878, -1.8879722095323683, 0.5290194868432189, -2.1354862196097733e-08, 0.5290239568495334]",6.511707101191288,3.896723975576077,0.003429234470307421,2.3914470269418935e-05,-0.5805723197598099,-2.3439907021101285e-06,0.00010131712685841468,0.9984750061725917
