experiment_num,initial_value,final_value,iterations,runtime,success,distance_to_minimum,f_error,initial_gradient_norm,final_gradient_norm,mean_gradient_norm,mean_cosine_similarity,mean_gradient_angle,std_gradient_norm,std_cosine_similarity,std_gradient_angle
0,33.65443955520471,8.954601241487012,73,0.012252569198608398,True,2.9848557010545114,8.954601241487012,57.519311536440064,6.326893174767522e-08,23.53068881451319,0.9986593900940599,1.1120033816570418,24.917690653458855,0.004984903525924107,2.755855165009963
1,36.631173679235,4.974790247647379,69,0.009607076644897461,True,2.2247906391036145,4.974790247647379,72.25287454127857,1.3131142151401328e-07,27.02960509882246,0.9997151491832199,0.9443867790626534,31.305731100163786,0.0007766816022359478,0.9894966227697434
