experiment_num,initial_value,final_value,iterations,runtime,success,distance_to_minimum,f_error,initial_gradient_norm,final_gradient_norm,mean_gradient_norm,mean_cosine_similarity,mean_gradient_angle,std_gradient_norm,std_cosine_similarity,std_gradient_angle
0,484.51297394587004,4.611773635289289,1000,0.13075542449951172,False,0.5766199987293159,4.611773635289289,455.46323484241015,107.74874082221439,369.4488326935992,0.9999993952550621,0.051550114632516596,118.7882171058818,6.669594578366235e-07,0.03623682675791362
1,59553.116298869834,25358.290392114828,1000,0.13263940811157227,False,5.150924321002286,25358.290392114828,47045.57497908122,25204.010063087742,34902.320709494015,0.9999999997412362,0.0013028590159787057,6278.647079856998,1.539826704929815e-11,3.874496432125927e-05
