method,dimension,iteration,x,f_val,dist_to_min,step_size,grad_norm,grad_cosine_sim,rel_improvement_f,rel_improvement_dist
NewtonRaphson,32,0,"[0.22992637017854706, -0.4101639030218116, 0.22977351264184115, 0.9778759316990492, -0.022778015905193103, 0.9947925856026659, -1.665620792334045, 0.5225614882996262, 0.055344089218021725, -0.19010737312541248, 0.05834104130193836, -1.2636863430674619, -0.13966628406032047, 0.22705038111733286, 0.9396376181580616, -0.3295136043031303, -0.5140361760179192, -0.319014610692382, 0.5820080733087074, 0.20901830597840554, -0.33681887942761957, 0.3263328586002171, 0.061721418778684055, 0.6158596247028331, -0.44636183446208466, -0.20832594872762575, -0.24930039631758394, -0.930495460682434, 0.18827178634306543, 0.16597763217972655, 0.0032511100759708583, -0.14914932233433775]",10.577019547728241,3.252233009445701,,6.504466018891402,,,
NewtonRaphson,32,1,"[0.0, 0.0, 0.0, 0.0, 0.0, 0.0, 0.0, 0.0, 0.0, 0.0, 0.0, 0.0, 0.0, 0.0, 0.0, 0.0, 0.0, 0.0, 0.0, 0.0, 0.0, 0.0, 0.0, 0.0, 0.0, 0.0, 0.0, 0.0, 0.0, 0.0, 0.0, 0.0]",0.0,0.0,3.252233009445701,0.0,,1.0,1.0
