method,dimension,iteration,x,f_val,dist_to_min,step_size,grad_norm,grad_cosine_sim,rel_improvement_f,rel_improvement_dist
NewtonRaphson,32,0,"[-0.361385370972677, -0.2641857999073683, 0.41385019949817314, -0.15173068712750248, 0.19639069004556284, -1.847799325252996, -0.8616757487951513, 1.2828041604173828, -0.01694996337951253, -1.5290895896391072, -0.9799777311888892, -0.9069309841164817, 0.0935155922809862, -0.3952772753507791, -0.6022981849498856, 0.003597534860786944, 0.43652632341249725, -0.23667577542601978, -0.5251146933710252, -0.3851250437579561, 0.31049612403278826, -0.006743280121211488, 0.7010829804782062, -1.050571260687687, -0.7084284993967667, 0.7064226883693818, -0.7326341330869395, 1.2645821229941046, 1.2839431551546245, 1.2721750433643753, -0.8046459448816504, 0.07025930124810224]",20.303202279301097,4.5059074867668,,9.0118149735336,,,
NewtonRaphson,32,1,"[0.0, 0.0, 0.0, 0.0, 0.0, 0.0, 0.0, 0.0, 0.0, 0.0, 0.0, 0.0, 0.0, 0.0, 0.0, 0.0, 0.0, 0.0, 0.0, 0.0, 0.0, 0.0, 0.0, 0.0, 0.0, 0.0, 0.0, 0.0, 0.0, 0.0, 0.0, 0.0]",0.0,0.0,4.5059074867668,0.0,,1.0,1.0
