experiment_num,initial_value,final_value,iterations,runtime,success,distance_to_minimum,f_error,initial_gradient_norm,final_gradient_norm,mean_gradient_norm,mean_cosine_similarity,mean_gradient_angle,std_gradient_norm,std_cosine_similarity,std_gradient_angle
0,22.256254008526415,1.0571474617629021e-05,1000,0.10023808479309082,False,0.003251380417242655,1.0571474617629021e-05,9.435306886058644,0.00650276083448531,0.13692329429578712,0.9627826024687786,8.333531897614094,0.7925062040053461,0.18288534005388093,16.558985524314913
1,13.485510827275473,2.2977222586866876e-06,1000,0.0989077091217041,False,0.0015158239537250648,2.2977222586866876e-06,7.344524716351759,0.0030316479074501295,0.10729338395113625,0.9617170645942483,8.538900214317275,0.6168789483064726,0.1725562927036597,16.063499798520574
