experiment_num,initial_value,final_value,iterations,runtime,success,distance_to_minimum,f_error,initial_gradient_norm,final_gradient_norm,mean_gradient_norm,mean_cosine_similarity,mean_gradient_angle,std_gradient_norm,std_cosine_similarity,std_gradient_angle
0,837.2104862956903,830.0752068713743,1000,0.1162722110748291,False,587.9303070718281,830.0752068713743,1.2428331579360319,0.002859300172426558,0.5647734516864859,0.6269329021877347,33.75819641285286,0.42250485060963966,0.7715250973863069,68.40486010763732
1,843.3996016418719,830.0751967494315,864,0.10125112533569336,True,587.9302988046121,830.0751967494315,1.5032430868275506,3.6343555966918717e-07,0.9374608486431314,0.9997037998739926,0.2334963148106883,0.506213433642749,0.004407619380627448,1.3827786364305088
