experiment_num,initial_value,final_value,iterations,runtime,success,distance_to_minimum,f_error,initial_gradient_norm,final_gradient_norm,mean_gradient_norm,mean_cosine_similarity,mean_gradient_angle,std_gradient_norm,std_cosine_similarity,std_gradient_angle
0,9.229708469021402,5.381864187490219,325,0.058719635009765625,True,2.1965564007979106,5.381864187490219,1.026775108901439,1.6547727585073298e-06,0.6680822743520728,0.676040683345332,41.34774425616438,1.369466461668132,0.4181173843011693,32.91035150137471
1,7.502445785184738,6.559645375627895,297,0.048769235610961914,True,2.7922967538131025,6.559645375627895,2.9277144297313344,1.3281503071303108e-06,0.39401459569694813,0.6233605930161569,42.67534176255332,1.0323579239527254,0.5261301454733819,40.83790041158369
