method,dimension,iteration,x,f_val,dist_to_min,step_size,grad_norm,grad_cosine_sim,rel_improvement_f,rel_improvement_dist,rel_improvement_grad
NewtonRaphson,32,0,"[421.19862637017854, 420.5585360969782, 421.19847351264184, 421.94657593169904, 420.9459219840948, 421.9634925856027, 419.303079207666, 421.49126148829964, 421.024044089218, 420.7785926268746, 421.02704104130197, 419.7050136569326, 420.8290337159397, 421.19575038111736, 421.9083376181581, 420.63918639569687, 420.4546638239821, 420.64968538930765, 421.5507080733087, 421.17771830597843, 420.6318811205724, 421.2950328586002, 421.0304214187787, 421.5845596247028, 420.5223381655379, 420.7603740512724, 420.7193996036824, 420.0382045393176, 421.1569717863431, 421.1346776321797, 420.97195111007596, 420.8195506776657]",1.3347549611826253,3.2522330094456886,,0.8204483865113311,,,,
NewtonRaphson,32,1,"[420.96877415019367, 420.96885296534634, 420.96877408973967, 420.9691202762317, 420.96874655126453, 420.9691206795497, 420.97128350749955, 420.96888070459653, 420.96874784953496, 420.96876943401014, 420.968748239151, 420.9700770234855, 420.9687585531334, 420.96877601600653, 420.96908378623436, 420.9688146877588, 420.968924304852, 420.96881081566175, 420.96889841791096, 420.96876736179775, 420.9688208740949, 420.96879973019645, 420.96874870779016, 420.9689210250159, 420.9688806968149, 420.96877258375173, 420.96878582392435, 420.96940572396824, 420.9687642037641, 420.9687630278251, 420.9687463874504, 420.96875979651685]",0.00040844211252988316,0.0031483392437382253,3.2539175946056766,0.0007651719473748767,-0.5509974262455829,0.9996939946848611,0.9990319453635104,0.9990673734509632
NewtonRaphson,32,2,"[420.96874636006334, 420.96874636030776, 420.96874636006436, 420.96874636129724, 420.96874635998256, 420.9687463612821, 420.96874634185383, 420.9687463603963, 420.96874635998637, 420.96874635971864, 420.96874635998745, 420.9687463668547, 420.96874636001775, 420.9687463600688, 420.9687463611315, 420.96874636018026, 420.96874635797417, 420.9687463601749, 420.9687463604628, 420.9687463597386, 420.96874636020453, 420.96874636013496, 420.9687463599888, 420.9687463605319, 420.96874636039036, 420.96874636005987, 420.9687463600989, 420.9687463626857, 420.96874636003355, 420.96874635978884, 420.96874635998216, 420.96874636002093]",0.0004072821211593691,0.0002622509618112998,0.0030319877163002378,5.004820808882228e-09,-0.5603109623557013,0.0028400386123974075,0.9167018095864687,0.9999934592207332
