method,dimension,iteration,x,f_val,dist_to_min,step_size,grad_norm,grad_cosine_sim,rel_improvement_f,rel_improvement_dist,rel_improvement_grad
NewtonRaphson,32,0,"[421.0222818404631, 421.72528226719794, 421.33304826009123, 421.01051037461093, 422.71937931170515, 421.2811987906859, 420.6364189839653, 422.3995204301531, 421.89214292241275, 422.36576538028345, 420.8833631745071, 421.71974721720443, 419.85106367595364, 421.57181413385, 420.84736738441734, 419.9262919357524, 421.7630505175631, 419.576216761302, 419.49730854415293, 421.24754296920287, 421.408221608524, 421.71529674326587, 421.53947133022564, 422.10465204767485, 421.5073772562348, 420.8669257499028, 420.9120730340409, 420.75159515802346, 421.19600256887423, 420.12454261322205, 421.23096188157615, 420.9022245138303]",2.585684250383565,4.526356769406372,,1.1423177701459044,,,,
NewtonRaphson,32,1,"[420.9687476435356, 420.96898682678705, 420.968817740111, 420.96874711674, 420.96942142458295, 420.9687949027549, 420.9688217936165, 420.96932795774416, 420.96908404049077, 420.9693190244296, 420.9687503954848, 420.9689899049888, 420.9697508935524, 420.96890581969774, 420.9687546749692, 420.96960134560373, 420.9690074952287, 420.9704239199448, 420.9706420987215, 420.9687864391691, 420.9688405584922, 420.96898354612046, 420.96889399817877, 420.96918899536405, 420.96888261305196, 420.96875270597985, 420.9687477718309, 420.96877406409624, 420.9687728304726, 420.9692756109532, 420.9687807354287, 420.9687482279513]",0.0004085684195160866,0.0033512103498537647,4.526927051173694,0.0008057544104983769,-0.1985479701315552,0.9998419882785551,0.9992596230212112,0.9992946319915906
NewtonRaphson,32,2,"[420.9687463599858, 420.96874636078286, 420.96874636019527, 420.96874635998427, 420.96874636274396, 420.96874636012774, 420.96874636021397, 420.9687463538471, 420.96874636114705, 420.9687463622077, 420.9687463599935, 420.96874636079264, 420.9687463646964, 420.9687463604854, 420.9687463600068, 420.9687463636922, 420.9687463608486, 420.9687463697866, 420.9687463443025, 420.9687463601008, 420.9687463589071, 420.96874636075154, 420.9687463583187, 420.96874635519265, 420.9687463604081, 420.9687463599085, 420.96874635998614, 420.9687463600643, 420.9687463600606, 420.9687463620057, 420.9687463595894, 420.9687463599875]",0.0004072821211593691,0.00026225196203275133,0.00319278679295809,5.435468822835812e-09,-0.0847446899024406,0.003148305877975003,0.921744105963329,0.999993254186695
