method,dimension,iteration,x,f_val,dist_to_min,step_size,grad_norm,grad_cosine_sim,rel_improvement_f,rel_improvement_dist,rel_improvement_grad
NewtonRaphson,32,0,"[421.2198566656738, 421.3720019582867, 420.5318284807979, 421.5769715808197, 421.3514820514788, 420.47603006596967, 419.72845583655544, 420.121897411758, 420.504423019682, 421.77482455162647, 422.0460372809514, 420.66377292270676, 420.6856980033932, 421.1502078709237, 420.9771269598979, 421.61455998708834, 420.6057245099133, 421.62719289266147, 420.80273150929463, 421.56116739952796, 420.78065855594116, 420.54334945069286, 422.2954206211888, 421.7077292842679, 419.72542161417255, 420.65873913432387, 421.8046469441491, 420.13848534946743, 421.5033783456786, 421.431487703008, 420.48364868683757, 420.9625829424419]",1.6801304397449712,3.6485866469704824,,0.9207252405575218,,,,
NewtonRaphson,32,1,"[420.96878191524047, 420.96882718421915, 420.968876083447, 420.9689119046262, 420.968816077933, 420.96891053925435, 420.97002232114073, 420.9692819752243, 420.9688888013226, 420.9690133334934, 420.96916155920405, 420.9688042766403, 420.96880073688345, 420.96876411347154, 420.96874638655066, 420.96893049355776, 420.9688289138387, 420.96894656477235, 420.9687615978429, 420.9689020313565, 420.96876847054745, 420.9688631822717, 420.9692931978297, 420.9689837602122, 420.97003394557987, 420.96880817859983, 420.9690344700098, 420.9692666212145, 420.96887837397975, 420.9688491191383, 420.96890774340886, 420.9687463196341]",0.00040788951446302235,0.002362253129180016,3.6491315574423355,0.000553691071147073,-0.2558127719133147,0.9997572274718594,0.9993525566588527,0.9993986359374575
NewtonRaphson,32,2,"[420.9687463595743, 420.968746360223, 420.96874636039956, 420.9687463605041, 420.9687463601935, 420.96874636049995, 420.968746366444, 420.968746362028, 420.9687463604331, 420.96874635701465, 420.9687463614691, 420.968746360153, 420.96874636014024, 420.9687463600348, 420.9687463599821, 420.9687463579118, 420.9687463602319, 420.968746360627, 420.9687463600267, 420.9687463604807, 420.9687463600468, 420.9687463603486, 420.9687463621154, 420.96874635732655, 420.96874636666416, 420.968746360167, 420.968746360959, 420.96874636195105, 420.96874636038933, 420.9687463603008, 420.96874636049847, 420.96874635998245]",0.0004072821211593691,0.00026225514332063685,0.002193980636543501,2.8216954626221004e-09,0.8158647321723896,0.0014891123260494827,0.8889809309251838,0.9999949038451049
