method,dimension,iteration,x,f_val,dist_to_min,step_size,grad_norm,grad_cosine_sim,rel_improvement_f,rel_improvement_dist,rel_improvement_grad
NewtonRaphson,32,0,"[420.64199179294616, 420.9653157555785, 420.82822681643927, 421.20706554013117, 420.1941741424639, 421.6372348720659, 422.66962702523483, 421.6994650488122, 421.1025538224332, 421.508528003006, 420.3509220517352, 419.9993823326151, 421.442371587307, 420.63924119458915, 420.14424244758044, 420.4295881503978, 420.2765580636112, 421.0509994803013, 421.3250847481274, 421.51219359627567, 421.5162243455551, 421.4309215488751, 420.8418697775177, 420.5869973139124, 420.04538479036665, 421.64192120702603, 420.8598895946208, 420.7174568715224, 421.690940936425, 420.4188029453301, 421.4797749105212, 421.1502595527581]",1.473478759335194,3.4166447754852394,,0.862295831847007,,,,
NewtonRaphson,32,1,"[420.9688123658517, 420.9687463707136, 420.96875678647876, 420.96877503729405, 420.96918665381406, 420.9689498433775, 420.96943585421076, 420.9689723285527, 420.9687544601703, 420.96888389442125, 420.9690071218266, 420.9694859399002, 420.96885273268254, 420.9688146445074, 420.9692531036083, 420.9689518309218, 420.96908266027174, 420.9687512269781, 420.9688116265788, 420.96887995442034, 420.96888439046916, 420.9688552357349, 420.96875448077424, 420.96884131439106, 420.96939984566023, 420.9689462362479, 420.9687545254297, 420.9687834028324, 420.96897110697796, 420.96895174358104, 420.96886871175076, 420.9687641214396]",0.0004075934884895105,0.001760079086700045,3.416806687248354,0.00039643234084470094,-0.11103719702971725,0.9997233801397494,0.9994848516008077,0.9995402594722097
NewtonRaphson,32,2,"[420.9687463601794, 420.9687463599821, 420.9687463600127, 420.9687463596533, 420.96874635521857, 420.968746357692, 420.96874636279716, 420.96874636071664, 420.9687463598889, 420.9687463604119, 420.9687463608589, 420.9687463630779, 420.9687463603025, 420.9687463601892, 420.9687463545694, 420.9687463606343, 420.9687463611721, 420.9687463599962, 420.96874636017446, 420.9687463584721, 420.96874635841556, 420.9687463603146, 420.96874636000547, 420.9687463588984, 420.9687463626063, 420.96874635775055, 420.9687463600057, 420.96874635955726, 420.96874636070294, 420.968746360643, 420.96874636036017, 420.9687463600325]",0.0004072821211593691,0.0002622509309006903,0.0015708549157327065,2.4930055342190794e-09,0.07026992112088973,0.0007639163503206422,0.8510004846473224,0.999993711397186
