method,dimension,iteration,x,f_val,dist_to_min,step_size,grad_norm,grad_cosine_sim,rel_improvement_f,rel_improvement_dist,rel_improvement_grad
NewtonRaphson,32,0,"[420.90532122958183, 421.6536256316303, 420.0864492486366, 420.63704552735413, 420.97160151640986, 420.9946959515377, 420.7196635522282, 421.31334393399686, 420.3779495066813, 420.8899166152877, 421.03526364174206, 421.25335640656414, 421.36246058074033, 420.3463974922217, 420.1198227415409, 421.6756817999595, 421.15258058256546, 420.5545370835327, 421.82700485211126, 421.03270668757574, 421.6212450188865, 421.0060602594175, 422.10898152677214, 421.939989458385, 420.8309397160218, 421.5063030682574, 421.3258083412238, 421.72601013151495, 420.43477521300235, 421.3483154768886, 421.55436206728416, 419.99552995694984]",1.2738224997410725,3.176732135298654,,0.8017304883497169,,,,
NewtonRaphson,32,1,"[420.9687487034143, 420.96896156282713, 420.9693448796638, 420.96881648488807, 420.96874638251745, 420.96874649005076, 420.96878564800005, 420.96880296479384, 420.9689893430201, 420.96875029536824, 420.9687484850854, 420.96878999322166, 420.96881929680796, 420.9690236655453, 420.96928701960525, 420.9689709695276, 420.9687650639389, 420.9688571778689, 420.9690444062387, 420.9687490442598, 420.9689389127126, 420.9687472816313, 420.96919687887504, 420.9691090992826, 420.96875791509837, 420.96888143049364, 420.96881216234414, 420.9689987048366, 420.9689443456412, 420.96881903965516, 420.9689026623582, 420.9694828026438]",0.0004075434335391037,0.0016265024163024753,3.1767415493387103,0.0003631712848558067,-0.03941801278846465,0.9996800626196962,0.999487995100931,0.9995470157488916
NewtonRaphson,32,2,"[420.96874635998876, 420.9687463606924, 420.9687463623256, 420.96874635917965, 420.9687463599817, 420.96874635998245, 420.968746360095, 420.96874636014667, 420.9687463607909, 420.9687463599933, 420.96874635998824, 420.96874636011506, 420.96874636019993, 420.9687463608996, 420.96874636204575, 420.9687463607124, 420.9687463600368, 420.9687463587164, 420.9687463609778, 420.9687463599897, 420.9687463606032, 420.9687463599847, 420.96874636166564, 420.96874636127626, 420.9687463600154, 420.9687463603984, 420.96874636018174, 420.9687463608207, 420.96874635776317, 420.96874635915356, 420.9687463582203, 420.96874635240715]",0.0004072821211593691,0.00026225164789981444,0.0014390602529049269,2.3611463439491535e-09,-0.09664029297077922,0.0006411890322102755,0.8387634440187366,0.9999934985323939
