experiment_num,initial_value,final_value,iterations,runtime,success,distance_to_minimum,f_error,initial_gradient_norm,final_gradient_norm,mean_gradient_norm,mean_cosine_similarity,mean_gradient_angle,std_gradient_norm,std_cosine_similarity,std_gradient_angle
0,23.97052318703652,38.69715604364755,1000,0.11980819702148438,False,6.094449019932005,38.69715604364755,92.27213650363322,37.66819533128258,42.89429572230649,-0.7981223464184984,161.16028683005405,15.022252930909557,0.49853079793247473,42.02840142190151
1,24.882764817868264,15.222389044384379,1000,0.11538839340209961,False,3.605865994842861,15.222389044384379,57.74791949427404,41.3625678894017,41.463754489752134,-0.9905860246735424,178.74807484671382,2.5001150053435426,0.10421433478355828,9.209998907369064
