experiment_num,initial_value,final_value,iterations,runtime,success,distance_to_minimum,f_error,initial_gradient_norm,final_gradient_norm,mean_gradient_norm,mean_cosine_similarity,mean_gradient_angle,std_gradient_norm,std_cosine_similarity,std_gradient_angle
0,8.748314716176406,7.961711274689838,633,0.16649794578552246,True,3.573294959195842,7.961711274689838,6.483745121049751,9.190509183013655e-07,1.2315250771785986,0.9999989179925645,0.046418509025384525,1.9827914871459897,2.004152890447925e-06,0.07035175517871406
1,7.863630179487181,4.88406525809155,1000,0.17090511322021484,False,1.9589198448907492,4.88406525809155,3.7867071217769888,6.2122497088701365e-06,2.0550885331220266,0.9999992192814547,0.050192531171831645,2.7951516046543055,1.0623274081099153e-06,0.0510549440593473
