experiment_num,initial_value,final_value,iterations,runtime,success,distance_to_minimum,f_error,initial_gradient_norm,final_gradient_norm,mean_gradient_norm,mean_cosine_similarity,mean_gradient_angle,std_gradient_norm,std_cosine_similarity,std_gradient_angle
0,42.120317645945086,16.914202849554826,72,0.013056516647338867,True,4.102270379265793,16.914202849554826,53.51176012279507,1.489676580836852e-07,23.412029172657345,0.99860370633927,1.1815558373160737,24.573875035942134,0.005043159597454481,2.7931369125350987
1,25.54232064500431,7.96954824869206,1000,0.1197662353515625,False,2.8212249197906116,7.96954824869206,23.215199774870324,2.7996184811446736,4.017096225141621,-0.9127767504598479,171.9999101848362,7.326683504394448,0.3925976764830675,34.28950082713828
