experiment_num,initial_value,final_value,iterations,runtime,success,distance_to_minimum,f_error,initial_gradient_norm,final_gradient_norm,mean_gradient_norm,mean_cosine_similarity,mean_gradient_angle,std_gradient_norm,std_cosine_similarity,std_gradient_angle
0,23.97052318703652,17.82504162002309,1000,0.11397385597229004,False,1.8349239034642333,17.82504162002309,92.27213650363322,82.25604183711594,70.5004020224218,-0.9485621114413598,165.8044501889899,10.012549848852142,0.0892162067364135,12.247779190904295
1,24.882764817868264,43.01867271136741,1000,0.113067626953125,False,3.3265218995262513,43.01867271136741,57.74791949427404,77.74636208013045,77.95797006853911,-0.9976825645232154,177.88404962587003,3.337564785046265,0.020815112493487654,3.363345018926245
