experiment_num,initial_value,final_value,iterations,runtime,success,distance_to_minimum,f_error,initial_gradient_norm,final_gradient_norm,mean_gradient_norm,mean_cosine_similarity,mean_gradient_angle,std_gradient_norm,std_cosine_similarity,std_gradient_angle
0,17.472657703856047,7.630997496778125e-08,1000,0.11519885063171387,False,0.0002520260894451317,7.630997496778125e-08,11.293012824350521,0.0006384218836516576,0.335901427103189,0.9538449486931192,9.526082390056466,1.2906147701104018,0.1643673706016425,16.297578431463535
1,39.14542046041181,3.888104487863874e-07,1000,0.10294437408447266,False,0.0005133386004939292,3.888104487863874e-07,16.88348801266754,0.0015992477091995854,0.5029541450800016,0.9649846333259634,7.959886623622656,1.9311870827633566,0.14510938853818592,14.790969083680292
