experiment_num,initial_value,final_value,iterations,runtime,success,distance_to_minimum,f_error,initial_gradient_norm,final_gradient_norm,mean_gradient_norm,mean_cosine_similarity,mean_gradient_angle,std_gradient_norm,std_cosine_similarity,std_gradient_angle
0,300.85288675200434,0.38943553169790934,400,0.18475079536437988,False,1.7531453764130158,0.38943553169790934,848.511035196003,0.5182053966835434,6.4115927049149875,0.857401737977124,29.101518676346927,67.00776730569994,0.13413738278250897,12.880081447582693
1,1273.3876318476948,6.200954446230107,400,0.187516450881958,False,2.7724884607285265,6.200954446230107,3873.14007633078,2.913653569135262,24.916940249574488,0.9919447619085084,2.1196920440406384,235.22259387713447,0.07772006005739202,7.793996784664804
