experiment_num,initial_value,final_value,iterations,runtime,success,distance_to_minimum,f_error,initial_gradient_norm,final_gradient_norm,mean_gradient_norm,mean_cosine_similarity,mean_gradient_angle,std_gradient_norm,std_cosine_similarity,std_gradient_angle
0,5.763818396021675,7.593161200199643e-07,1000,0.09868168830871582,False,0.0008713874683629345,7.593161200199643e-07,4.8015907347551705,0.001742774936725869,0.24068102073563008,0.9721124949974351,6.706102704283754,0.7234588683576006,0.14620634238169214,14.47063847350349
1,19.414315161475415,4.563071124614036e-07,1000,0.11566329002380371,False,0.0006755050795230215,4.563071124614036e-07,8.81233570887433,0.001351010159046043,0.4408721513587634,0.9722119101103599,7.043376115297204,1.3282955316384806,0.12021895458604606,12.921754878094738
