experiment_num,initial_value,final_value,iterations,runtime,success,distance_to_minimum,f_error,initial_gradient_norm,final_gradient_norm,mean_gradient_norm,mean_cosine_similarity,mean_gradient_angle,std_gradient_norm,std_cosine_similarity,std_gradient_angle
0,6210.046080845417,0.041471634988397975,1000,0.12567448616027832,False,0.3232811371793331,0.041471634988397975,6974.699699251104,5.289673272717019,494.3250970012619,-0.185710969837437,102.47054714388398,1215.1976194438523,0.9649376270381328,83.08533587010206
1,969.920539975806,0.04028849767431975,1000,0.12340855598449707,False,0.3148071521453209,0.04028849767431975,632.3668255315068,5.3269859475490335,99.04190049331156,-0.24126349425050955,107.66461321073831,168.88492404755846,0.9464387922372388,81.1212047932851
