method,dimension,iteration,x,f_val,dist_to_min,step_size,grad_norm,grad_cosine_sim,rel_improvement_f,rel_improvement_dist,rel_improvement_grad
NewtonRaphson,512,0,,1.4064496415667236,3.330799103954418,,0.8405793143391201,,,,
NewtonRaphson,512,1,,0.006516543391626328,0.001389757575987927,3.3309411370750954,0.00012190498116282616,-0.18777257412489787,0.9953666713695009,0.9995827555092297,0.9998549750403284
NewtonRaphson,512,2,,0.006516513880342245,0.00104900686460115,0.0004830462344713391,6.964002832067658e-10,0.025927060125201747,4.5286714611690585e-06,0.2451871587348967,0.9999942873517016
