method,dimension,iteration,x,f_val,dist_to_min,step_size,grad_norm,grad_cosine_sim,rel_improvement_f,rel_improvement_dist,rel_improvement_grad
NewtonRaphson,512,0,,2.0038151539629325,3.978517944953838,,1.004036760944876,,,,
NewtonRaphson,512,1,,0.006516574678244069,0.0015587291156428495,3.978590060713633,0.0001751011640867469,-0.10399235890793783,0.9967479162609604,0.9996082136269815,0.9998256028355755
NewtonRaphson,512,2,,0.006516513880342245,0.001049007087889439,0.0006938340132855886,7.961707072510894e-10,0.38007345628911177,9.32973300023611e-06,0.32701129570110804,0.9999954530815863
