method,dimension,iteration,x,f_val,dist_to_min,step_size,grad_norm,grad_cosine_sim,rel_improvement_f,rel_improvement_dist,rel_improvement_grad
NewtonRaphson,512,0,,1.405038497701753,3.329119929905305,,0.8401633474980418,,,,
NewtonRaphson,512,1,,0.006516544643091038,0.0013912868074746625,3.3291987405815395,0.00012451736185771907,-0.08748461606247908,0.9953620170167933,0.999582085705301,0.9998517938657661
NewtonRaphson,512,2,,0.006516513880342245,0.0010490067853500993,0.0004933974708669854,6.636570382640291e-10,0.1316633074704193,4.720714807867198e-06,0.24601686746806634,0.9999946701646393
