method,dimension,iteration,x,f_val,dist_to_min,step_size,grad_norm,grad_cosine_sim,rel_improvement_f,rel_improvement_dist,rel_improvement_grad
NewtonRaphson,512,0,,1.1859705946990289,3.0572981946163833,,0.7715598232429263,,,,
NewtonRaphson,512,1,,0.006516536581330001,0.0013342630153971218,3.057350517342854,0.00010694961769644802,-0.08673081763778803,0.994505313529309,0.999563581001766,0.9998613851907855
NewtonRaphson,512,2,,0.006516513880342245,0.0010490065487546783,0.00042378687699638686,7.732478272610248e-10,-0.3041442175926647,3.4835970722992702e-06,0.21379328014839824,0.9999927699804458
