method,dimension,iteration,x,f_val,dist_to_min,step_size,grad_norm,grad_cosine_sim,rel_improvement_f,rel_improvement_dist,rel_improvement_grad
NewtonRaphson,512,0,,0.989050725242123,2.7904203370814304,,0.7042136883907951,,,,
NewtonRaphson,512,1,,0.00651652886881493,0.001277065110968004,2.790454403660126,8.684319458214271e-05,-0.04318100968697694,0.9934113299727679,0.999542339519965,0.9998766806212179
