method,dimension,iteration,x,f_val,dist_to_min,step_size,grad_norm,grad_cosine_sim,rel_improvement_f,rel_improvement_dist,rel_improvement_grad
NewtonRaphson,512,0,,1.2693096511939075,3.163478269750661,,0.7983609486377902,,,,
NewtonRaphson,512,1,,0.006516537454444915,0.0013483393217992704,3.1634600661318526,0.00010899396370082932,0.02004424815154082,0.9948660774395629,0.9995737794899077,0.9998634778368272
NewtonRaphson,512,2,,0.006516513880342245,0.0010490068535011236,0.0004318861893850129,5.50832602566034e-10,0.20259775838124902,3.617581090380208e-06,0.22200084463805986,0.9999949462100114
