method,dimension,iteration,x,f_val,dist_to_min,step_size,grad_norm,grad_cosine_sim,rel_improvement_f,rel_improvement_dist,rel_improvement_grad
NewtonRaphson,512,0,,1.3367955149733461,3.2468833460873108,,0.8193898876305878,,,,
NewtonRaphson,512,1,,0.006516543304314837,0.0013808652572159126,3.247101334661912,0.00012177535366353844,-0.31106053841221565,0.9951252504729979,0.9995747105423791,0.9998513828941487
NewtonRaphson,512,2,,0.006516513880342245,0.001049006869067926,0.0004825326743074379,7.132878126769442e-10,-0.005870039167235541,4.515273085391009e-06,0.24032640868746044,0.9999941425929697
