method,dimension,iteration,x,f_val,dist_to_min,step_size,grad_norm,grad_cosine_sim,rel_improvement_f,rel_improvement_dist,rel_improvement_grad
NewtonRaphson,512,0,,0.6951574179693125,2.3361167065040482,,0.5895628483763841,,,,
NewtonRaphson,512,1,,0.006516521505545825,0.001204275500377955,2.336099536517561,6.195551354371398e-05,0.051750247235851955,0.9906258333190462,0.9994844968588148,0.9998949127922251
