experiment_num,initial_value,final_value,iterations,runtime,success,distance_to_minimum,f_error,initial_gradient_norm,final_gradient_norm,mean_gradient_norm,std_gradient_norm,mean_cosine_similarity,std_cosine_similarity,mean_gradient_angle,std_gradient_angle,mean_best_so_far,std_best_so_far,mean_distance_to_minimum,std_distance_to_minimum,mean_improvement,std_improvement,mean_relative_improvement,std_relative_improvement,mean_step_size,std_step_size
0,7.437863556980622,3.574452559109908,1000,0.2075941562652588,False,1.3697420112786909,3.574452559109908,2.4088798977480006,0.008388617577807808,0.07578083545910648,0.21611380045650497,0.4214726470702919,0.05966001406595444,58.80553785166357,4.5303342697274065,3.611312034420511,0.11656205050740603,1.376055106702674,0.020310888563602893,0.06400771815136319,0.20241407120826826,51.44691742790571,1.5671442426234095,0.0008186606905513865,0.0021577250791951575
1,8.157699644002532,7.180953580508843,1000,0.18348479270935059,False,3.127721210750938,7.180953580508843,3.8864936149504694,0.01436121872337086,0.03445965984594643,0.08292828761849903,0.4180422668720124,0.06970420463859488,59.0464489104679,5.479435470304642,7.184185463852108,0.01022620511496843,3.1268589106182465,0.002940948357021145,0.011484287987470688,0.036315840304634174,11.933685017027337,0.12535647990529483,0.0004137411017963706,0.0008244442221122907
