experiment_num,initial_value,final_value,iterations,runtime,success,distance_to_minimum,f_error,initial_gradient_norm,final_gradient_norm,mean_gradient_norm,mean_cosine_similarity,mean_gradient_angle,std_gradient_norm,std_cosine_similarity,std_gradient_angle
0,8.898940743306333,7.961711274755146,22,0.015158891677856445,True,3.57329338272873,7.961711274755146,3.2984181613059094,8.187208480297105e-05,0.3699124182213727,0.9475911138798349,5.284107827215001,0.9473385068697069,0.23092572054672755,20.165380895945678
1,10.459587762749536,10.12035074367528,26,0.031212329864501953,True,4.973668225758296,10.12035074367528,4.980792420334267,6.732204644797828e-05,0.440927470574668,0.95704300316822,5.121784823927967,1.1014372180349565,0.15080079645054043,16.971219262082812
