experiment_num,initial_value,final_value,iterations,runtime,success,distance_to_minimum,f_error,initial_gradient_norm,final_gradient_norm,mean_gradient_norm,mean_cosine_similarity,mean_gradient_angle,std_gradient_norm,std_cosine_similarity,std_gradient_angle
0,7.352890114336599,6.559645375627888,296,0.06921863555908203,True,2.792296796561618,6.559645375627888,7.029158559976569,9.67395266124511e-07,0.38597727997229314,0.6623843491790082,43.02800669724132,1.0155044325290212,0.4101660489042014,31.280934535652715
1,11.496882878478212,9.00109347829202,313,0.05932927131652832,True,4.213258935365707,9.00109347829202,2.6405651460657906,1.1655010203794426e-06,0.6167217253478845,0.6489798958467293,42.18011482446757,1.3323073940182149,0.4708835822776413,36.61035653572231
