experiment_num,initial_value,final_value,iterations,runtime,success,initial_distance_to_minimum,final_distance_to_minimum,f_error,initial_gradient_norm,final_gradient_norm,mean_gradient_norm,std_gradient_norm,mean_cosine_similarity,std_cosine_similarity,mean_gradient_angle,std_gradient_angle,mean_best_so_far,std_best_so_far,mean_distance_to_minimum,std_distance_to_minimum,mean_improvement,std_improvement,mean_relative_improvement,std_relative_improvement,mean_step_size,std_step_size
0,570.769114743805,502.7727648742288,1000,0.16045141220092773,False,22.662666625972964,22.32912054310779,502.7727648742288,164.6769196153767,2.7326381915401328,8.161364400461757,16.729114443120267,0.9999782071313114,3.9274085333348966e-05,0.2462065662601872,0.2756100789021906,505.5697643279609,4.406790072844908,22.371704990585446,0.03902407511303535,0.011591658755351565,0.03424722841899397,11.423069106517678,0.7720792802222489,0.0021174162455062043,0.0021739376775804253
1,580.816047227725,501.12084963094435,1000,0.15789437294006348,False,22.64620038433098,22.29267810309258,501.12084963094435,176.57347995408338,2.5658484301661586,9.601913991321934,19.514871210664115,0.9999796804495752,2.980083878136456e-05,0.27389750748760516,0.23072980317702932,505.38484600699144,5.729217950610312,22.360913163552762,0.05153983108850592,0.01352040704527152,0.03882015229448046,12.987106947332455,0.9864083435635513,0.0028662726798068237,0.0021709971864023207
