experiment_num,initial_value,final_value,iterations,runtime,success,distance_to_minimum,f_error,initial_gradient_norm,final_gradient_norm,mean_gradient_norm,mean_cosine_similarity,mean_gradient_angle,std_gradient_norm,std_cosine_similarity,std_gradient_angle
0,7.352890114336599,6.559678837783174,1000,0.19075393676757812,False,2.792566468753868,6.559678837783174,7.029158559976569,0.05949095587262228,0.1319936642854925,0.6095108816281276,43.975327311001244,0.5773693208678659,0.5433765014686479,42.065279338210104
1,11.496882878478212,9.001104083548078,1000,0.1929490566253662,False,4.213569585339353,9.001104083548078,2.6405651460657906,0.033466108533433556,0.21220058683423784,0.6314877976014311,42.79315608410925,0.7953758642870005,0.5046201285280503,38.83336007450436
