experiment_num,initial_value,final_value,iterations,runtime,success,distance_to_minimum,f_error,initial_gradient_norm,final_gradient_norm,mean_gradient_norm,mean_cosine_similarity,mean_gradient_angle,std_gradient_norm,std_cosine_similarity,std_gradient_angle
0,39.67406609896369,29.8375981112384,1000,0.1453993320465088,False,3.370862572770151,29.8375981112384,60.11158421862222,56.613000658891174,66.89978457956906,-0.7443171067045916,146.40219670095587,15.660240352173734,0.38401813882394087,31.79874104570275
1,39.76828274559682,38.40032355960174,1000,0.14029598236083984,False,2.699463097620872,38.40032355960174,61.85053517541833,79.0799526765318,72.96411864913095,-0.9151513546201001,163.3618238330615,8.99797035763809,0.16575651561988886,18.028120345320744
