method,dimension,iteration,x,f_val,dist_to_min,step_size,grad_norm,grad_cosine_sim,rel_improvement_f,rel_improvement_dist,rel_improvement_grad
NewtonRaphson,128,0,,1.0485600147367222,2.880466469624106,,0.7269090953978884,,,,
NewtonRaphson,128,1,,0.0016291982174152508,0.001129222522176684,2.8806089176639746,0.0001876152679840704,-0.2009826580827952,0.9984462518172369,0.9996079723426449,0.999741899958094
NewtonRaphson,128,2,,0.0016291284773615189,0.000524503685769941,0.0007434218057907123,1.063272201688724e-09,0.06918225614547509,4.280636511043564e-05,0.5355178669666364,0.999994332698969
