method,dimension,iteration,x,f_val,dist_to_min,step_size,grad_norm,grad_cosine_sim,rel_improvement_f,rel_improvement_dist,rel_improvement_grad
NewtonRaphson,128,0,,0.9985157408082159,2.810743076392087,,0.709325068418928,,,,
NewtonRaphson,128,1,,0.0016291845822706819,0.001070463440468825,2.8108934123872378,0.00016827580642356685,-0.18652121523172044,0.9983683936910679,0.9996191528676314,0.9997627663057241
NewtonRaphson,128,2,,0.0016291284700855613,0.000524503243780528,0.0006667897922432691,9.90913027413829e-10,0.012524573843131031,3.4441883216434584e-05,0.5100222726421986,0.9999941113755538
