method,dimension,iteration,x,f_val,dist_to_min,step_size,grad_norm,grad_cosine_sim,rel_improvement_f,rel_improvement_dist,rel_improvement_grad
NewtonRaphson,128,0,,0.5926920971396612,2.1642849164659017,,0.5461888731995624,,,,
NewtonRaphson,128,1,,0.0016291504143737257,0.0008379106423850507,2.1643605217320925,0.00010522177899263926,-0.1427066321567055,0.9972512702257444,0.9996128464251586,0.9998073527599047
NewtonRaphson,128,2,,0.0016291284700855613,0.000524503578624064,0.0004169388796372311,5.196893342725508e-10,0.25610696080355577,1.3469774166195076e-05,0.37403399349230926,0.9999950610098094
