method,dimension,iteration,x,f_val,dist_to_min,step_size,grad_norm,grad_cosine_sim,rel_improvement_f,rel_improvement_dist,rel_improvement_grad
NewtonRaphson,128,0,,1.7886474434053525,3.7633080825862844,,0.9497098126987372,,,,
NewtonRaphson,128,1,,0.0016293154330924153,0.0015858527941798892,3.763415998301616,0.00030718374038030756,-0.12873043014676372,0.9990890796064369,0.9995786013902188,0.9996765498931643
NewtonRaphson,128,2,,0.0016291284700855613,0.0005245038054581116,0.0012172077752404644,1.5617948592791805e-09,0.3419226420299242,0.0001147494236270778,0.6692607237045892,0.9999949157632583
