method,dimension,iteration,x,f_val,dist_to_min,step_size,grad_norm,grad_cosine_sim,rel_improvement_f,rel_improvement_dist,rel_improvement_grad
NewtonRaphson,128,0,,0.8044167963817017,2.5223280060020405,,0.6365384394660124,,,,
NewtonRaphson,128,1,,0.0016291714273393154,0.0009784124533012521,2.5224248078451788,0.00014721234373845258,-0.16415398387320349,0.9979747172924939,0.999612099437118,0.9997687298447177
NewtonRaphson,128,2,,0.0016291284700855613,0.0005245035104236576,0.0005833255388126644,7.501744926839321e-10,0.2383381483658041,2.6367546737727086e-05,0.4639239222130347,0.9999949041332158
