method,dimension,iteration,x,f_val,dist_to_min,step_size,grad_norm,grad_cosine_sim,rel_improvement_f,rel_improvement_dist,rel_improvement_grad
NewtonRaphson,128,0,,1.6674313695184537,3.633467293882239,,0.9169343967595969,,,,
NewtonRaphson,128,1,,0.0016293438166030683,0.0016379696631220826,3.6335428337793707,0.00032967935720225463,-0.12313559041324068,0.9990228420513202,0.9995491992824925,0.9996404548042179
NewtonRaphson,128,2,,0.0016291284700855613,0.0005245047431830954,0.0013063442012384138,1.3826606655618472e-09,0.7417384834853804,0.00013216763418045878,0.679783603450046,0.9999958060441598
