method,dimension,iteration,x,f_val,dist_to_min,step_size,grad_norm,grad_cosine_sim,rel_improvement_f,rel_improvement_dist,rel_improvement_grad
NewtonRaphson,128,0,,1.1413433134439401,3.0053565627771452,,0.7585068724281413,,,,
NewtonRaphson,128,1,,0.0016291872234432958,0.00109000596299079,3.0049852009161007,0.00017218382074746168,0.3866460592673896,0.9985725704051944,0.9996373122655425,0.9997729963603411
NewtonRaphson,128,2,,0.0016291284773615189,0.0005245038208211551,0.0006822742241002555,8.234790162039409e-10,0.32236492971825154,3.605852104140421e-05,0.5188064665426175,0.9999952174425412
