experiment_num,initial_value,final_value,iterations,runtime,success,distance_to_minimum,f_error,initial_gradient_norm,final_gradient_norm,mean_gradient_norm,mean_cosine_similarity,mean_gradient_angle,std_gradient_norm,std_cosine_similarity,std_gradient_angle
0,8.759315841358463,2.55730999443333e-12,247,0.029079675674438477,True,1.1533666817933645e-06,2.55730999443333e-12,8.180116885960693,4.477240479562347e-06,0.44378383060122095,0.9328701045709775,11.163276648189928,1.2046533563265287,0.22078286205276118,21.291291963463802
1,21.25025902067968,3.2045980657941365e-12,247,0.02669978141784668,True,1.6829279276984765e-06,3.2045980657941365e-12,9.730065336612952,3.974569852312289e-06,0.5723202809223219,0.9697589135338972,9.127056808992705,1.5343422795817363,0.13664907315448632,13.207936132831026
