experiment_num,initial_value,final_value,iterations,runtime,success,distance_to_minimum,f_error,initial_gradient_norm,final_gradient_norm,mean_gradient_norm,mean_cosine_similarity,mean_gradient_angle,std_gradient_norm,std_cosine_similarity,std_gradient_angle
0,7.8215381032365805,5.381864187490191,54,0.011498451232910156,True,2.196556373943421,5.381864187490191,6.175142914767517,1.3525488698287015e-07,2.4170728654192337,0.9998503349269083,0.855009457306997,2.9978129293718223,0.00014166857877651167,0.5016455034961763
1,9.941713663508342,7.182273123910745,1000,0.16912150382995605,False,3.124589751795365,7.182273123910745,2.645813530798977,0.37164425120949957,0.5480571044631783,-0.8715554764033345,168.38059914849785,0.9842265768999513,0.4889169943410213,43.76824810550176
