experiment_num,initial_value,final_value,iterations,runtime,success,distance_to_minimum,f_error,initial_gradient_norm,final_gradient_norm,mean_gradient_norm,mean_cosine_similarity,mean_gradient_angle,std_gradient_norm,std_cosine_similarity,std_gradient_angle
0,9.330944685108364,3.502346063008613e-08,1000,0.10755681991577148,False,0.00013817561889358778,3.502346063008613e-08,6.923285918909117,0.0005172441534788242,0.29001028926840816,0.9577118098135484,8.748523535479853,0.9273197694821892,0.17527930781443543,16.634596653763772
1,13.72434383426329,7.14711843798453e-08,1000,0.11861443519592285,False,0.0002244247115824087,7.14711843798453e-08,8.861535569434404,0.0006743312266292916,0.34041583865508673,0.9418723377790279,10.280526192681453,1.1292635657462948,0.21707384085346745,19.980565683384107
