experiment_num,initial_value,final_value,iterations,runtime,success,distance_to_minimum,f_error,initial_gradient_norm,final_gradient_norm,mean_gradient_norm,mean_cosine_similarity,mean_gradient_angle,std_gradient_norm,std_cosine_similarity,std_gradient_angle
0,8.898940743306333,7.961723905714063,1000,0.16719841957092285,False,3.5733192297264105,7.961723905714063,3.2984181613059094,0.03662732631327297,0.1430143584714489,0.6175659468301312,43.44320779288067,0.5916049859103449,0.5298949761561176,41.13464020822222
1,10.459587762749536,10.120352191256071,1000,0.16944336891174316,False,4.9734897375540825,10.120352191256071,4.980792420334267,0.012340346138344697,0.09623841183309112,0.6167362898204521,43.52908588975793,0.41186654627443137,0.5234776653784974,40.32286974060597
