experiment_num,initial_value,final_value,iterations,runtime,success,distance_to_minimum,f_error,initial_gradient_norm,final_gradient_norm,mean_gradient_norm,mean_cosine_similarity,mean_gradient_angle,std_gradient_norm,std_cosine_similarity,std_gradient_angle
0,5.763818396021675,4.999990000005002e-05,1000,0.1044456958770752,False,0.007071060740797664,4.999990000005002e-05,4.8015907347551705,0.014142121481595328,0.5632392386985708,-0.46388971090951325,131.78512313717488,1.1582618055223308,0.8792034890671364,78.22731849811889
1,19.414315161475415,4.999990000606598e-05,1000,0.12208032608032227,False,0.007071060741223057,4.999990000606598e-05,8.81233570887433,0.014142121482446115,1.9437053304100207,-0.04222670644478245,93.9068653086602,2.6980565139107795,0.9931613458047214,88.52570611689556
