method,dimension,iteration,x,f_val,dist_to_min,step_size,grad_norm,grad_cosine_sim,rel_improvement_f,rel_improvement_dist,rel_improvement_grad
NewtonRaphson,2048,0,,2802.3375576912804,3.8916230136269654,,1348.862328412543,,,,
NewtonRaphson,2048,1,,1205.6867864777596,11.989838826066755,13.324211937921838,617.2232216341301,-0.673023422578903,0.5697567613977702,-2.0809353280322775,0.5424119951807599
NewtonRaphson,2048,2,,1012.2612996465905,15.769837585756687,9.708924476672488,315.1658207251767,-0.5516903730809998,0.160427640910152,-0.31526685341857535,0.4893811352548289
NewtonRaphson,2048,3,,1002.0650432861294,16.178040091037087,3.476907061895556,179.85944577826808,-0.6075703701966704,0.01007275133803982,-0.025885016447416576,0.42931804799003
NewtonRaphson,2048,4,,1246.0183268602996,21.93095707956252,14.889356249189683,83.32162643198109,-0.12601635534686934,-0.24345054765523025,-0.3556003666793143,0.5367403359248614
NewtonRaphson,2048,5,,1250.8295168937257,21.929340802040127,0.4840406012220832,64.10188718599949,-0.8026406635316188,-0.003861251419591294,7.36984490248669e-05,0.2306692760212917
NewtonRaphson,2048,6,,1417.7335612803363,25.274819861866586,12.3140554672314,0.5125389720631528,-0.9975053973480982,-0.13343468644799442,-0.15255721045272932,0.9920043076021153
NewtonRaphson,2048,7,,1417.733926896297,25.274111898579914,0.0014286357315513607,0.001016153602725563,-0.9941469332029237,-2.5788763883661783e-07,2.8010616516406436e-05,0.9980174120250112
NewtonRaphson,2048,8,,1417.7339268977303,25.27411330258757,2.8239564718703443e-06,3.955481295512905e-09,0.9999999122685982,-1.011024440341958e-12,-5.555121622709896e-08,0.9999961073982467
