method,dimension,iteration,x,f_val,dist_to_min,step_size,grad_norm,grad_cosine_sim,rel_improvement_f,rel_improvement_dist,rel_improvement_grad
NewtonRaphson,2048,0,,939.8333538371226,2.2015262937975195,,834.8927752707775,,,,
NewtonRaphson,2048,1,,22.711417651389638,0.3396586906207687,2.4611948340044796,132.71586546914742,-0.7135862595748919,0.9758346332797574,0.8457167231762311,0.8410384310415141
NewtonRaphson,2048,2,,0.06029307365679415,0.01743638786466179,0.3514148868561376,6.9130702925224705,-0.6478639327168699,0.9973452527454575,0.9486649735568532,0.9479107470076397
NewtonRaphson,2048,3,,2.2341555450111628e-07,3.35577388458206e-05,0.01746377271079351,0.013315179660433791,-0.8154089125487491,0.9999962945071308,0.9980754191116709,0.9980739122998885
NewtonRaphson,2048,4,,0.0,4.918675219331006e-13,3.3557739336720126e-05,1.9516524941282007e-10,-0.9980319970122765,1.0,0.9999999853426501,0.99999998534265
