experiment_num,initial_value,final_value,iterations,runtime,success,distance_to_minimum,f_error,initial_gradient_norm,final_gradient_norm,mean_gradient_norm,mean_cosine_similarity,mean_gradient_angle,std_gradient_norm,std_cosine_similarity,std_gradient_angle
0,23.97052318703652,10.22302094634859,1000,0.1291816234588623,False,1.8213437575319689,10.22302094634859,92.27213650363322,60.82450282323899,70.12584883537004,-0.9478886902290491,165.49951468684696,9.873637965772259,0.08758617256727151,12.057749072012001
1,24.882764817868264,43.54338391380108,1000,0.12255692481994629,False,3.3330049797385604,43.54338391380108,57.74791949427404,76.25890472528785,78.07918369456026,-0.9979916143047189,177.95837122304627,3.119604955087885,0.02052205708419143,3.09492864203645
